UserID,Name,Surname,Email,Social Media Handle,Gender,Province,Race,Age,age_bucket,Sort_Order_age_bucket
34,Chas ,Biggers,Chas 351@yahoo.com,@Chas 35,MALE,FREE STATE,WHITE,55,55+,6
39,Wilburn ,Crotty,Wilburn 303@mail.com,@Wilburn 30,MALE,EASTERN CAPE,BLACK,54,45-54,5
63,Emerson ,Slane,Emerson 243@mail.com,@Emerson 24,MALE,KWAZULU NATAL,BLACK,51,45-54,5
90,Stacy ,Sytsma,Stacy 273@mail.com,@Stacy 27,MALE,KWAZULU NATAL,COLOURED,49,45-54,5
97,Lucas ,Woolard,Lucas 233@mail.com,@Lucas 23,MALE,FREE STATE,COLOURED,48,45-54,5
104,Randy ,Tancredi,Randy 393@mail.com,@Randy 39,MALE,GAUTENG,BLACK,47,45-54,5
107,Trudie ,Restivo,Trudie 502@gmail.com,@Trudie 50,FEMALE,GAUTENG,BLACK,47,45-54,5
108,Chas ,Luthy,Chas 352@gmail.com,@Chas 35,MALE,WESTERN CAPE,COLOURED,47,45-54,5
120,Jared ,Bilyeu,Jared 503@mail.com,@Jared 50,MALE,WESTERN CAPE,COLOURED,46,45-54,5
132,Carter ,Wigfall,Carter 33@mail.com,@Carter 3,MALE,GAUTENG,BLACK,45,45-54,5
135,Emerson ,Beville,Emerson 241@yahoo.com,@Emerson 24,MALE,GAUTENG,OTHER,45,45-54,5
138,Abel ,Hier,Abel 185@mailxyz.com,@Abel 18,MALE,EASTERN CAPE,UNKNOWN,45,45-54,5
146,Filiberto ,Jacox,Filiberto 43@mail.com,@Filiberto 4,MALE,WESTERN CAPE,UNKNOWN,45,45-54,5
164,Claud ,Borelli,Claud 345@mailxyz.com,@Claud 34,MALE,GAUTENG,BLACK,43,35-44,4
206,Valentine ,Tatham,Valentine 471@yahoo.com,@Valentine 47,MALE,FREE STATE,COLOURED,42,35-44,4
212,Kyle ,Martello,Kyle 63@mail.com,@Kyle 6,MALE,GAUTENG,BLACK,41,35-44,4
249,Markus ,Wigfall,Markus 192@gmail.com,@Markus 19,MALE,GAUTENG,BLACK,40,35-44,4
305,Jacinto ,Hier,Jacinto 254@abcmail.com,@Jacinto 25,MALE,EASTERN CAPE,BLACK,39,35-44,4
317,Lane ,Hier,Lane 111@yahoo.com,@Lane 11,MALE,NORTH WEST,BLACK,38,35-44,4
325,Torrie ,Mcclaine,Torrie 71@yahoo.com,@Torrie 7,FEMALE,GAUTENG,BLACK,38,35-44,4
338,Irving ,Vital,Irving 51@yahoo.com,@Irving 5,MALE,LIMPOPO,BLACK,38,35-44,4
345,Earl ,Mcclaine,Earl 423@mail.com,@Earl 42,MALE,GAUTENG,BLACK,38,35-44,4
385,Robby ,Slane,Robby 165@mailxyz.com,@Robby 16,MALE,GAUTENG,BLACK,37,35-44,4
444,Kyle ,Mcculloch,Kyle 65@mailxyz.com,@Kyle 6,MALE,GAUTENG,BLACK,35,35-44,4
450,Malika ,Sieren,Malika 84@abcmail.com,@Malika 8,FEMALE,EASTERN CAPE,UNKNOWN,35,35-44,4
464,Luanna ,Hoadley,Luanna 352@gmail.com,@Luanna 35,FEMALE,GAUTENG,BLACK,35,35-44,4
468,Shandra ,Mccollum,Shandra 483@mail.com,@Shandra 48,FEMALE,KWAZULU NATAL,BLACK,34,25-34,3
476,Hollis ,Mcculloch,Hollis 381@yahoo.com,@Hollis 38,MALE,MPUMALANGA,BLACK,34,25-34,3
477,Hyman ,Condie,Hyman 85@mailxyz.com,@Hyman 8,MALE,NORTH WEST,BLACK,34,25-34,3
479,Hollis ,Beville,Hollis 384@abcmail.com,@Hollis 38,MALE,GAUTENG,BLACK,34,25-34,3
507,Loyd ,Lavoie,Loyd 491@yahoo.com,@Loyd 49,MALE,GAUTENG,BLACK,34,25-34,3
537,Romeo ,Lavoie,Romeo 371@yahoo.com,@Romeo 37,MALE,GAUTENG,COLOURED,33,25-34,3
547,Donald ,Mcclaine,Donald 225@mailxyz.com,@Donald 22,MALE,GAUTENG,INDIAN_ASIAN,33,25-34,3
551,Lucas ,Lavoie,Lucas 233@mail.com,@Lucas 23,MALE,LIMPOPO,BLACK,33,25-34,3
553,Stacy ,Condie,Stacy 274@abcmail.com,@Stacy 27,MALE,LIMPOPO,WHITE,33,25-34,3
623,Royal ,Biggers,Royal 172@gmail.com,@Royal 17,MALE,GAUTENG,BLACK,31,25-34,3
649,Bret ,Gettys,Bret 313@mail.com,@Bret 31,MALE,MPUMALANGA,BLACK,31,25-34,3
655,Hugh,Mcculloch,Hugh15@mailxyz.com,@Hugh1,MALE,GAUTENG,WHITE,31,25-34,3
666,Cody ,Luthy,Cody 123@mail.com,@Cody 12,MALE,MPUMALANGA,COLOURED,31,25-34,3
675,Lillie ,Langenfeld,Lillie 231@yahoo.com,@Lillie 23,FEMALE,GAUTENG,BLACK,31,25-34,3
682,Abel ,Slane,Abel 185@mailxyz.com,@Abel 18,MALE,GAUTENG,BLACK,30,25-34,3
696,Shelley ,Reisinger,Shelley 434@abcmail.com,@Shelley 43,FEMALE,GAUTENG,WHITE,30,25-34,3
701,Trudie ,Restivo,Trudie 183@mail.com,@Trudie 18,FEMALE,GAUTENG,BLACK,30,25-34,3
775,Anette ,Leicht,Anette 394@abcmail.com,@Anette 39,FEMALE,GAUTENG,COLOURED,29,25-34,3
805,Cordie ,Singer,Cordie 331@yahoo.com,@Cordie 33,FEMALE,GAUTENG,WHITE,29,25-34,3
806,Michel ,Holt,Michel 203@mail.com,@Michel 20,MALE,GAUTENG,INDIAN_ASIAN,29,25-34,3
830,Yong ,Luthy,Yong 484@abcmail.com,@Yong 48,MALE,NORTHERN CAPE,BLACK,28,25-34,3
850,Romeo ,Crotty,Romeo 373@mail.com,@Romeo 37,MALE,WESTERN CAPE,COLOURED,28,25-34,3
854,Eli ,Mastrangelo,Eli 295@mailxyz.com,@Eli 29,MALE,FREE STATE,BLACK,28,25-34,3
857,Dee ,Borelli,Dee 213@mail.com,@Dee 21,MALE,EASTERN CAPE,BLACK,28,25-34,3
864,Emilie ,Deblois,Emilie 312@gmail.com,@Emilie 31,FEMALE,WESTERN CAPE,UNKNOWN,28,25-34,3
867,Jacinto ,Jacox,Jacinto 255@mailxyz.com,@Jacinto 25,MALE,NORTH WEST,WHITE,28,25-34,3
870,Bret ,Roquemore,Bret 312@gmail.com,@Bret 31,MALE,FREE STATE,WHITE,28,25-34,3
876,Abel ,Sytsma,Abel 183@mail.com,@Abel 18,MALE,KWAZULU NATAL,BLACK,28,25-34,3
909,Art ,Gettys,Art 405@mailxyz.com,@Art 40,MALE,KWAZULU NATAL,BLACK,27,25-34,3
912,Mellie ,Creager,Mellie 385@mailxyz.com,@Mellie 38,FEMALE,WESTERN CAPE,INDIAN_ASIAN,27,25-34,3
916,Jacinto ,Tancredi,Jacinto 251@yahoo.com,@Jacinto 25,MALE,EASTERN CAPE,BLACK,27,25-34,3
958,Jacinto ,Mina,Jacinto 251@yahoo.com,@Jacinto 25,MALE,MPUMALANGA,BLACK,26,25-34,3
959,Robby ,Hoadley,Robby 163@mail.com,@Robby 16,MALE,GAUTENG,BLACK,26,25-34,3
967,Filiberto ,Borelli,Filiberto 43@mail.com,@Filiberto 4,MALE,GAUTENG,UNKNOWN,26,25-34,3
972,Irving ,Martello,Irving 53@mail.com,@Irving 5,MALE,GAUTENG,BLACK,26,25-34,3
991,Lane ,Paradis,Lane 111@yahoo.com,@Lane 11,MALE,GAUTENG,BLACK,26,25-34,3
1012,Winona ,Wigfall,Winona 184@abcmail.com,@Winona 18,FEMALE,MPUMALANGA,BLACK,26,25-34,3
1031,Valentine ,Mina,Valentine 471@yahoo.com,@Valentine 47,MALE,GAUTENG,BLACK,25,25-34,3
1041,Irving ,Mccown,Irving 54@abcmail.com,@Irving 5,MALE,GAUTENG,UNKNOWN,25,25-34,3
1069,Shane ,Bilyeu,Shane 21@yahoo.com,@Shane 2,MALE,GAUTENG,BLACK,25,25-34,3
1075,Shandra ,Mccollum,Shandra 452@gmail.com,@Shandra 45,FEMALE,GAUTENG,BLACK,25,25-34,3
1081,Charlie ,Reisinger,Charlie 362@gmail.com,@Charlie 36,MALE,GAUTENG,WHITE,25,25-34,3
1095,Randy ,Paradis,Randy 393@mail.com,@Randy 39,MALE,WESTERN CAPE,COLOURED,24,18-24,2
1104,Romeo ,Restivo,Romeo 371@yahoo.com,@Romeo 37,MALE,GAUTENG,BLACK,24,18-24,2
1109,Randy ,Pilot,Randy 393@mail.com,@Randy 39,MALE,MPUMALANGA,UNKNOWN,24,18-24,2
1115,Adela ,Vital,Adela 165@mailxyz.com,@Adela 16,FEMALE,GAUTENG,BLACK,24,18-24,2
1144,Shane ,Beville,Shane 23@mail.com,@Shane 2,MALE,LIMPOPO,BLACK,24,18-24,2
1159,Kyle ,Zweifel,Kyle 65@mailxyz.com,@Kyle 6,MALE,GAUTENG,BLACK,23,18-24,2
1176,Chas ,Tatham,Chas 352@gmail.com,@Chas 35,MALE,WESTERN CAPE,UNKNOWN,23,18-24,2
1205,Chas ,Wigfall,Chas 355@mailxyz.com,@Chas 35,MALE,GAUTENG,WHITE,23,18-24,2
1211,Carter ,Zweifel,Carter 33@mail.com,@Carter 3,MALE,GAUTENG,BLACK,23,18-24,2
1214,Irving ,Styer,Irving 53@mail.com,@Irving 5,MALE,MPUMALANGA,BLACK,23,18-24,2
1242,Dee ,Curran,Dee 215@mailxyz.com,@Dee 21,MALE,MPUMALANGA,COLOURED,22,18-24,2
1247,Emerson ,Borelli,Emerson 245@mailxyz.com,@Emerson 24,MALE,MPUMALANGA,WHITE,22,18-24,2
1254,Lucas ,Bilyeu,Lucas 231@yahoo.com,@Lucas 23,MALE,GAUTENG,UNKNOWN,22,18-24,2
1258,Stephen ,Hier,Stephen 153@mail.com,@Stephen 15,MALE,LIMPOPO,BLACK,22,18-24,2
1264,Yong ,Luthy,Yong 484@abcmail.com,@Yong 48,MALE,FREE STATE,BLACK,22,18-24,2
1265,Art ,Beville,Art 403@mail.com,@Art 40,MALE,LIMPOPO,BLACK,22,18-24,2
1276,Donald ,Singer,Donald 224@abcmail.com,@Donald 22,MALE,LIMPOPO,BLACK,22,18-24,2
1324,Hugh,Langenfeld,Hugh11@yahoo.com,@Hugh1,MALE,WESTERN CAPE,BLACK,21,18-24,2
1331,Stacy ,Styer,Stacy 274@abcmail.com,@Stacy 27,MALE,LIMPOPO,BLACK,21,18-24,2
1362,Eli ,Pilot,Eli 294@abcmail.com,@Eli 29,MALE,GAUTENG,BLACK,19,18-24,2
1363,Winona ,Wigfall,Winona 124@abcmail.com,@Winona 12,FEMALE,MPUMALANGA,WHITE,19,18-24,2
1366,Robby ,Vital,Robby 161@yahoo.com,@Robby 16,MALE,KWAZULU NATAL,INDIAN_ASIAN,19,18-24,2
1373,Raymundo ,Mina,Raymundo 435@mailxyz.com,@Raymundo 43,MALE,KWAZULU NATAL,WHITE,19,18-24,2
1383,Valentine ,Tatham,Valentine 473@mail.com,@Valentine 47,MALE,GAUTENG,BLACK,18,18-24,2
1388,Irving ,Langenfeld,Irving 51@yahoo.com,@Irving 5,MALE,LIMPOPO,BLACK,18,18-24,2
1401,Yong ,Leicht,Yong 483@mail.com,@Yong 48,MALE,GAUTENG,UNKNOWN,17,<18,1
1437,Krysta ,Mastrangelo,Krysta 31@yahoo.com,@Krysta 3,FEMALE,GAUTENG,BLACK,14,<18,1
1440,Emilie ,Deblois,Emilie 93@mail.com,@Emilie 9,FEMALE,EASTERN CAPE,COLOURED,14,<18,1
1441,Luanna ,Hoadley,Luanna 375@mailxyz.com,@Luanna 37,FEMALE,GAUTENG,BLACK,14,<18,1
1445,Kip ,Luthy,Kip 141@yahoo.com,@Kip 14,MALE,NORTHERN CAPE,COLOURED,13,<18,1
1451,Efren ,Condie,Efren 135@mailxyz.com,@Efren 13,MALE,LIMPOPO,BLACK,12,<18,1
9194,Shane ,Mina,Shane 22@gmail.com,@Shane 2,MALE,WESTERN CAPE,COLOURED,36,35-44,4
18031,Lillie ,Langenfeld,Lillie 463@mail.com,@Lillie 46,FEMALE,GAUTENG,BLACK,37,35-44,4
18072,Art ,Creager,Art 402@gmail.com,@Art 40,MALE,WESTERN CAPE,WHITE,37,35-44,4
18136,Stephen ,Sytsma,Stephen 151@yahoo.com,@Stephen 15,MALE,GAUTENG,COLOURED,35,35-44,4
23925,Art ,Pool,Art 405@mailxyz.com,@Art 40,MALE,KWAZULU NATAL,BLACK,43,35-44,4
24110,Adela ,Vital,Adela 201@yahoo.com,@Adela 20,FEMALE,EASTERN CAPE,BLACK,38,35-44,4
28115,Valentine ,Sieren,Valentine 472@gmail.com,@Valentine 47,MALE,LIMPOPO,BLACK,44,35-44,4
28240,Michel ,Deblois,Michel 203@mail.com,@Michel 20,MALE,GAUTENG,UNKNOWN,40,35-44,4
33103,Kip ,Nicholls,Kip 145@mailxyz.com,@Kip 14,MALE,GAUTENG,COLOURED,26,25-34,3
36057,Efren ,Styer,Efren 131@yahoo.com,@Efren 13,MALE,EASTERN CAPE,BLACK,50,45-54,5
42284,Wilton ,Bilyeu,Wilton 413@mail.com,@Wilton 41,MALE,NORTHERN CAPE,COLOURED,36,35-44,4
51888,Katharina ,Condie,Katharina 135@mailxyz.com,@Katharina 13,FEMALE,MPUMALANGA,BLACK,24,18-24,2
56067,Eli ,Shkreli,Eli 292@gmail.com,@Eli 29,MALE,KWAZULU NATAL,BLACK,26,25-34,3
60711,Bernardo ,Gettys,Bernardo 322@gmail.com,@Bernardo 32,MALE,GAUTENG,BLACK,22,18-24,2
67584,Hollis ,Caves,Hollis 383@mail.com,@Hollis 38,MALE,WESTERN CAPE,WHITE,58,55+,6
69030,Stacy ,Tancredi,Stacy 275@mailxyz.com,@Stacy 27,MALE,FREE STATE,BLACK,37,35-44,4
69455,Yong ,Restivo,Yong 483@mail.com,@Yong 48,MALE,WESTERN CAPE,WHITE,35,35-44,4
69707,Samuel ,Pascarella,Samuel 264@abcmail.com,@Samuel 26,MALE,KWAZULU NATAL,INDIAN_ASIAN,34,25-34,3
69889,Hugh,Sytsma,Hugh11@yahoo.com,@Hugh1,MALE,WESTERN CAPE,COLOURED,33,25-34,3
71491,Filiberto ,Mastrangelo,Filiberto 45@mailxyz.com,@Filiberto 4,MALE,GAUTENG,OTHER,25,25-34,3
72316,Teresia ,Beville,Teresia 201@yahoo.com,@Teresia 20,FEMALE,MPUMALANGA,COLOURED,9,<18,1
85476,Briana ,Caves,Briana 402@gmail.com,@Briana 40,FEMALE,KWAZULU NATAL,BLACK,34,25-34,3
85945,Emerson ,Sytsma,Emerson 244@abcmail.com,@Emerson 24,MALE,GAUTENG,WHITE,30,25-34,3
86003,Randy ,Leicht,Randy 392@gmail.com,@Randy 39,MALE,GAUTENG,BLACK,30,25-34,3
86582,Royal ,Restivo,Royal 174@abcmail.com,@Royal 17,MALE,LIMPOPO,BLACK,25,25-34,3
91694,Irving ,Luthy,Irving 52@gmail.com,@Irving 5,MALE,GAUTENG,COLOURED,41,35-44,4
98046,Donald ,Zweifel,Donald 223@mail.com,@Donald 22,MALE,KWAZULU NATAL,BLACK,31,25-34,3
99045,Earl ,Shkreli,Earl 422@gmail.com,@Earl 42,MALE,LIMPOPO,OTHER,18,18-24,2
102190,Haywood ,Sieren,Haywood 94@abcmail.com,@Haywood 9,MALE,GAUTENG,WHITE,42,35-44,4
103451,Roxane ,Lavoie,Roxane 111@yahoo.com,@Roxane 11,FEMALE,GAUTENG,BLACK,27,25-34,3
103657,Romeo ,Tatham,Romeo 372@gmail.com,@Romeo 37,MALE,MPUMALANGA,WHITE,24,18-24,2
115255,Yong ,Jacox,Yong 481@yahoo.com,@Yong 48,MALE,KWAZULU NATAL,BLACK,40,35-44,4
115518,Bret ,Jacox,Bret 315@mailxyz.com,@Bret 31,MALE,GAUTENG,BLACK,36,35-44,4
119673,Lillian ,Borelli,Lillian 472@gmail.com,@Lillian 47,FEMALE,KWAZULU NATAL,WHITE,38,35-44,4
120169,Katharina ,Condie,Katharina 215@mailxyz.com,@Katharina 21,FEMALE,GAUTENG,BLACK,30,25-34,3
120870,Earl ,Jacox,Earl 424@abcmail.com,@Earl 42,MALE,MPUMALANGA,WHITE,18,18-24,2
135780,Wilburn ,Bilyeu,Wilburn 302@gmail.com,@Wilburn 30,MALE,KWAZULU NATAL,BLACK,47,45-54,5
140005,Hyman ,Martello,Hyman 85@mailxyz.com,@Hyman 8,MALE,EASTERN CAPE,COLOURED,29,25-34,3
150729,Wilburn ,Singer,Wilburn 305@mailxyz.com,@Wilburn 30,MALE,MPUMALANGA,WHITE,22,18-24,2
150741,Eula ,Mccown,Eula 294@abcmail.com,@Eula 29,FEMALE,GAUTENG,BLACK,22,18-24,2
159026,Iva ,Styer,Iva 213@mail.com,@Iva 21,FEMALE,GAUTENG,COLOURED,18,18-24,2
162361,Hugh,Caves,Hugh15@mailxyz.com,@Hugh1,MALE,GAUTENG,BLACK,33,25-34,3
162937,Brendan ,Luthy,Brendan 454@abcmail.com,@Brendan 45,MALE,GAUTENG,WHITE,24,18-24,2
163109,Haywood ,Lavoie,Haywood 93@mail.com,@Haywood 9,MALE,WESTERN CAPE,UNKNOWN,21,18-24,2
170792,Emerson ,Tancredi,Emerson 243@mail.com,@Emerson 24,MALE,GAUTENG,BLACK,31,25-34,3
178022,Len ,Mina,Len 443@mail.com,@Len 44,MALE,MPUMALANGA,WHITE,54,45-54,5
178813,Yong ,Gettys,Yong 484@abcmail.com,@Yong 48,MALE,GAUTENG,COLOURED,33,25-34,3
178992,Krysta ,Mastrangelo,Krysta 373@mail.com,@Krysta 37,FEMALE,LIMPOPO,INDIAN_ASIAN,30,25-34,3
183425,Wilburn ,Jacox,Wilburn 304@abcmail.com,@Wilburn 30,MALE,MPUMALANGA,BLACK,35,35-44,4
183982,Bess ,Jacox,Bess 151@yahoo.com,@Bess 15,FEMALE,GAUTENG,BLACK,27,25-34,3
187786,Iva ,Styer,Iva 265@mailxyz.com,@Iva 26,FEMALE,KWAZULU NATAL,WHITE,37,35-44,4
189027,Earl ,Paradis,Earl 422@gmail.com,@Earl 42,MALE,FREE STATE,COLOURED,13,<18,1
196084,Bernardo ,Langenfeld,Bernardo 321@yahoo.com,@Bernardo 32,MALE,NORTHERN CAPE,COLOURED,43,35-44,4
202019,Irving ,Creager,Irving 55@mailxyz.com,@Irving 5,MALE,WESTERN CAPE,INDIAN_ASIAN,25,25-34,3
206207,Markus ,Sieren,Markus 191@yahoo.com,@Markus 19,MALE,GAUTENG,INDIAN_ASIAN,27,25-34,3
210187,Wilburn ,Lavoie,Wilburn 303@mail.com,@Wilburn 30,MALE,NORTH WEST,BLACK,31,25-34,3
220052,Emilie ,Deblois,Emilie 444@abcmail.com,@Emilie 44,FEMALE,NORTHERN CAPE,WHITE,22,18-24,2
220098,Romeo ,Singer,Romeo 373@mail.com,@Romeo 37,MALE,EASTERN CAPE,WHITE,21,18-24,2
223263,Hugh,Leicht,Hugh13@mail.com,@Hugh1,MALE,LIMPOPO,WHITE,54,45-54,5
229151,Lane ,Mcclaine,Lane 113@mail.com,@Lane 11,MALE,GAUTENG,BLACK,25,25-34,3
233448,Luanna ,Hoadley,Luanna 435@mailxyz.com,@Luanna 43,FEMALE,EASTERN CAPE,COLOURED,30,25-34,3
237510,Earline ,Zweifel,Earline 282@gmail.com,@Earline 28,FEMALE,GAUTENG,BLACK,42,35-44,4
241871,Claud ,Creager,Claud 345@mailxyz.com,@Claud 34,MALE,GAUTENG,WHITE,39,35-44,4
246335,Raymundo ,Pascarella,Raymundo 433@mail.com,@Raymundo 43,MALE,WESTERN CAPE,COLOURED,32,25-34,3
252969,Royal ,Arrieta,Royal 171@yahoo.com,@Royal 17,MALE,EASTERN CAPE,COLOURED,18,18-24,2
257303,Jacinto ,Zweifel,Jacinto 251@yahoo.com,@Jacinto 25,MALE,WESTERN CAPE,COLOURED,25,25-34,3
257502,Gretta ,Mosser,Gretta 481@yahoo.com,@Gretta 48,FEMALE,LIMPOPO,BLACK,22,18-24,2
264705,Dia ,Arrieta,Dia 334@abcmail.com,@Dia 33,FEMALE,MPUMALANGA,BLACK,37,35-44,4
266766,Krysta ,Mastrangelo,Krysta 452@gmail.com,@Krysta 45,FEMALE,GAUTENG,BLACK,29,25-34,3
266792,Claud ,Mcclaine,Claud 344@abcmail.com,@Claud 34,MALE,GAUTENG,COLOURED,28,25-34,3
268737,Wilburn ,Mccown,Wilburn 305@mailxyz.com,@Wilburn 30,MALE,GAUTENG,BLACK,23,18-24,2
301011,Robby ,Caves,Robby 162@gmail.com,@Robby 16,MALE,NORTH WEST,BLACK,47,45-54,5
302333,Mellie ,Creager,Mellie 145@mailxyz.com,@Mellie 14,FEMALE,GAUTENG,BLACK,22,18-24,2
304349,Valentine ,Mcclaine,Valentine 475@mailxyz.com,@Valentine 47,MALE,UNKNOWN,UNKNOWN,0,<18,1
304977,Desirae ,Luthy,Desirae 455@mailxyz.com,@Desirae 45,FEMALE,FREE STATE,BLACK,45,45-54,5
305730,Mellie ,Creager,Mellie 32@gmail.com,@Mellie 3,FEMALE,KWAZULU NATAL,BLACK,30,25-34,3
320909,Valentine ,Mosser,Valentine 472@gmail.com,@Valentine 47,MALE,WESTERN CAPE,OTHER,36,35-44,4
325546,Cody ,Slane,Cody 124@abcmail.com,@Cody 12,MALE,MPUMALANGA,BLACK,26,25-34,3
332788,Art ,Shkreli,Art 403@mail.com,@Art 40,MALE,GAUTENG,UNKNOWN,38,35-44,4
341651,Haywood ,Tatham,Haywood 92@gmail.com,@Haywood 9,MALE,WESTERN CAPE,WHITE,16,<18,1
366496,Alissa ,Woolard,Alissa 143@mail.com,@Alissa 14,FEMALE,GAUTENG,BLACK,18,18-24,2
370331,Epifania ,Crotty,Epifania 65@mailxyz.com,@Epifania 6,FEMALE,GAUTENG,WHITE,39,35-44,4
370637,Valentine ,Martello,Valentine 472@gmail.com,@Valentine 47,MALE,WESTERN CAPE,COLOURED,34,25-34,3
371772,Nubia ,Sytsma,Nubia 45@mailxyz.com,@Nubia 4,FEMALE,EASTERN CAPE,INDIAN_ASIAN,9,<18,1
375502,Markus ,Condie,Markus 194@abcmail.com,@Markus 19,MALE,LIMPOPO,INDIAN_ASIAN,26,25-34,3
375711,Dee ,Curran,Dee 215@mailxyz.com,@Dee 21,MALE,GAUTENG,WHITE,23,18-24,2
390286,Lloyd ,Mccown,Lloyd 74@abcmail.com,@Lloyd 7,MALE,KWAZULU NATAL,UNKNOWN,25,25-34,3
390361,Minerva ,Marek,Minerva 205@mailxyz.com,@Minerva 20,FEMALE,GAUTENG,COLOURED,24,18-24,2
393552,Garry ,Hoadley,Garry 281@yahoo.com,@Garry 28,MALE,WESTERN CAPE,COLOURED,33,25-34,3
394624,Emerson ,Pilot,Emerson 241@yahoo.com,@Emerson 24,MALE,MPUMALANGA,WHITE,13,<18,1
397995,Samuel ,Mina,Samuel 263@mail.com,@Samuel 26,MALE,GAUTENG,BLACK,25,25-34,3
404205,Wilton ,Leicht,Wilton 413@mail.com,@Wilton 41,MALE,KWAZULU NATAL,BLACK,45,45-54,5
411036,Eula ,Mccown,Eula 395@mailxyz.com,@Eula 39,FEMALE,WESTERN CAPE,WHITE,27,25-34,3
411548,Shane ,Roquemore,Shane 21@yahoo.com,@Shane 2,MALE,KWAZULU NATAL,BLACK,15,<18,1
426407,Irving ,Jacox,Irving 52@gmail.com,@Irving 5,MALE,WESTERN CAPE,UNKNOWN,27,25-34,3
432435,Cory ,Woolard,Cory 101@yahoo.com,@Cory 10,MALE,KWAZULU NATAL,BLACK,53,45-54,5
433262,Carter ,Biggers,Carter 32@gmail.com,@Carter 3,MALE,LIMPOPO,BLACK,29,25-34,3
436474,Lillie ,Langenfeld,Lillie 114@abcmail.com,@Lillie 11,FEMALE,GAUTENG,BLACK,42,35-44,4
440632,Gretta ,Mosser,Gretta 334@abcmail.com,@Gretta 33,FEMALE,WESTERN CAPE,COLOURED,32,25-34,3
443916,Bess ,Jacox,Bess 61@yahoo.com,@Bess 6,FEMALE,GAUTENG,WHITE,39,35-44,4
447555,Cory ,Singer,Cory 103@mail.com,@Cory 10,MALE,MPUMALANGA,BLACK,38,35-44,4
469412,Stacy ,Sieren,Stacy 272@gmail.com,@Stacy 27,MALE,WESTERN CAPE,UNKNOWN,46,45-54,5
469821,Cory ,Arrieta,Cory 105@mailxyz.com,@Cory 10,MALE,GAUTENG,BLACK,36,35-44,4
474745,Garry ,Shkreli,Garry 284@abcmail.com,@Garry 28,MALE,LIMPOPO,BLACK,18,18-24,2
478172,Loyd ,Mcculloch,Loyd 492@gmail.com,@Loyd 49,MALE,NORTH WEST,WHITE,26,25-34,3
481770,Filiberto ,Hoadley,Filiberto 42@gmail.com,@Filiberto 4,MALE,KWAZULU NATAL,INDIAN_ASIAN,28,25-34,3
488096,Stacy ,Paradis,Stacy 273@mail.com,@Stacy 27,MALE,GAUTENG,BLACK,51,45-54,5
491723,Lloyd ,Mccollum,Lloyd 73@mail.com,@Lloyd 7,MALE,WESTERN CAPE,COLOURED,51,45-54,5
491753,Desirae ,Luthy,Desirae 471@yahoo.com,@Desirae 47,FEMALE,KWAZULU NATAL,WHITE,50,45-54,5
492769,Loyd ,Wigfall,Loyd 491@yahoo.com,@Loyd 49,MALE,GAUTENG,BLACK,25,25-34,3
492897,Samuel ,Sytsma,Samuel 265@mailxyz.com,@Samuel 26,MALE,MPUMALANGA,COLOURED,23,18-24,2
496120,Hollis ,Crotty,Hollis 385@mailxyz.com,@Hollis 38,MALE,FREE STATE,BLACK,27,25-34,3
499367,Brendan ,Mosser,Brendan 454@abcmail.com,@Brendan 45,MALE,WESTERN CAPE,BLACK,32,25-34,3
507286,Yolonda ,Pascarella,Yolonda 324@abcmail.com,@Yolonda 32,FEMALE,EASTERN CAPE,UNKNOWN,11,<18,1
512519,Haywood ,Crotty,Haywood 92@gmail.com,@Haywood 9,MALE,GAUTENG,BLACK,54,45-54,5
517144,Cody ,Mastrangelo,Cody 121@yahoo.com,@Cody 12,MALE,MPUMALANGA,BLACK,29,25-34,3
520552,Shelley ,Reisinger,Shelley 304@abcmail.com,@Shelley 30,FEMALE,EASTERN CAPE,BLACK,33,25-34,3
521247,Hollis ,Marek,Hollis 384@abcmail.com,@Hollis 38,MALE,MPUMALANGA,BLACK,21,18-24,2
530287,Brendan ,Langenfeld,Brendan 452@gmail.com,@Brendan 45,MALE,MPUMALANGA,INDIAN_ASIAN,33,25-34,3
530321,Tiffani ,Pilot,Tiffani 383@mail.com,@Tiffani 38,FEMALE,LIMPOPO,BLACK,33,25-34,3
530495,Nubia ,Sytsma,Nubia 405@mailxyz.com,@Nubia 40,FEMALE,GAUTENG,BLACK,30,25-34,3
531053,Hollis ,Marek,Hollis 385@mailxyz.com,@Hollis 38,MALE,WESTERN CAPE,COLOURED,18,18-24,2
533013,Lloyd ,Pilot,Lloyd 72@gmail.com,@Lloyd 7,MALE,EASTERN CAPE,COLOURED,56,55+,6
534080,Shane ,Luthy,Shane 21@yahoo.com,@Shane 2,MALE,EASTERN CAPE,WHITE,23,18-24,2
536151,Lillian ,Borelli,Lillian 233@mail.com,@Lillian 23,FEMALE,WESTERN CAPE,WHITE,42,35-44,4
539176,Brendan ,Sieren,Brendan 454@abcmail.com,@Brendan 45,MALE,WESTERN CAPE,UNKNOWN,49,45-54,5
542553,Jared ,Marek,Jared 503@mail.com,@Jared 50,MALE,WESTERN CAPE,COLOURED,47,45-54,5
543441,Stephen ,Zweifel,Stephen 155@mailxyz.com,@Stephen 15,MALE,GAUTENG,WHITE,25,25-34,3
543495,Loyd ,Langenfeld,Loyd 495@mailxyz.com,@Loyd 49,MALE,GAUTENG,WHITE,24,18-24,2
549030,Valentine ,Curran,Valentine 475@mailxyz.com,@Valentine 47,MALE,WESTERN CAPE,UNKNOWN,42,35-44,4
549032,Stephen ,Borelli,Stephen 155@mailxyz.com,@Stephen 15,MALE,GAUTENG,BLACK,42,35-44,4
549789,Dion ,Zweifel,Dion 334@abcmail.com,@Dion 33,MALE,GAUTENG,BLACK,25,25-34,3
549843,Shandra ,Mccollum,Shandra 262@gmail.com,@Shandra 26,FEMALE,NORTH WEST,BLACK,24,18-24,2
549969,Stacy ,Pool,Stacy 272@gmail.com,@Stacy 27,MALE,MPUMALANGA,INDIAN_ASIAN,21,18-24,2
552589,Markus ,Curran,Markus 195@mailxyz.com,@Markus 19,MALE,GAUTENG,UNKNOWN,32,25-34,3
555618,Kip ,Mccollum,Kip 145@mailxyz.com,@Kip 14,MALE,EASTERN CAPE,COLOURED,47,45-54,5
559277,Wilton ,Creager,Wilton 413@mail.com,@Wilton 41,MALE,WESTERN CAPE,UNKNOWN,26,25-34,3
568131,Art ,Crotty,Art 401@yahoo.com,@Art 40,MALE,GAUTENG,BLACK,34,25-34,3
575079,Samuel ,Holt,Samuel 265@mailxyz.com,@Samuel 26,MALE,KWAZULU NATAL,BLACK,43,35-44,4
575863,Carter ,Arrieta,Carter 33@mail.com,@Carter 3,MALE,MPUMALANGA,WHITE,26,25-34,3
575881,Hugh,Shkreli,Hugh12@gmail.com,@Hugh1,MALE,WESTERN CAPE,COLOURED,26,25-34,3
576231,Emerson ,Paradis,Emerson 243@mail.com,@Emerson 24,MALE,KWAZULU NATAL,BLACK,17,<18,1
578540,Samuel ,Borelli,Samuel 263@mail.com,@Samuel 26,MALE,EASTERN CAPE,BLACK,51,45-54,5
581681,Randy ,Vital,Randy 394@abcmail.com,@Randy 39,MALE,GAUTENG,WHITE,48,45-54,5
582217,Robby ,Holt,Robby 164@abcmail.com,@Robby 16,MALE,MPUMALANGA,BLACK,34,25-34,3
582393,Lloyd ,Mcclaine,Lloyd 73@mail.com,@Lloyd 7,MALE,KWAZULU NATAL,INDIAN_ASIAN,30,25-34,3
582516,Cody ,Nicholls,Cody 125@mailxyz.com,@Cody 12,MALE,GAUTENG,BLACK,28,25-34,3
582615,Filiberto ,Condie,Filiberto 42@gmail.com,@Filiberto 4,MALE,FREE STATE,UNKNOWN,26,25-34,3
582881,Epifania ,Crotty,Epifania 32@gmail.com,@Epifania 3,FEMALE,NORTHERN CAPE,COLOURED,20,18-24,2
585153,Kip ,Hoadley,Kip 144@abcmail.com,@Kip 14,MALE,FREE STATE,WHITE,51,45-54,5
585283,Bernardo ,Reisinger,Bernardo 325@mailxyz.com,@Bernardo 32,MALE,GAUTENG,BLACK,45,45-54,5
585356,Randy ,Mcculloch,Randy 393@mail.com,@Randy 39,MALE,WESTERN CAPE,COLOURED,43,35-44,4
585415,Randy ,Sieren,Randy 395@mailxyz.com,@Randy 39,MALE,MPUMALANGA,BLACK,41,35-44,4
585562,Lesli ,Martello,Lesli 205@mailxyz.com,@Lesli 20,FEMALE,NORTHERN CAPE,UNKNOWN,38,35-44,4
585655,Lane ,Crotty,Lane 111@yahoo.com,@Lane 11,MALE,NORTH WEST,WHITE,36,35-44,4
585704,Art ,Jacox,Art 403@mail.com,@Art 40,MALE,MPUMALANGA,UNKNOWN,35,35-44,4
585831,Lillian ,Borelli,Lillian 221@yahoo.com,@Lillian 22,FEMALE,GAUTENG,WHITE,33,25-34,3
585833,Wilburn ,Leicht,Wilburn 301@yahoo.com,@Wilburn 30,MALE,GAUTENG,WHITE,33,25-34,3
586144,Cory ,Jacox,Cory 105@mailxyz.com,@Cory 10,MALE,LIMPOPO,WHITE,28,25-34,3
586305,Loyd ,Paradis,Loyd 493@mail.com,@Loyd 49,MALE,LIMPOPO,BLACK,25,25-34,3
586442,Wilton ,Beville,Wilton 411@yahoo.com,@Wilton 41,MALE,LIMPOPO,WHITE,22,18-24,2
586459,Lucas ,Hier,Lucas 233@mail.com,@Lucas 23,MALE,FREE STATE,BLACK,22,18-24,2
586480,Stephen ,Restivo,Stephen 153@mail.com,@Stephen 15,MALE,MPUMALANGA,BLACK,22,18-24,2
586564,Stefan ,Mccown,Stefan 463@mail.com,@Stefan 46,MALE,GAUTENG,COLOURED,19,18-24,2
588935,Cordie ,Singer,Cordie 63@mail.com,@Cordie 6,FEMALE,WESTERN CAPE,COLOURED,51,45-54,5
588987,Stefan ,Jacox,Stefan 461@yahoo.com,@Stefan 46,MALE,GAUTENG,BLACK,48,45-54,5
589137,Lesli ,Martello,Lesli 364@abcmail.com,@Lesli 36,FEMALE,GAUTENG,UNKNOWN,42,35-44,4
589200,Bernardo ,Singer,Bernardo 325@mailxyz.com,@Bernardo 32,MALE,KWAZULU NATAL,UNKNOWN,41,35-44,4
589286,Abel ,Crotty,Abel 185@mailxyz.com,@Abel 18,MALE,GAUTENG,UNKNOWN,39,35-44,4
589895,Efren ,Zweifel,Efren 131@yahoo.com,@Efren 13,MALE,EASTERN CAPE,WHITE,27,25-34,3
590330,Michel ,Arrieta,Michel 205@mailxyz.com,@Michel 20,MALE,MPUMALANGA,WHITE,18,18-24,2
590480,Mellie ,Creager,Mellie 411@yahoo.com,@Mellie 41,FEMALE,WESTERN CAPE,INDIAN_ASIAN,10,<18,1
592732,Hugh,Bilyeu,Hugh14@abcmail.com,@Hugh1,MALE,LIMPOPO,BLACK,45,45-54,5
592782,Valentine ,Shkreli,Valentine 471@yahoo.com,@Valentine 47,MALE,GAUTENG,BLACK,43,35-44,4
593079,Len ,Crotty,Len 444@abcmail.com,@Len 44,MALE,GAUTENG,WHITE,37,35-44,4
593270,Rebecka ,Shkreli,Rebecka 242@gmail.com,@Rebecka 24,FEMALE,NORTH WEST,WHITE,33,25-34,3
593622,Meghann ,Curran,Meghann 224@abcmail.com,@Meghann 22,FEMALE,GAUTENG,BLACK,27,25-34,3
593624,Efren ,Wigfall,Efren 133@mail.com,@Efren 13,MALE,EASTERN CAPE,OTHER,27,25-34,3
593674,Earl ,Sytsma,Earl 424@abcmail.com,@Earl 42,MALE,WESTERN CAPE,UNKNOWN,26,25-34,3
593678,Garry ,Deblois,Garry 284@abcmail.com,@Garry 28,MALE,KWAZULU NATAL,BLACK,26,25-34,3
593867,Hyman ,Sieren,Hyman 83@mail.com,@Hyman 8,MALE,GAUTENG,WHITE,23,18-24,2
596255,Royal ,Mccollum,Royal 175@mailxyz.com,@Royal 17,MALE,GAUTENG,UNKNOWN,54,45-54,5
596302,Lloyd ,Reisinger,Lloyd 73@mail.com,@Lloyd 7,MALE,GAUTENG,WHITE,50,45-54,5
596429,Samuel ,Caves,Samuel 261@yahoo.com,@Samuel 26,MALE,GAUTENG,WHITE,44,35-44,4
596969,Teresia ,Beville,Teresia 505@mailxyz.com,@Teresia 50,FEMALE,GAUTENG,BLACK,33,25-34,3
597265,Donald ,Roquemore,Donald 221@yahoo.com,@Donald 22,MALE,GAUTENG,BLACK,28,25-34,3
597268,Michel ,Deblois,Michel 204@abcmail.com,@Michel 20,MALE,EASTERN CAPE,BLACK,28,25-34,3
597416,Kyle ,Crotty,Kyle 63@mail.com,@Kyle 6,MALE,GAUTENG,BLACK,25,25-34,3
597491,Stephen ,Sieren,Stephen 152@gmail.com,@Stephen 15,MALE,GAUTENG,BLACK,24,18-24,2
597503,Lucas ,Mcclaine,Lucas 231@yahoo.com,@Lucas 23,MALE,GAUTENG,WHITE,24,18-24,2
597546,Len ,Mastrangelo,Len 441@yahoo.com,@Len 44,MALE,KWAZULU NATAL,BLACK,23,18-24,2
600115,Royal ,Mccown,Royal 171@yahoo.com,@Royal 17,MALE,MPUMALANGA,WHITE,44,35-44,4
600435,Loyd ,Crotty,Loyd 491@yahoo.com,@Loyd 49,MALE,WESTERN CAPE,BLACK,36,35-44,4
600446,Robby ,Mcculloch,Robby 164@abcmail.com,@Robby 16,MALE,EASTERN CAPE,BLACK,36,35-44,4
600667,Carter ,Pascarella,Carter 32@gmail.com,@Carter 3,MALE,WESTERN CAPE,COLOURED,32,25-34,3
600682,Eli ,Mcclaine,Eli 292@gmail.com,@Eli 29,MALE,KWAZULU NATAL,BLACK,31,25-34,3
600713,Chas ,Mccown,Chas 351@yahoo.com,@Chas 35,MALE,KWAZULU NATAL,BLACK,31,25-34,3
600911,Kip ,Hoadley,Kip 145@mailxyz.com,@Kip 14,MALE,EASTERN CAPE,BLACK,28,25-34,3
600984,Robby ,Lavoie,Robby 163@mail.com,@Robby 16,MALE,MPUMALANGA,BLACK,27,25-34,3
601019,Stacy ,Hoadley,Stacy 273@mail.com,@Stacy 27,MALE,EASTERN CAPE,INDIAN_ASIAN,26,25-34,3
601098,Wilburn ,Pool,Wilburn 304@abcmail.com,@Wilburn 30,MALE,GAUTENG,BLACK,25,25-34,3
601176,Filiberto ,Pool,Filiberto 43@mail.com,@Filiberto 4,MALE,MPUMALANGA,WHITE,23,18-24,2
601178,Tiffani ,Pilot,Tiffani 93@mail.com,@Tiffani 9,FEMALE,FREE STATE,BLACK,23,18-24,2
601422,Seema ,Fudge,Seema 462@gmail.com,@Seema 46,FEMALE,WESTERN CAPE,OTHER,10,<18,1
603546,Yong ,Bilyeu,Yong 482@gmail.com,@Yong 48,MALE,GAUTENG,UNKNOWN,51,45-54,5
603558,Markus ,Crotty,Markus 193@mail.com,@Markus 19,MALE,GAUTENG,BLACK,50,45-54,5
603910,Chas ,Sytsma,Chas 353@mail.com,@Chas 35,MALE,GAUTENG,BLACK,38,35-44,4
604047,Art ,Jacox,Art 404@abcmail.com,@Art 40,MALE,KWAZULU NATAL,BLACK,35,35-44,4
604198,Claud ,Langenfeld,Claud 344@abcmail.com,@Claud 34,MALE,WESTERN CAPE,OTHER,32,25-34,3
604372,Jared ,Roquemore,Jared 501@yahoo.com,@Jared 50,MALE,GAUTENG,BLACK,29,25-34,3
604430,Haywood ,Sytsma,Haywood 92@gmail.com,@Haywood 9,MALE,EASTERN CAPE,WHITE,28,25-34,3
604596,Earl ,Singer,Earl 421@yahoo.com,@Earl 42,MALE,KWAZULU NATAL,WHITE,25,25-34,3
604764,Brendan ,Vital,Brendan 455@mailxyz.com,@Brendan 45,MALE,EASTERN CAPE,BLACK,21,18-24,2
607481,Yong ,Bilyeu,Yong 485@mailxyz.com,@Yong 48,MALE,KWAZULU NATAL,BLACK,36,35-44,4
607730,Lane ,Zweifel,Lane 111@yahoo.com,@Lane 11,MALE,GAUTENG,BLACK,31,25-34,3
610413,Earline ,Zweifel,Earline 323@mail.com,@Earline 32,FEMALE,EASTERN CAPE,BLACK,64,55+,6
610483,Jacinto ,Mccollum,Jacinto 253@mail.com,@Jacinto 25,MALE,WESTERN CAPE,UNKNOWN,52,45-54,5
611188,Lucas ,Mccollum,Lucas 231@yahoo.com,@Lucas 23,MALE,GAUTENG,BLACK,32,25-34,3
611190,Abel ,Woolard,Abel 184@abcmail.com,@Abel 18,MALE,GAUTENG,BLACK,32,25-34,3
611337,Loyd ,Mcculloch,Loyd 491@yahoo.com,@Loyd 49,MALE,GAUTENG,COLOURED,30,25-34,3
611535,Efren ,Woolard,Efren 134@abcmail.com,@Efren 13,MALE,GAUTENG,INDIAN_ASIAN,27,25-34,3
611645,Chas ,Crotty,Chas 351@yahoo.com,@Chas 35,MALE,MPUMALANGA,BLACK,25,25-34,3
611923,Kyle ,Pilot,Kyle 62@gmail.com,@Kyle 6,MALE,NORTH WEST,INDIAN_ASIAN,18,18-24,2
614114,Irving ,Langenfeld,Irving 54@abcmail.com,@Irving 5,MALE,GAUTENG,BLACK,55,55+,6
614417,Shane ,Condie,Shane 23@mail.com,@Shane 2,MALE,GAUTENG,WHITE,39,35-44,4
614603,Roxane ,Lavoie,Roxane 65@mailxyz.com,@Roxane 6,FEMALE,GAUTENG,BLACK,34,25-34,3
614652,Michel ,Sieren,Michel 205@mailxyz.com,@Michel 20,MALE,MPUMALANGA,WHITE,33,25-34,3
615057,Anette ,Leicht,Anette 341@yahoo.com,@Anette 34,FEMALE,LIMPOPO,BLACK,25,25-34,3
615122,Loyd ,Tatham,Loyd 495@mailxyz.com,@Loyd 49,MALE,MPUMALANGA,BLACK,24,18-24,2
617535,Stefan ,Reisinger,Stefan 464@abcmail.com,@Stefan 46,MALE,GAUTENG,INDIAN_ASIAN,40,35-44,4
617547,Royal ,Beville,Royal 175@mailxyz.com,@Royal 17,MALE,GAUTENG,BLACK,39,35-44,4
617576,Haywood ,Roquemore,Haywood 95@mailxyz.com,@Haywood 9,MALE,WESTERN CAPE,WHITE,39,35-44,4
617871,Donald ,Paradis,Donald 223@mail.com,@Donald 22,MALE,NORTH WEST,BLACK,32,25-34,3
617961,Robby ,Mosser,Robby 165@mailxyz.com,@Robby 16,MALE,MPUMALANGA,INDIAN_ASIAN,30,25-34,3
618016,Stacy ,Shkreli,Stacy 275@mailxyz.com,@Stacy 27,MALE,GAUTENG,UNKNOWN,29,25-34,3
618028,Kip ,Tatham,Kip 143@mail.com,@Kip 14,MALE,KWAZULU NATAL,BLACK,29,25-34,3
620473,Dion ,Marek,Dion 331@yahoo.com,@Dion 33,MALE,WESTERN CAPE,COLOURED,53,45-54,5
620816,Valentine ,Leicht,Valentine 472@gmail.com,@Valentine 47,MALE,GAUTENG,WHITE,39,35-44,4
621148,Eli ,Arrieta,Eli 293@mail.com,@Eli 29,MALE,NORTH WEST,BLACK,32,25-34,3
621261,Hyman ,Pilot,Hyman 81@yahoo.com,@Hyman 8,MALE,NORTH WEST,BLACK,30,25-34,3
621328,Stacy ,Nicholls,Stacy 272@gmail.com,@Stacy 27,MALE,WESTERN CAPE,UNKNOWN,29,25-34,3
621470,Shane ,Gettys,Shane 24@abcmail.com,@Shane 2,MALE,WESTERN CAPE,WHITE,26,25-34,3
621521,Lucas ,Hier,Lucas 234@abcmail.com,@Lucas 23,MALE,GAUTENG,BLACK,25,25-34,3
621524,Donald ,Arrieta,Donald 225@mailxyz.com,@Donald 22,MALE,GAUTENG,WHITE,25,25-34,3
621621,Jared ,Pool,Jared 504@abcmail.com,@Jared 50,MALE,GAUTENG,BLACK,23,18-24,2
621695,Alecia ,Roquemore,Alecia 53@mail.com,@Alecia 5,FEMALE,WESTERN CAPE,UNKNOWN,20,18-24,2
623340,Wilton ,Bilyeu,Wilton 415@mailxyz.com,@Wilton 41,MALE,GAUTENG,UNKNOWN,53,45-54,5
623488,Jacinto ,Bilyeu,Jacinto 254@abcmail.com,@Jacinto 25,MALE,WESTERN CAPE,COLOURED,43,35-44,4
623564,Claud ,Crotty,Claud 345@mailxyz.com,@Claud 34,MALE,GAUTENG,BLACK,41,35-44,4
623681,Len ,Mccollum,Len 445@mailxyz.com,@Len 44,MALE,EASTERN CAPE,COLOURED,37,35-44,4
623774,Hugh,Langenfeld,Hugh12@gmail.com,@Hugh1,MALE,EASTERN CAPE,BLACK,35,35-44,4
624208,Brendan ,Langenfeld,Brendan 452@gmail.com,@Brendan 45,MALE,KWAZULU NATAL,UNKNOWN,26,25-34,3
624257,Eli ,Reisinger,Eli 295@mailxyz.com,@Eli 29,MALE,GAUTENG,BLACK,25,25-34,3
624424,Irving ,Creager,Irving 51@yahoo.com,@Irving 5,MALE,KWAZULU NATAL,INDIAN_ASIAN,21,18-24,2
625936,Raymundo ,Zweifel,Raymundo 431@yahoo.com,@Raymundo 43,MALE,GAUTENG,UNKNOWN,56,55+,6
626053,Robby ,Borelli,Robby 164@abcmail.com,@Robby 16,MALE,GAUTENG,BLACK,47,45-54,5
626697,Nakita ,Pool,Nakita 285@mailxyz.com,@Nakita 28,FEMALE,GAUTENG,BLACK,31,25-34,3
626745,Romeo ,Mccollum,Romeo 372@gmail.com,@Romeo 37,MALE,LIMPOPO,BLACK,30,25-34,3
626750,Royal ,Mccown,Royal 171@yahoo.com,@Royal 17,MALE,WESTERN CAPE,COLOURED,30,25-34,3
626973,Brendan ,Mina,Brendan 451@yahoo.com,@Brendan 45,MALE,FREE STATE,BLACK,26,25-34,3
627027,Kip ,Bilyeu,Kip 143@mail.com,@Kip 14,MALE,KWAZULU NATAL,INDIAN_ASIAN,25,25-34,3
627133,Robby ,Tancredi,Robby 163@mail.com,@Robby 16,MALE,GAUTENG,WHITE,23,18-24,2
627170,Earl ,Creager,Earl 425@mailxyz.com,@Earl 42,MALE,LIMPOPO,BLACK,22,18-24,2
629727,Raymundo ,Martello,Raymundo 433@mail.com,@Raymundo 43,MALE,GAUTENG,BLACK,42,35-44,4
629932,Stefan ,Styer,Stefan 464@abcmail.com,@Stefan 46,MALE,EASTERN CAPE,WHITE,39,35-44,4
630091,Kyle ,Luthy,Kyle 63@mail.com,@Kyle 6,MALE,WESTERN CAPE,BLACK,37,35-44,4
630358,Anette ,Leicht,Anette 371@yahoo.com,@Anette 37,FEMALE,WESTERN CAPE,BLACK,34,25-34,3
630547,Sharri ,Tatham,Sharri 362@gmail.com,@Sharri 36,FEMALE,GAUTENG,WHITE,32,25-34,3
630977,Stacy ,Wigfall,Stacy 274@abcmail.com,@Stacy 27,MALE,GAUTENG,COLOURED,28,25-34,3
630995,Bernardo ,Styer,Bernardo 322@gmail.com,@Bernardo 32,MALE,NORTH WEST,BLACK,27,25-34,3
631533,Haywood ,Tancredi,Haywood 94@abcmail.com,@Haywood 9,MALE,GAUTENG,BLACK,21,18-24,2
631602,Wilburn ,Creager,Wilburn 304@abcmail.com,@Wilburn 30,MALE,GAUTENG,BLACK,19,18-24,2
635874,Brendan ,Luthy,Brendan 452@gmail.com,@Brendan 45,MALE,KWAZULU NATAL,BLACK,42,35-44,4
636140,Raymundo ,Pascarella,Raymundo 431@yahoo.com,@Raymundo 43,MALE,WESTERN CAPE,UNKNOWN,37,35-44,4
636464,Wilton ,Restivo,Wilton 411@yahoo.com,@Wilton 41,MALE,GAUTENG,BLACK,32,25-34,3
636845,Trudie ,Restivo,Trudie 52@gmail.com,@Trudie 5,FEMALE,GAUTENG,BLACK,27,25-34,3
636896,Brendan ,Deblois,Brendan 452@gmail.com,@Brendan 45,MALE,KWAZULU NATAL,INDIAN_ASIAN,26,25-34,3
641005,Hollis ,Singer,Hollis 383@mail.com,@Hollis 38,MALE,MPUMALANGA,UNKNOWN,35,35-44,4
641172,Lucas ,Nicholls,Lucas 232@gmail.com,@Lucas 23,MALE,LIMPOPO,BLACK,32,25-34,3
641340,Loris ,Hier,Loris 423@mail.com,@Loris 42,FEMALE,EASTERN CAPE,BLACK,29,25-34,3
641456,Lane ,Mcculloch,Lane 111@yahoo.com,@Lane 11,MALE,MPUMALANGA,BLACK,27,25-34,3
641522,Carter ,Shkreli,Carter 34@abcmail.com,@Carter 3,MALE,GAUTENG,INDIAN_ASIAN,26,25-34,3
641647,Irving ,Pool,Irving 51@yahoo.com,@Irving 5,MALE,GAUTENG,BLACK,24,18-24,2
641735,Art ,Sytsma,Art 403@mail.com,@Art 40,MALE,GAUTENG,BLACK,22,18-24,2
641737,Markus ,Arrieta,Markus 194@abcmail.com,@Markus 19,MALE,KWAZULU NATAL,INDIAN_ASIAN,22,18-24,2
650987,Emilie ,Deblois,Emilie 415@mailxyz.com,@Emilie 41,FEMALE,FREE STATE,BLACK,44,35-44,4
652906,Wilton ,Hier,Wilton 413@mail.com,@Wilton 41,MALE,WESTERN CAPE,COLOURED,43,35-44,4
663218,Garry ,Restivo,Garry 284@abcmail.com,@Garry 28,MALE,FREE STATE,WHITE,36,35-44,4
667632,Dion ,Zweifel,Dion 331@yahoo.com,@Dion 33,MALE,WESTERN CAPE,UNKNOWN,34,25-34,3
695996,Zetta ,Gettys,Zetta 213@mail.com,@Zetta 21,FEMALE,GAUTENG,BLACK,24,18-24,2
703886,Wilburn ,Pascarella,Wilburn 304@abcmail.com,@Wilburn 30,MALE,MPUMALANGA,INDIAN_ASIAN,20,18-24,2
719331,Eli ,Mccollum,Eli 293@mail.com,@Eli 29,MALE,GAUTENG,WHITE,42,35-44,4
719575,Jacinto ,Bilyeu,Jacinto 253@mail.com,@Jacinto 25,MALE,WESTERN CAPE,COLOURED,38,35-44,4
720294,Robby ,Pilot,Robby 164@abcmail.com,@Robby 16,MALE,MPUMALANGA,BLACK,29,25-34,3
720305,Shelley ,Reisinger,Shelley 221@yahoo.com,@Shelley 22,FEMALE,GAUTENG,BLACK,29,25-34,3
720398,Emilie ,Deblois,Emilie 504@abcmail.com,@Emilie 50,FEMALE,GAUTENG,COLOURED,28,25-34,3
720646,Carter ,Lavoie,Carter 32@gmail.com,@Carter 3,MALE,NORTH WEST,WHITE,25,25-34,3
720995,Emilie ,Deblois,Emilie 234@abcmail.com,@Emilie 23,FEMALE,GAUTENG,BLACK,18,18-24,2
723671,Jared ,Mcclaine,Jared 502@gmail.com,@Jared 50,MALE,GAUTENG,BLACK,32,25-34,3
724179,Desirae ,Luthy,Desirae 292@gmail.com,@Desirae 29,FEMALE,GAUTENG,BLACK,21,18-24,2
727203,Claud ,Singer,Claud 341@yahoo.com,@Claud 34,MALE,WESTERN CAPE,UNKNOWN,26,25-34,3
729345,Wilburn ,Mcclaine,Wilburn 305@mailxyz.com,@Wilburn 30,MALE,GAUTENG,WHITE,44,35-44,4
729427,Alecia ,Roquemore,Alecia 403@mail.com,@Alecia 40,FEMALE,GAUTENG,BLACK,42,35-44,4
729468,Gretta ,Mosser,Gretta 492@gmail.com,@Gretta 49,FEMALE,EASTERN CAPE,BLACK,41,35-44,4
729721,Filiberto ,Mosser,Filiberto 44@abcmail.com,@Filiberto 4,MALE,MPUMALANGA,BLACK,35,35-44,4
730056,Claud ,Woolard,Claud 344@abcmail.com,@Claud 34,MALE,GAUTENG,UNKNOWN,29,25-34,3
730254,Stephen ,Paradis,Stephen 151@yahoo.com,@Stephen 15,MALE,GAUTENG,BLACK,26,25-34,3
730294,Markus ,Hoadley,Markus 193@mail.com,@Markus 19,MALE,EASTERN CAPE,BLACK,25,25-34,3
730607,Jacinto ,Lavoie,Jacinto 251@yahoo.com,@Jacinto 25,MALE,GAUTENG,BLACK,16,<18,1
732996,Irving ,Vital,Irving 51@yahoo.com,@Irving 5,MALE,GAUTENG,INDIAN_ASIAN,41,35-44,4
733281,Bret ,Mcclaine,Bret 313@mail.com,@Bret 31,MALE,GAUTENG,BLACK,35,35-44,4
733347,Lucas ,Creager,Lucas 234@abcmail.com,@Lucas 23,MALE,NORTH WEST,UNKNOWN,34,25-34,3
733756,Winona ,Wigfall,Winona 414@abcmail.com,@Winona 41,FEMALE,KWAZULU NATAL,INDIAN_ASIAN,27,25-34,3
733939,Cody ,Mastrangelo,Cody 121@yahoo.com,@Cody 12,MALE,MPUMALANGA,WHITE,24,18-24,2
736517,Garry ,Reisinger,Garry 283@mail.com,@Garry 28,MALE,MPUMALANGA,BLACK,39,35-44,4
737176,Robby ,Mina,Robby 164@abcmail.com,@Robby 16,MALE,LIMPOPO,BLACK,25,25-34,3
737179,Earl ,Curran,Earl 425@mailxyz.com,@Earl 42,MALE,GAUTENG,UNKNOWN,25,25-34,3
738944,Charlie ,Pascarella,Charlie 364@abcmail.com,@Charlie 36,MALE,GAUTENG,WHITE,54,45-54,5
738991,Irving ,Nicholls,Irving 53@mail.com,@Irving 5,MALE,MPUMALANGA,BLACK,50,45-54,5
739194,Shane ,Hier,Shane 22@gmail.com,@Shane 2,MALE,GAUTENG,WHITE,41,35-44,4
739396,Earl ,Mcculloch,Earl 424@abcmail.com,@Earl 42,MALE,WESTERN CAPE,COLOURED,36,35-44,4
739893,Yong ,Mccollum,Yong 481@yahoo.com,@Yong 48,MALE,LIMPOPO,BLACK,26,25-34,3
741931,Samuel ,Pool,Samuel 262@gmail.com,@Samuel 26,MALE,GAUTENG,UNKNOWN,45,45-54,5
742848,Kip ,Curran,Kip 144@abcmail.com,@Kip 14,MALE,EASTERN CAPE,BLACK,25,25-34,3
745315,Lloyd ,Condie,Lloyd 73@mail.com,@Lloyd 7,MALE,LIMPOPO,WHITE,31,25-34,3
745547,Art ,Gettys,Art 401@yahoo.com,@Art 40,MALE,NORTH WEST,WHITE,26,25-34,3
747185,Michel ,Sytsma,Michel 204@abcmail.com,@Michel 20,MALE,GAUTENG,WHITE,40,35-44,4
747259,Shane ,Hier,Shane 21@yahoo.com,@Shane 2,MALE,GAUTENG,WHITE,38,35-44,4
747690,Katharina ,Condie,Katharina 203@mail.com,@Katharina 20,FEMALE,GAUTENG,BLACK,29,25-34,3
749945,Stacy ,Restivo,Stacy 271@yahoo.com,@Stacy 27,MALE,WESTERN CAPE,COLOURED,55,55+,6
750489,Garry ,Roquemore,Garry 285@mailxyz.com,@Garry 28,MALE,MPUMALANGA,BLACK,36,35-44,4
750715,Filiberto ,Beville,Filiberto 42@gmail.com,@Filiberto 4,MALE,WESTERN CAPE,COLOURED,32,25-34,3
751018,Cody ,Leicht,Cody 122@gmail.com,@Cody 12,MALE,NORTH WEST,WHITE,27,25-34,3
751072,Garry ,Hier,Garry 285@mailxyz.com,@Garry 28,MALE,FREE STATE,INDIAN_ASIAN,26,25-34,3
754765,Hugh,Pool,Hugh14@abcmail.com,@Hugh1,MALE,EASTERN CAPE,BLACK,51,45-54,5
755058,Cory ,Styer,Cory 101@yahoo.com,@Cory 10,MALE,EASTERN CAPE,WHITE,40,35-44,4
755814,Haywood ,Pilot,Haywood 91@yahoo.com,@Haywood 9,MALE,GAUTENG,BLACK,25,25-34,3
758214,Kip ,Reisinger,Kip 145@mailxyz.com,@Kip 14,MALE,KWAZULU NATAL,BLACK,113,55+,6
758272,Michel ,Nicholls,Michel 203@mail.com,@Michel 20,MALE,MPUMALANGA,BLACK,53,45-54,5
758306,Hyman ,Zweifel,Hyman 84@abcmail.com,@Hyman 8,MALE,FREE STATE,WHITE,50,45-54,5
758931,Bernardo ,Biggers,Bernardo 324@abcmail.com,@Bernardo 32,MALE,GAUTENG,BLACK,30,25-34,3
760529,Alecia ,Roquemore,Alecia 21@yahoo.com,@Alecia 2,FEMALE,MPUMALANGA,INDIAN_ASIAN,48,45-54,5
760937,Len ,Mosser,Len 443@mail.com,@Len 44,MALE,GAUTENG,BLACK,36,35-44,4
761775,Stacy ,Mcculloch,Stacy 271@yahoo.com,@Stacy 27,MALE,GAUTENG,UNKNOWN,24,18-24,2
763446,Romeo ,Pool,Romeo 371@yahoo.com,@Romeo 37,MALE,FREE STATE,BLACK,49,45-54,5
763525,Cory ,Holt,Cory 102@gmail.com,@Cory 10,MALE,GAUTENG,BLACK,37,35-44,4
763881,Abel ,Paradis,Abel 182@gmail.com,@Abel 18,MALE,KWAZULU NATAL,WHITE,24,18-24,2
764296,Royal ,Pascarella,Royal 175@mailxyz.com,@Royal 17,MALE,WESTERN CAPE,COLOURED,23,18-24,2
764342,Robby ,Nicholls,Robby 162@gmail.com,@Robby 16,MALE,EASTERN CAPE,WHITE,38,35-44,4
764355,Lloyd ,Mccown,Lloyd 73@mail.com,@Lloyd 7,MALE,GAUTENG,WHITE,24,18-24,2
764396,Hyman ,Pilot,Hyman 82@gmail.com,@Hyman 8,MALE,EASTERN CAPE,WHITE,52,45-54,5
764429,Lucas ,Pascarella,Lucas 232@gmail.com,@Lucas 23,MALE,WESTERN CAPE,WHITE,22,18-24,2
764451,Epifania ,Crotty,Epifania 353@mail.com,@Epifania 35,FEMALE,GAUTENG,INDIAN_ASIAN,27,25-34,3
764468,Earl ,Pool,Earl 421@yahoo.com,@Earl 42,MALE,GAUTENG,BLACK,34,25-34,3
764531,Emerson ,Caves,Emerson 245@mailxyz.com,@Emerson 24,MALE,LIMPOPO,COLOURED,46,45-54,5
764656,Stefan ,Fudge,Stefan 463@mail.com,@Stefan 46,MALE,WESTERN CAPE,INDIAN_ASIAN,34,25-34,3
764773,Cory ,Luthy,Cory 102@gmail.com,@Cory 10,MALE,GAUTENG,COLOURED,24,18-24,2
764800,Samuel ,Sieren,Samuel 265@mailxyz.com,@Samuel 26,MALE,GAUTENG,BLACK,28,25-34,3
764853,Hyman ,Pilot,Hyman 82@gmail.com,@Hyman 8,MALE,GAUTENG,WHITE,25,25-34,3
764912,Len ,Paradis,Len 441@yahoo.com,@Len 44,MALE,KWAZULU NATAL,UNKNOWN,22,18-24,2
764929,Cody ,Condie,Cody 121@yahoo.com,@Cody 12,MALE,MPUMALANGA,BLACK,34,25-34,3
764961,Markus ,Mastrangelo,Markus 191@yahoo.com,@Markus 19,MALE,GAUTENG,BLACK,25,25-34,3
764989,Valentine ,Paradis,Valentine 471@yahoo.com,@Valentine 47,MALE,NORTH WEST,BLACK,31,25-34,3
764993,Markus ,Pilot,Markus 195@mailxyz.com,@Markus 19,MALE,GAUTENG,UNKNOWN,43,35-44,4
764997,Hollis ,Mastrangelo,Hollis 383@mail.com,@Hollis 38,MALE,MPUMALANGA,BLACK,31,25-34,3
765012,Samuel ,Holt,Samuel 261@yahoo.com,@Samuel 26,MALE,GAUTENG,BLACK,33,25-34,3
765182,Loyd ,Sytsma,Loyd 492@gmail.com,@Loyd 49,MALE,WESTERN CAPE,BLACK,35,35-44,4
765264,Dia ,Arrieta,Dia 324@abcmail.com,@Dia 32,FEMALE,MPUMALANGA,BLACK,23,18-24,2
765340,Shane ,Leicht,Shane 22@gmail.com,@Shane 2,MALE,GAUTENG,COLOURED,14,<18,1
765409,Claud ,Beville,Claud 344@abcmail.com,@Claud 34,MALE,GAUTENG,COLOURED,33,25-34,3
765556,Shane ,Mcclaine,Shane 24@abcmail.com,@Shane 2,MALE,LIMPOPO,BLACK,34,25-34,3
765581,Stacy ,Mina,Stacy 274@abcmail.com,@Stacy 27,MALE,MPUMALANGA,UNKNOWN,29,25-34,3
765595,Loyd ,Caves,Loyd 492@gmail.com,@Loyd 49,MALE,MPUMALANGA,BLACK,52,45-54,5
765600,Abel ,Singer,Abel 183@mail.com,@Abel 18,MALE,GAUTENG,BLACK,22,18-24,2
765622,Cory ,Borelli,Cory 101@yahoo.com,@Cory 10,MALE,NORTH WEST,BLACK,32,25-34,3
765640,Raymundo ,Leicht,Raymundo 432@gmail.com,@Raymundo 43,MALE,GAUTENG,INDIAN_ASIAN,36,35-44,4
765679,Royal ,Mina,Royal 175@mailxyz.com,@Royal 17,MALE,NORTH WEST,BLACK,42,35-44,4
765684,Royal ,Creager,Royal 175@mailxyz.com,@Royal 17,MALE,GAUTENG,COLOURED,25,25-34,3
765696,Bernardo ,Mccown,Bernardo 324@abcmail.com,@Bernardo 32,MALE,WESTERN CAPE,COLOURED,41,35-44,4
765734,Eula ,Mccown,Eula 25@mailxyz.com,@Eula 2,FEMALE,LIMPOPO,BLACK,31,25-34,3
765767,Chas ,Pascarella,Chas 353@mail.com,@Chas 35,MALE,WESTERN CAPE,WHITE,23,18-24,2
765884,Loyd ,Arrieta,Loyd 494@abcmail.com,@Loyd 49,MALE,GAUTENG,BLACK,27,25-34,3
765885,Torrie ,Mcclaine,Torrie 91@yahoo.com,@Torrie 9,FEMALE,EASTERN CAPE,COLOURED,32,25-34,3
765950,Shandra ,Mccollum,Shandra 341@yahoo.com,@Shandra 34,FEMALE,MPUMALANGA,BLACK,40,35-44,4
766033,Stefan ,Wigfall,Stefan 464@abcmail.com,@Stefan 46,MALE,WESTERN CAPE,INDIAN_ASIAN,54,45-54,5
766115,Efren ,Pascarella,Efren 133@mail.com,@Efren 13,MALE,KWAZULU NATAL,BLACK,34,25-34,3
766143,Raymundo ,Caves,Raymundo 432@gmail.com,@Raymundo 43,MALE,WESTERN CAPE,COLOURED,29,25-34,3
766872,Winona ,Wigfall,Winona 463@mail.com,@Winona 46,FEMALE,NORTH WEST,BLACK,49,45-54,5
770213,Lucas ,Holt,Lucas 232@gmail.com,@Lucas 23,MALE,GAUTENG,BLACK,21,18-24,2
770770,Stephen ,Zweifel,Stephen 152@gmail.com,@Stephen 15,MALE,WESTERN CAPE,BLACK,19,18-24,2
771003,Romeo ,Tancredi,Romeo 372@gmail.com,@Romeo 37,MALE,WESTERN CAPE,COLOURED,31,25-34,3
771048,Robby ,Deblois,Robby 162@gmail.com,@Robby 16,MALE,GAUTENG,UNKNOWN,19,18-24,2
771147,Kyle ,Mina,Kyle 64@abcmail.com,@Kyle 6,MALE,MPUMALANGA,WHITE,28,25-34,3
771427,Len ,Tatham,Len 444@abcmail.com,@Len 44,MALE,WESTERN CAPE,COLOURED,38,35-44,4
771597,Seema ,Fudge,Seema 413@mail.com,@Seema 41,FEMALE,GAUTENG,UNKNOWN,38,35-44,4
771611,Bernardo ,Singer,Bernardo 323@mail.com,@Bernardo 32,MALE,KWAZULU NATAL,INDIAN_ASIAN,44,35-44,4
771703,Emerson ,Arrieta,Emerson 244@abcmail.com,@Emerson 24,MALE,KWAZULU NATAL,WHITE,55,55+,6
771772,Brendan ,Martello,Brendan 455@mailxyz.com,@Brendan 45,MALE,GAUTENG,INDIAN_ASIAN,29,25-34,3
771778,Yong ,Paradis,Yong 484@abcmail.com,@Yong 48,MALE,EASTERN CAPE,BLACK,21,18-24,2
771783,Len ,Pascarella,Len 442@gmail.com,@Len 44,MALE,GAUTENG,INDIAN_ASIAN,23,18-24,2
771785,Kip ,Martello,Kip 141@yahoo.com,@Kip 14,MALE,GAUTENG,BLACK,43,35-44,4
771791,Shane ,Luthy,Shane 24@abcmail.com,@Shane 2,MALE,GAUTENG,BLACK,34,25-34,3
771793,Anette ,Leicht,Anette 143@mail.com,@Anette 14,FEMALE,WESTERN CAPE,INDIAN_ASIAN,40,35-44,4
771796,Jacinto ,Mcclaine,Jacinto 251@yahoo.com,@Jacinto 25,MALE,WESTERN CAPE,COLOURED,35,35-44,4
771797,Randy ,Beville,Randy 395@mailxyz.com,@Randy 39,MALE,GAUTENG,UNKNOWN,35,35-44,4
771802,Valentine ,Curran,Valentine 475@mailxyz.com,@Valentine 47,MALE,WESTERN CAPE,COLOURED,43,35-44,4
771816,Garry ,Fudge,Garry 282@gmail.com,@Garry 28,MALE,GAUTENG,BLACK,31,25-34,3
771823,Kyle ,Mastrangelo,Kyle 61@yahoo.com,@Kyle 6,MALE,WESTERN CAPE,BLACK,26,25-34,3
771830,Michel ,Tancredi,Michel 203@mail.com,@Michel 20,MALE,GAUTENG,BLACK,49,45-54,5
771848,Yong ,Shkreli,Yong 483@mail.com,@Yong 48,MALE,GAUTENG,BLACK,28,25-34,3
771849,Stephen ,Leicht,Stephen 152@gmail.com,@Stephen 15,MALE,GAUTENG,UNKNOWN,55,55+,6
771855,Rebekah ,Paradis,Rebekah 435@mailxyz.com,@Rebekah 43,FEMALE,NORTH WEST,BLACK,45,45-54,5
771856,Charlie ,Nicholls,Charlie 364@abcmail.com,@Charlie 36,MALE,KWAZULU NATAL,UNKNOWN,24,18-24,2
771858,Hugh,Mcculloch,Hugh14@abcmail.com,@Hugh1,MALE,GAUTENG,WHITE,27,25-34,3
771867,Brendan ,Zweifel,Brendan 451@yahoo.com,@Brendan 45,MALE,GAUTENG,BLACK,14,<18,1
771872,Lane ,Tatham,Lane 111@yahoo.com,@Lane 11,MALE,WESTERN CAPE,COLOURED,25,25-34,3
771876,Stacy ,Gettys,Stacy 271@yahoo.com,@Stacy 27,MALE,NORTH WEST,BLACK,25,25-34,3
771877,Emerson ,Mina,Emerson 241@yahoo.com,@Emerson 24,MALE,NORTHERN CAPE,BLACK,25,25-34,3
771881,Emerson ,Reisinger,Emerson 245@mailxyz.com,@Emerson 24,MALE,GAUTENG,BLACK,31,25-34,3
771882,Emerson ,Pascarella,Emerson 244@abcmail.com,@Emerson 24,MALE,GAUTENG,BLACK,27,25-34,3
771888,Donald ,Curran,Donald 223@mail.com,@Donald 22,MALE,EASTERN CAPE,COLOURED,41,35-44,4
771889,Lane ,Borelli,Lane 115@mailxyz.com,@Lane 11,MALE,EASTERN CAPE,BLACK,46,45-54,5
771902,Romeo ,Mastrangelo,Romeo 372@gmail.com,@Romeo 37,MALE,GAUTENG,BLACK,24,18-24,2
771903,Earl ,Slane,Earl 423@mail.com,@Earl 42,MALE,GAUTENG,UNKNOWN,28,25-34,3
771907,Robby ,Martello,Robby 164@abcmail.com,@Robby 16,MALE,KWAZULU NATAL,BLACK,41,35-44,4
771911,Dion ,Condie,Dion 332@gmail.com,@Dion 33,MALE,NORTH WEST,BLACK,25,25-34,3
771924,Yolonda ,Pascarella,Yolonda 203@mail.com,@Yolonda 20,FEMALE,GAUTENG,BLACK,31,25-34,3
771927,Lillie ,Langenfeld,Lillie 431@yahoo.com,@Lillie 43,FEMALE,WESTERN CAPE,UNKNOWN,36,35-44,4
771941,Charlie ,Deblois,Charlie 365@mailxyz.com,@Charlie 36,MALE,WESTERN CAPE,COLOURED,24,18-24,2
771945,Markus ,Sieren,Markus 192@gmail.com,@Markus 19,MALE,KWAZULU NATAL,BLACK,32,25-34,3
771959,Len ,Tancredi,Len 445@mailxyz.com,@Len 44,MALE,WESTERN CAPE,BLACK,28,25-34,3
771974,Michel ,Mosser,Michel 205@mailxyz.com,@Michel 20,MALE,EASTERN CAPE,BLACK,23,18-24,2
771978,Efren ,Wigfall,Efren 131@yahoo.com,@Efren 13,MALE,KWAZULU NATAL,BLACK,23,18-24,2
771985,Emilie ,Deblois,Emilie 12@gmail.com,@Emilie 1,FEMALE,GAUTENG,BLACK,23,18-24,2
772000,Randy ,Pascarella,Randy 391@yahoo.com,@Randy 39,MALE,MPUMALANGA,BLACK,39,35-44,4
772028,Shane ,Arrieta,Shane 22@gmail.com,@Shane 2,MALE,NORTH WEST,BLACK,30,25-34,3
772030,Charlie ,Roquemore,Charlie 363@mail.com,@Charlie 36,MALE,WESTERN CAPE,COLOURED,34,25-34,3
772034,Bret ,Reisinger,Bret 311@yahoo.com,@Bret 31,MALE,KWAZULU NATAL,INDIAN_ASIAN,38,35-44,4
772042,Iva ,Styer,Iva 435@mailxyz.com,@Iva 43,FEMALE,FREE STATE,WHITE,31,25-34,3
772052,Stephen ,Beville,Stephen 151@yahoo.com,@Stephen 15,MALE,WESTERN CAPE,COLOURED,32,25-34,3
772054,Earl ,Jacox,Earl 422@gmail.com,@Earl 42,MALE,WESTERN CAPE,WHITE,27,25-34,3
772068,Charlie ,Vital,Charlie 362@gmail.com,@Charlie 36,MALE,KWAZULU NATAL,BLACK,26,25-34,3
772088,Yong ,Mastrangelo,Yong 483@mail.com,@Yong 48,MALE,GAUTENG,BLACK,35,35-44,4
772091,Efren ,Styer,Efren 132@gmail.com,@Efren 13,MALE,GAUTENG,COLOURED,34,25-34,3
772098,Garry ,Caves,Garry 285@mailxyz.com,@Garry 28,MALE,WESTERN CAPE,WHITE,54,45-54,5
772101,Stefan ,Pascarella,Stefan 462@gmail.com,@Stefan 46,MALE,GAUTENG,COLOURED,41,35-44,4
772102,Len ,Fudge,Len 445@mailxyz.com,@Len 44,MALE,WESTERN CAPE,COLOURED,60,55+,6
772117,Jared ,Mcclaine,Jared 502@gmail.com,@Jared 50,MALE,WESTERN CAPE,COLOURED,29,25-34,3
772142,Royal ,Nicholls,Royal 171@yahoo.com,@Royal 17,MALE,WESTERN CAPE,INDIAN_ASIAN,32,25-34,3
772147,Brendan ,Styer,Brendan 454@abcmail.com,@Brendan 45,MALE,KWAZULU NATAL,BLACK,29,25-34,3
772177,Tiffani ,Pilot,Tiffani 212@gmail.com,@Tiffani 21,FEMALE,GAUTENG,BLACK,25,25-34,3
772202,Hugh,Tancredi,Hugh13@mail.com,@Hugh1,MALE,GAUTENG,BLACK,26,25-34,3
772209,Claud ,Sytsma,Claud 343@mail.com,@Claud 34,MALE,MPUMALANGA,UNKNOWN,19,18-24,2
772221,Samuel ,Hier,Samuel 265@mailxyz.com,@Samuel 26,MALE,NORTH WEST,BLACK,48,45-54,5
772227,Torrie ,Mcclaine,Torrie 131@yahoo.com,@Torrie 13,FEMALE,LIMPOPO,BLACK,29,25-34,3
772230,Loyd ,Slane,Loyd 492@gmail.com,@Loyd 49,MALE,MPUMALANGA,BLACK,21,18-24,2
772232,Cory ,Creager,Cory 105@mailxyz.com,@Cory 10,MALE,WESTERN CAPE,COLOURED,58,55+,6
772243,Michel ,Reisinger,Michel 204@abcmail.com,@Michel 20,MALE,EASTERN CAPE,COLOURED,19,18-24,2
772251,Chas ,Slane,Chas 355@mailxyz.com,@Chas 35,MALE,GAUTENG,BLACK,31,25-34,3
772271,Wilburn ,Lavoie,Wilburn 304@abcmail.com,@Wilburn 30,MALE,WESTERN CAPE,UNKNOWN,34,25-34,3
772276,Eli ,Biggers,Eli 295@mailxyz.com,@Eli 29,MALE,EASTERN CAPE,BLACK,44,35-44,4
772277,Dion ,Bilyeu,Dion 331@yahoo.com,@Dion 33,MALE,MPUMALANGA,BLACK,48,45-54,5
772278,Brendan ,Pilot,Brendan 455@mailxyz.com,@Brendan 45,MALE,WESTERN CAPE,COLOURED,30,25-34,3
772309,Art ,Arrieta,Art 401@yahoo.com,@Art 40,MALE,GAUTENG,BLACK,35,35-44,4
772311,Bernardo ,Pool,Bernardo 324@abcmail.com,@Bernardo 32,MALE,MPUMALANGA,BLACK,32,25-34,3
772325,Brendan ,Mccollum,Brendan 451@yahoo.com,@Brendan 45,MALE,MPUMALANGA,BLACK,31,25-34,3
772329,Dee ,Lavoie,Dee 211@yahoo.com,@Dee 21,MALE,KWAZULU NATAL,BLACK,11,<18,1
772330,Royal ,Arrieta,Royal 173@mail.com,@Royal 17,MALE,GAUTENG,WHITE,21,18-24,2
772333,Irving ,Crotty,Irving 51@yahoo.com,@Irving 5,MALE,MPUMALANGA,BLACK,28,25-34,3
772341,Emerson ,Holt,Emerson 243@mail.com,@Emerson 24,MALE,GAUTENG,UNKNOWN,31,25-34,3
772343,Wilburn ,Pilot,Wilburn 303@mail.com,@Wilburn 30,MALE,NORTH WEST,BLACK,29,25-34,3
772355,Shelley ,Reisinger,Shelley 255@mailxyz.com,@Shelley 25,FEMALE,GAUTENG,UNKNOWN,25,25-34,3
772361,Emerson ,Leicht,Emerson 241@yahoo.com,@Emerson 24,MALE,EASTERN CAPE,WHITE,47,45-54,5
772367,Abel ,Hier,Abel 185@mailxyz.com,@Abel 18,MALE,FREE STATE,BLACK,33,25-34,3
772369,Minerva ,Marek,Minerva 174@abcmail.com,@Minerva 17,FEMALE,GAUTENG,BLACK,57,55+,6
772378,Williemae ,Holt,Williemae 491@yahoo.com,@Williemae 49,FEMALE,FREE STATE,UNKNOWN,25,25-34,3
772390,Valentine ,Holt,Valentine 474@abcmail.com,@Valentine 47,MALE,GAUTENG,BLACK,37,35-44,4
772399,Len ,Arrieta,Len 443@mail.com,@Len 44,MALE,GAUTENG,BLACK,34,25-34,3
772418,Kip ,Gettys,Kip 141@yahoo.com,@Kip 14,MALE,GAUTENG,BLACK,42,35-44,4
772421,Markus ,Mastrangelo,Markus 192@gmail.com,@Markus 19,MALE,NORTH WEST,BLACK,30,25-34,3
772434,Eula ,Mccown,Eula 171@yahoo.com,@Eula 17,FEMALE,KWAZULU NATAL,BLACK,29,25-34,3
772437,Earl ,Roquemore,Earl 421@yahoo.com,@Earl 42,MALE,NORTH WEST,BLACK,31,25-34,3
772448,Royal ,Woolard,Royal 171@yahoo.com,@Royal 17,MALE,FREE STATE,BLACK,31,25-34,3
772449,Irving ,Creager,Irving 55@mailxyz.com,@Irving 5,MALE,GAUTENG,WHITE,25,25-34,3
772450,Efren ,Singer,Efren 134@abcmail.com,@Efren 13,MALE,WESTERN CAPE,UNKNOWN,31,25-34,3
772451,Luanna ,Hoadley,Luanna 275@mailxyz.com,@Luanna 27,FEMALE,NORTH WEST,BLACK,36,35-44,4
772455,Lane ,Fudge,Lane 115@mailxyz.com,@Lane 11,MALE,GAUTENG,BLACK,57,55+,6
772474,Markus ,Crotty,Markus 191@yahoo.com,@Markus 19,MALE,WESTERN CAPE,COLOURED,26,25-34,3
772475,Lloyd ,Vital,Lloyd 74@abcmail.com,@Lloyd 7,MALE,GAUTENG,WHITE,16,<18,1
772477,Rebekah ,Paradis,Rebekah 322@gmail.com,@Rebekah 32,FEMALE,KWAZULU NATAL,BLACK,35,35-44,4
772478,Samuel ,Mosser,Samuel 262@gmail.com,@Samuel 26,MALE,MPUMALANGA,BLACK,24,18-24,2
772499,Hugh,Martello,Hugh13@mail.com,@Hugh1,MALE,WESTERN CAPE,BLACK,33,25-34,3
772507,Haywood ,Mcclaine,Haywood 93@mail.com,@Haywood 9,MALE,GAUTENG,BLACK,30,25-34,3
772511,Efren ,Tatham,Efren 133@mail.com,@Efren 13,MALE,LIMPOPO,BLACK,21,18-24,2
772528,Briana ,Caves,Briana 152@gmail.com,@Briana 15,FEMALE,MPUMALANGA,BLACK,32,25-34,3
772529,Kip ,Paradis,Kip 144@abcmail.com,@Kip 14,MALE,GAUTENG,BLACK,27,25-34,3
772532,Filiberto ,Borelli,Filiberto 41@yahoo.com,@Filiberto 4,MALE,WESTERN CAPE,COLOURED,27,25-34,3
772551,Hyman ,Mcculloch,Hyman 82@gmail.com,@Hyman 8,MALE,WESTERN CAPE,OTHER,51,45-54,5
772553,Randy ,Mccollum,Randy 393@mail.com,@Randy 39,MALE,WESTERN CAPE,COLOURED,26,25-34,3
772557,Eli ,Caves,Eli 292@gmail.com,@Eli 29,MALE,WESTERN CAPE,COLOURED,32,25-34,3
772561,Randy ,Beville,Randy 395@mailxyz.com,@Randy 39,MALE,WESTERN CAPE,UNKNOWN,24,18-24,2
772563,Chas ,Mccown,Chas 354@abcmail.com,@Chas 35,MALE,WESTERN CAPE,COLOURED,51,45-54,5
772575,Lane ,Slane,Lane 111@yahoo.com,@Lane 11,MALE,GAUTENG,BLACK,41,35-44,4
772584,Efren ,Woolard,Efren 134@abcmail.com,@Efren 13,MALE,GAUTENG,BLACK,24,18-24,2
772587,Abel ,Tancredi,Abel 181@yahoo.com,@Abel 18,MALE,MPUMALANGA,BLACK,22,18-24,2
772606,Yong ,Caves,Yong 485@mailxyz.com,@Yong 48,MALE,KWAZULU NATAL,BLACK,29,25-34,3
772607,Charlie ,Crotty,Charlie 362@gmail.com,@Charlie 36,MALE,GAUTENG,COLOURED,24,18-24,2
772614,Claud ,Jacox,Claud 343@mail.com,@Claud 34,MALE,FREE STATE,UNKNOWN,24,18-24,2
772618,Emilie ,Deblois,Emilie 325@mailxyz.com,@Emilie 32,FEMALE,KWAZULU NATAL,COLOURED,14,<18,1
772624,Raymundo ,Condie,Raymundo 431@yahoo.com,@Raymundo 43,MALE,NORTH WEST,BLACK,47,45-54,5
772648,Cory ,Arrieta,Cory 102@gmail.com,@Cory 10,MALE,WESTERN CAPE,COLOURED,54,45-54,5
772650,Abel ,Curran,Abel 185@mailxyz.com,@Abel 18,MALE,GAUTENG,BLACK,37,35-44,4
772654,Stephen ,Mina,Stephen 151@yahoo.com,@Stephen 15,MALE,LIMPOPO,BLACK,22,18-24,2
772665,Lucas ,Wigfall,Lucas 235@mailxyz.com,@Lucas 23,MALE,KWAZULU NATAL,BLACK,34,25-34,3
772669,Cody ,Curran,Cody 121@yahoo.com,@Cody 12,MALE,WESTERN CAPE,BLACK,43,35-44,4
772671,Stefan ,Arrieta,Stefan 461@yahoo.com,@Stefan 46,MALE,GAUTENG,WHITE,24,18-24,2
772680,Irving ,Condie,Irving 51@yahoo.com,@Irving 5,MALE,GAUTENG,BLACK,25,25-34,3
772685,Lane ,Gettys,Lane 115@mailxyz.com,@Lane 11,MALE,GAUTENG,BLACK,36,35-44,4
772687,Garry ,Mosser,Garry 282@gmail.com,@Garry 28,MALE,LIMPOPO,BLACK,38,35-44,4
772694,Carter ,Vital,Carter 34@abcmail.com,@Carter 3,MALE,GAUTENG,BLACK,32,25-34,3
772699,Yong ,Luthy,Yong 481@yahoo.com,@Yong 48,MALE,GAUTENG,BLACK,34,25-34,3
772704,Filiberto ,Hier,Filiberto 42@gmail.com,@Filiberto 4,MALE,GAUTENG,WHITE,27,25-34,3
772711,Len ,Vital,Len 441@yahoo.com,@Len 44,MALE,KWAZULU NATAL,BLACK,33,25-34,3
772734,Carter ,Mcclaine,Carter 32@gmail.com,@Carter 3,MALE,WESTERN CAPE,WHITE,38,35-44,4
772736,Hollis ,Biggers,Hollis 383@mail.com,@Hollis 38,MALE,WESTERN CAPE,BLACK,22,18-24,2
772742,Krysta ,Mastrangelo,Krysta 282@gmail.com,@Krysta 28,FEMALE,FREE STATE,BLACK,25,25-34,3
772748,Irving ,Sieren,Irving 53@mail.com,@Irving 5,MALE,GAUTENG,BLACK,23,18-24,2
772759,Jacinto ,Bilyeu,Jacinto 253@mail.com,@Jacinto 25,MALE,GAUTENG,BLACK,46,45-54,5
772766,Dion ,Jacox,Dion 331@yahoo.com,@Dion 33,MALE,MPUMALANGA,BLACK,33,25-34,3
772778,Lucas ,Sytsma,Lucas 235@mailxyz.com,@Lucas 23,MALE,EASTERN CAPE,COLOURED,32,25-34,3
772784,Royal ,Mosser,Royal 175@mailxyz.com,@Royal 17,MALE,KWAZULU NATAL,UNKNOWN,25,25-34,3
772787,Royal ,Biggers,Royal 175@mailxyz.com,@Royal 17,MALE,GAUTENG,BLACK,37,35-44,4
772796,Claud ,Mccollum,Claud 341@yahoo.com,@Claud 34,MALE,GAUTENG,BLACK,13,<18,1
772798,Robby ,Mcculloch,Robby 161@yahoo.com,@Robby 16,MALE,KWAZULU NATAL,BLACK,42,35-44,4
772802,Carter ,Tatham,Carter 32@gmail.com,@Carter 3,MALE,FREE STATE,COLOURED,21,18-24,2
772826,Michel ,Vital,Michel 202@gmail.com,@Michel 20,MALE,LIMPOPO,BLACK,23,18-24,2
772827,Bernardo ,Mina,Bernardo 321@yahoo.com,@Bernardo 32,MALE,NORTH WEST,BLACK,28,25-34,3
772828,Valentine ,Sytsma,Valentine 475@mailxyz.com,@Valentine 47,MALE,NORTHERN CAPE,COLOURED,25,25-34,3
772829,Bernardo ,Marek,Bernardo 321@yahoo.com,@Bernardo 32,MALE,LIMPOPO,BLACK,32,25-34,3
772832,Iva ,Styer,Iva 84@abcmail.com,@Iva 8,FEMALE,GAUTENG,WHITE,29,25-34,3
772839,Yong ,Hier,Yong 485@mailxyz.com,@Yong 48,MALE,LIMPOPO,BLACK,27,25-34,3
772844,Abel ,Nicholls,Abel 185@mailxyz.com,@Abel 18,MALE,GAUTENG,BLACK,34,25-34,3
772855,Samuel ,Curran,Samuel 261@yahoo.com,@Samuel 26,MALE,KWAZULU NATAL,BLACK,30,25-34,3
772861,Stefan ,Tancredi,Stefan 462@gmail.com,@Stefan 46,MALE,GAUTENG,BLACK,27,25-34,3
772873,Wilton ,Shkreli,Wilton 415@mailxyz.com,@Wilton 41,MALE,LIMPOPO,BLACK,9,<18,1
772879,Chas ,Mastrangelo,Chas 353@mail.com,@Chas 35,MALE,KWAZULU NATAL,WHITE,41,35-44,4
772881,Hyman ,Sieren,Hyman 84@abcmail.com,@Hyman 8,MALE,KWAZULU NATAL,BLACK,32,25-34,3
772890,Lane ,Hier,Lane 112@gmail.com,@Lane 11,MALE,GAUTENG,UNKNOWN,25,25-34,3
772891,Randy ,Woolard,Randy 391@yahoo.com,@Randy 39,MALE,EASTERN CAPE,COLOURED,44,35-44,4
772897,Cory ,Mastrangelo,Cory 103@mail.com,@Cory 10,MALE,GAUTENG,BLACK,32,25-34,3
772900,Markus ,Jacox,Markus 195@mailxyz.com,@Markus 19,MALE,GAUTENG,BLACK,30,25-34,3
772903,Shane ,Lavoie,Shane 22@gmail.com,@Shane 2,MALE,EASTERN CAPE,COLOURED,40,35-44,4
772904,Cordie ,Singer,Cordie 104@abcmail.com,@Cordie 10,FEMALE,GAUTENG,UNKNOWN,50,45-54,5
772912,Emerson ,Mastrangelo,Emerson 243@mail.com,@Emerson 24,MALE,EASTERN CAPE,WHITE,29,25-34,3
772919,Lucas ,Shkreli,Lucas 231@yahoo.com,@Lucas 23,MALE,GAUTENG,WHITE,35,35-44,4
772921,Kyle ,Mcclaine,Kyle 62@gmail.com,@Kyle 6,MALE,MPUMALANGA,BLACK,25,25-34,3
772926,Anette ,Leicht,Anette 131@yahoo.com,@Anette 13,FEMALE,KWAZULU NATAL,COLOURED,39,35-44,4
772929,Len ,Gettys,Len 442@gmail.com,@Len 44,MALE,WESTERN CAPE,WHITE,39,35-44,4
772932,Robby ,Deblois,Robby 164@abcmail.com,@Robby 16,MALE,NORTHERN CAPE,BLACK,27,25-34,3
772938,Jared ,Biggers,Jared 502@gmail.com,@Jared 50,MALE,WESTERN CAPE,COLOURED,36,35-44,4
772943,Stephen ,Vital,Stephen 152@gmail.com,@Stephen 15,MALE,WESTERN CAPE,COLOURED,30,25-34,3
772946,Charlie ,Holt,Charlie 361@yahoo.com,@Charlie 36,MALE,WESTERN CAPE,BLACK,34,25-34,3
772948,Hollis ,Beville,Hollis 385@mailxyz.com,@Hollis 38,MALE,KWAZULU NATAL,INDIAN_ASIAN,51,45-54,5
772950,Briana ,Caves,Briana 335@mailxyz.com,@Briana 33,FEMALE,GAUTENG,BLACK,35,35-44,4
772952,Dee ,Arrieta,Dee 212@gmail.com,@Dee 21,MALE,MPUMALANGA,WHITE,45,45-54,5
772954,Felipa ,Mcculloch,Felipa 282@gmail.com,@Felipa 28,FEMALE,NORTHERN CAPE,COLOURED,32,25-34,3
772955,Filiberto ,Pascarella,Filiberto 41@yahoo.com,@Filiberto 4,MALE,GAUTENG,UNKNOWN,30,25-34,3
772956,Markus ,Tancredi,Markus 192@gmail.com,@Markus 19,MALE,GAUTENG,INDIAN_ASIAN,25,25-34,3
772957,Lucas ,Mcculloch,Lucas 232@gmail.com,@Lucas 23,MALE,GAUTENG,INDIAN_ASIAN,53,45-54,5
772964,Yong ,Restivo,Yong 484@abcmail.com,@Yong 48,MALE,MPUMALANGA,UNKNOWN,40,35-44,4
772972,Kip ,Zweifel,Kip 141@yahoo.com,@Kip 14,MALE,WESTERN CAPE,COLOURED,32,25-34,3
772975,Lloyd ,Lavoie,Lloyd 73@mail.com,@Lloyd 7,MALE,GAUTENG,BLACK,35,35-44,4
772976,Randy ,Paradis,Randy 391@yahoo.com,@Randy 39,MALE,GAUTENG,BLACK,26,25-34,3
772978,Torrie ,Mcclaine,Torrie 72@gmail.com,@Torrie 7,FEMALE,GAUTENG,UNKNOWN,33,25-34,3
772980,Earl ,Reisinger,Earl 424@abcmail.com,@Earl 42,MALE,LIMPOPO,BLACK,25,25-34,3
772983,Yong ,Crotty,Yong 483@mail.com,@Yong 48,MALE,GAUTENG,UNKNOWN,46,45-54,5
772988,Shane ,Restivo,Shane 25@mailxyz.com,@Shane 2,MALE,GAUTENG,BLACK,31,25-34,3
772992,Samuel ,Biggers,Samuel 264@abcmail.com,@Samuel 26,MALE,MPUMALANGA,BLACK,24,18-24,2
772998,Raymundo ,Zweifel,Raymundo 435@mailxyz.com,@Raymundo 43,MALE,MPUMALANGA,WHITE,21,18-24,2
773002,Randy ,Deblois,Randy 395@mailxyz.com,@Randy 39,MALE,GAUTENG,BLACK,25,25-34,3
773004,Abel ,Mccollum,Abel 183@mail.com,@Abel 18,MALE,NORTH WEST,BLACK,32,25-34,3
773012,Filiberto ,Pascarella,Filiberto 45@mailxyz.com,@Filiberto 4,MALE,GAUTENG,BLACK,45,45-54,5
773014,Lane ,Fudge,Lane 115@mailxyz.com,@Lane 11,MALE,GAUTENG,BLACK,19,18-24,2
773016,Kip ,Caves,Kip 144@abcmail.com,@Kip 14,MALE,FREE STATE,BLACK,45,45-54,5
773017,Cody ,Pascarella,Cody 124@abcmail.com,@Cody 12,MALE,GAUTENG,COLOURED,23,18-24,2
773020,Raymundo ,Mccown,Raymundo 431@yahoo.com,@Raymundo 43,MALE,NORTH WEST,BLACK,20,18-24,2
773027,Dee ,Mosser,Dee 215@mailxyz.com,@Dee 21,MALE,WESTERN CAPE,COLOURED,39,35-44,4
773030,Malika ,Sieren,Malika 282@gmail.com,@Malika 28,FEMALE,NORTHERN CAPE,BLACK,25,25-34,3
773035,Seema ,Fudge,Seema 265@mailxyz.com,@Seema 26,FEMALE,WESTERN CAPE,WHITE,113,55+,6
773039,Carter ,Crotty,Carter 31@yahoo.com,@Carter 3,MALE,KWAZULU NATAL,INDIAN_ASIAN,27,25-34,3
773044,Lucas ,Marek,Lucas 233@mail.com,@Lucas 23,MALE,WESTERN CAPE,BLACK,25,25-34,3
773049,Shane ,Crotty,Shane 25@mailxyz.com,@Shane 2,MALE,KWAZULU NATAL,INDIAN_ASIAN,26,25-34,3
773052,Emerson ,Pool,Emerson 244@abcmail.com,@Emerson 24,MALE,GAUTENG,COLOURED,49,45-54,5
773053,Art ,Tatham,Art 404@abcmail.com,@Art 40,MALE,LIMPOPO,UNKNOWN,44,35-44,4
773054,Dee ,Styer,Dee 213@mail.com,@Dee 21,MALE,GAUTENG,BLACK,34,25-34,3
773055,Royal ,Hoadley,Royal 172@gmail.com,@Royal 17,MALE,KWAZULU NATAL,BLACK,26,25-34,3
773057,Earl ,Paradis,Earl 423@mail.com,@Earl 42,MALE,WESTERN CAPE,BLACK,38,35-44,4
773059,Shane ,Crotty,Shane 22@gmail.com,@Shane 2,MALE,MPUMALANGA,BLACK,38,35-44,4
773061,Robby ,Gettys,Robby 161@yahoo.com,@Robby 16,MALE,GAUTENG,BLACK,46,45-54,5
773062,Valentine ,Beville,Valentine 473@mail.com,@Valentine 47,MALE,MPUMALANGA,BLACK,32,25-34,3
773064,Lucas ,Mina,Lucas 232@gmail.com,@Lucas 23,MALE,GAUTENG,WHITE,49,45-54,5
773065,Williemae ,Holt,Williemae 421@yahoo.com,@Williemae 42,FEMALE,GAUTENG,COLOURED,21,18-24,2
773077,Loyd ,Vital,Loyd 492@gmail.com,@Loyd 49,MALE,GAUTENG,BLACK,45,45-54,5
773090,Yong ,Crotty,Yong 485@mailxyz.com,@Yong 48,MALE,GAUTENG,INDIAN_ASIAN,34,25-34,3
773098,Len ,Martello,Len 444@abcmail.com,@Len 44,MALE,NORTH WEST,BLACK,26,25-34,3
773105,Dee ,Crotty,Dee 213@mail.com,@Dee 21,MALE,GAUTENG,BLACK,36,35-44,4
773113,Art ,Martello,Art 402@gmail.com,@Art 40,MALE,KWAZULU NATAL,BLACK,28,25-34,3
773133,Lloyd ,Mina,Lloyd 73@mail.com,@Lloyd 7,MALE,GAUTENG,BLACK,37,35-44,4
773138,Robby ,Luthy,Robby 164@abcmail.com,@Robby 16,MALE,NORTH WEST,BLACK,40,35-44,4
773141,Royal ,Lavoie,Royal 173@mail.com,@Royal 17,MALE,LIMPOPO,BLACK,24,18-24,2
773142,Brendan ,Arrieta,Brendan 451@yahoo.com,@Brendan 45,MALE,MPUMALANGA,WHITE,54,45-54,5
773147,Dee ,Arrieta,Dee 213@mail.com,@Dee 21,MALE,GAUTENG,BLACK,35,35-44,4
773149,Lane ,Wigfall,Lane 112@gmail.com,@Lane 11,MALE,WESTERN CAPE,COLOURED,27,25-34,3
773156,Royal ,Restivo,Royal 175@mailxyz.com,@Royal 17,MALE,GAUTENG,BLACK,44,35-44,4
773159,Emerson ,Mastrangelo,Emerson 242@gmail.com,@Emerson 24,MALE,EASTERN CAPE,WHITE,27,25-34,3
773163,Carlota ,Tancredi,Carlota 241@yahoo.com,@Carlota 24,FEMALE,WESTERN CAPE,BLACK,26,25-34,3
773165,Michel ,Lavoie,Michel 202@gmail.com,@Michel 20,MALE,MPUMALANGA,BLACK,28,25-34,3
773175,Dee ,Pool,Dee 211@yahoo.com,@Dee 21,MALE,MPUMALANGA,BLACK,29,25-34,3
773183,Chas ,Vital,Chas 352@gmail.com,@Chas 35,MALE,WESTERN CAPE,WHITE,12,<18,1
773187,Royal ,Bilyeu,Royal 173@mail.com,@Royal 17,MALE,MPUMALANGA,WHITE,38,35-44,4
773188,Hugh,Mcculloch,Hugh11@yahoo.com,@Hugh1,MALE,NORTHERN CAPE,INDIAN_ASIAN,34,25-34,3
773197,Lillie ,Langenfeld,Lillie 504@abcmail.com,@Lillie 50,FEMALE,GAUTENG,COLOURED,40,35-44,4
773203,Charlie ,Vital,Charlie 363@mail.com,@Charlie 36,MALE,GAUTENG,BLACK,32,25-34,3
773206,Cory ,Leicht,Cory 103@mail.com,@Cory 10,MALE,FREE STATE,WHITE,52,45-54,5
773212,Chas ,Mosser,Chas 354@abcmail.com,@Chas 35,MALE,GAUTENG,BLACK,23,18-24,2
773214,Bret ,Lavoie,Bret 315@mailxyz.com,@Bret 31,MALE,WESTERN CAPE,UNKNOWN,45,45-54,5
773226,Hollis ,Sieren,Hollis 381@yahoo.com,@Hollis 38,MALE,GAUTENG,WHITE,20,18-24,2
773228,Irving ,Martello,Irving 51@yahoo.com,@Irving 5,MALE,LIMPOPO,WHITE,22,18-24,2
773242,Art ,Creager,Art 405@mailxyz.com,@Art 40,MALE,GAUTENG,WHITE,37,35-44,4
773246,Bernardo ,Curran,Bernardo 323@mail.com,@Bernardo 32,MALE,MPUMALANGA,UNKNOWN,40,35-44,4
773248,Randy ,Gettys,Randy 395@mailxyz.com,@Randy 39,MALE,GAUTENG,WHITE,39,35-44,4
773263,Charlie ,Mcculloch,Charlie 362@gmail.com,@Charlie 36,MALE,WESTERN CAPE,COLOURED,35,35-44,4
773265,Jared ,Curran,Jared 503@mail.com,@Jared 50,MALE,KWAZULU NATAL,INDIAN_ASIAN,34,25-34,3
773269,Hollis ,Pool,Hollis 382@gmail.com,@Hollis 38,MALE,MPUMALANGA,BLACK,35,35-44,4
773270,Carter ,Sieren,Carter 32@gmail.com,@Carter 3,MALE,WESTERN CAPE,COLOURED,28,25-34,3
773276,Shane ,Mastrangelo,Shane 23@mail.com,@Shane 2,MALE,GAUTENG,WHITE,27,25-34,3
773290,Yong ,Singer,Yong 481@yahoo.com,@Yong 48,MALE,NORTHERN CAPE,COLOURED,26,25-34,3
773298,Robby ,Borelli,Robby 163@mail.com,@Robby 16,MALE,WESTERN CAPE,BLACK,34,25-34,3
773300,Tiffani ,Pilot,Tiffani 242@gmail.com,@Tiffani 24,FEMALE,LIMPOPO,BLACK,22,18-24,2
773303,Raymundo ,Pilot,Raymundo 434@abcmail.com,@Raymundo 43,MALE,GAUTENG,WHITE,34,25-34,3
773304,Earl ,Paradis,Earl 421@yahoo.com,@Earl 42,MALE,WESTERN CAPE,BLACK,49,45-54,5
773306,Samuel ,Borelli,Samuel 261@yahoo.com,@Samuel 26,MALE,WESTERN CAPE,COLOURED,67,55+,6
773309,Bess ,Jacox,Bess 151@yahoo.com,@Bess 15,FEMALE,FREE STATE,BLACK,24,18-24,2
773312,Irving ,Deblois,Irving 55@mailxyz.com,@Irving 5,MALE,GAUTENG,WHITE,30,25-34,3
773314,Wilton ,Pascarella,Wilton 413@mail.com,@Wilton 41,MALE,NORTH WEST,BLACK,41,35-44,4
773317,Trudie ,Restivo,Trudie 223@mail.com,@Trudie 22,FEMALE,GAUTENG,WHITE,47,45-54,5
773319,Romeo ,Shkreli,Romeo 374@abcmail.com,@Romeo 37,MALE,NORTHERN CAPE,BLACK,19,18-24,2
773320,Haywood ,Leicht,Haywood 91@yahoo.com,@Haywood 9,MALE,WESTERN CAPE,COLOURED,46,45-54,5
773321,Wilton ,Crotty,Wilton 415@mailxyz.com,@Wilton 41,MALE,KWAZULU NATAL,INDIAN_ASIAN,20,18-24,2
773323,Brendan ,Gettys,Brendan 455@mailxyz.com,@Brendan 45,MALE,GAUTENG,COLOURED,25,25-34,3
773326,Stefan ,Reisinger,Stefan 464@abcmail.com,@Stefan 46,MALE,GAUTENG,WHITE,45,45-54,5
773327,Loris ,Hier,Loris 41@yahoo.com,@Loris 4,FEMALE,GAUTENG,BLACK,25,25-34,3
773329,Irving ,Vital,Irving 51@yahoo.com,@Irving 5,MALE,GAUTENG,BLACK,48,45-54,5
773339,Michel ,Slane,Michel 201@yahoo.com,@Michel 20,MALE,GAUTENG,COLOURED,27,25-34,3
773342,Romeo ,Leicht,Romeo 375@mailxyz.com,@Romeo 37,MALE,MPUMALANGA,UNKNOWN,50,45-54,5
773343,Nakita ,Pool,Nakita 151@yahoo.com,@Nakita 15,FEMALE,FREE STATE,WHITE,37,35-44,4
773347,Raymundo ,Hoadley,Raymundo 435@mailxyz.com,@Raymundo 43,MALE,GAUTENG,BLACK,25,25-34,3
773352,Wilton ,Zweifel,Wilton 415@mailxyz.com,@Wilton 41,MALE,GAUTENG,BLACK,36,35-44,4
773360,Irving ,Langenfeld,Irving 54@abcmail.com,@Irving 5,MALE,GAUTENG,INDIAN_ASIAN,40,35-44,4
773361,Abel ,Mccollum,Abel 184@abcmail.com,@Abel 18,MALE,GAUTENG,BLACK,27,25-34,3
773365,Kip ,Jacox,Kip 142@gmail.com,@Kip 14,MALE,EASTERN CAPE,BLACK,44,35-44,4
773368,Filiberto ,Pool,Filiberto 43@mail.com,@Filiberto 4,MALE,GAUTENG,BLACK,39,35-44,4
773384,Jared ,Gettys,Jared 503@mail.com,@Jared 50,MALE,MPUMALANGA,BLACK,46,45-54,5
773385,Samuel ,Paradis,Samuel 263@mail.com,@Samuel 26,MALE,GAUTENG,BLACK,49,45-54,5
773387,Lane ,Lavoie,Lane 112@gmail.com,@Lane 11,MALE,GAUTENG,UNKNOWN,18,18-24,2
773393,Charlie ,Singer,Charlie 363@mail.com,@Charlie 36,MALE,WESTERN CAPE,WHITE,17,<18,1
773397,Carter ,Pascarella,Carter 32@gmail.com,@Carter 3,MALE,WESTERN CAPE,COLOURED,30,25-34,3
773403,Jared ,Wigfall,Jared 505@mailxyz.com,@Jared 50,MALE,WESTERN CAPE,UNKNOWN,31,25-34,3
773405,Eli ,Zweifel,Eli 294@abcmail.com,@Eli 29,MALE,MPUMALANGA,BLACK,29,25-34,3
773406,Michel ,Tancredi,Michel 202@gmail.com,@Michel 20,MALE,GAUTENG,BLACK,44,35-44,4
773409,Alecia ,Roquemore,Alecia 84@abcmail.com,@Alecia 8,FEMALE,GAUTENG,UNKNOWN,33,25-34,3
773413,Kyle ,Woolard,Kyle 62@gmail.com,@Kyle 6,MALE,GAUTENG,BLACK,21,18-24,2
773414,Filiberto ,Crotty,Filiberto 44@abcmail.com,@Filiberto 4,MALE,GAUTENG,BLACK,24,18-24,2
773415,Michel ,Condie,Michel 203@mail.com,@Michel 20,MALE,GAUTENG,BLACK,35,35-44,4
773423,Shane ,Pascarella,Shane 23@mail.com,@Shane 2,MALE,WESTERN CAPE,COLOURED,36,35-44,4
773431,Roxane ,Lavoie,Roxane 404@abcmail.com,@Roxane 40,FEMALE,KWAZULU NATAL,INDIAN_ASIAN,24,18-24,2
773433,Dee ,Curran,Dee 215@mailxyz.com,@Dee 21,MALE,KWAZULU NATAL,INDIAN_ASIAN,32,25-34,3
773440,Carter ,Mcclaine,Carter 34@abcmail.com,@Carter 3,MALE,KWAZULU NATAL,UNKNOWN,19,18-24,2
773444,Loyd ,Crotty,Loyd 494@abcmail.com,@Loyd 49,MALE,LIMPOPO,WHITE,61,55+,6
773452,Hollis ,Jacox,Hollis 383@mail.com,@Hollis 38,MALE,EASTERN CAPE,BLACK,44,35-44,4
773453,Donald ,Mccown,Donald 224@abcmail.com,@Donald 22,MALE,EASTERN CAPE,BLACK,32,25-34,3
773458,Bess ,Jacox,Bess 63@mail.com,@Bess 6,FEMALE,GAUTENG,BLACK,20,18-24,2
773461,Claud ,Reisinger,Claud 342@gmail.com,@Claud 34,MALE,LIMPOPO,BLACK,29,25-34,3
773462,Efren ,Mcculloch,Efren 132@gmail.com,@Efren 13,MALE,KWAZULU NATAL,BLACK,38,35-44,4
773487,Kip ,Creager,Kip 144@abcmail.com,@Kip 14,MALE,KWAZULU NATAL,COLOURED,30,25-34,3
773491,Wilton ,Creager,Wilton 414@abcmail.com,@Wilton 41,MALE,GAUTENG,WHITE,41,35-44,4
773492,Yong ,Sieren,Yong 481@yahoo.com,@Yong 48,MALE,KWAZULU NATAL,BLACK,43,35-44,4
773503,Raymundo ,Condie,Raymundo 435@mailxyz.com,@Raymundo 43,MALE,MPUMALANGA,WHITE,33,25-34,3
773504,Valentine ,Paradis,Valentine 471@yahoo.com,@Valentine 47,MALE,KWAZULU NATAL,UNKNOWN,51,45-54,5
773507,Robby ,Roquemore,Robby 164@abcmail.com,@Robby 16,MALE,KWAZULU NATAL,WHITE,43,35-44,4
773509,Stephen ,Pilot,Stephen 154@abcmail.com,@Stephen 15,MALE,GAUTENG,COLOURED,24,18-24,2
773512,Wilburn ,Mosser,Wilburn 304@abcmail.com,@Wilburn 30,MALE,EASTERN CAPE,BLACK,35,35-44,4
773517,Markus ,Pool,Markus 191@yahoo.com,@Markus 19,MALE,WESTERN CAPE,COLOURED,59,55+,6
773521,Kyle ,Pilot,Kyle 65@mailxyz.com,@Kyle 6,MALE,GAUTENG,WHITE,34,25-34,3
773530,Bernardo ,Sytsma,Bernardo 321@yahoo.com,@Bernardo 32,MALE,KWAZULU NATAL,BLACK,46,45-54,5
773540,Carter ,Sieren,Carter 33@mail.com,@Carter 3,MALE,WESTERN CAPE,COLOURED,34,25-34,3
773545,Reagan ,Biggers,Reagan 483@mail.com,@Reagan 48,FEMALE,MPUMALANGA,BLACK,62,55+,6
773549,Irving ,Caves,Irving 53@mail.com,@Irving 5,MALE,FREE STATE,BLACK,46,45-54,5
773552,Abel ,Wigfall,Abel 183@mail.com,@Abel 18,MALE,GAUTENG,BLACK,44,35-44,4
773563,Wilton ,Wigfall,Wilton 412@gmail.com,@Wilton 41,MALE,MPUMALANGA,INDIAN_ASIAN,37,35-44,4
773569,Filiberto ,Mccown,Filiberto 45@mailxyz.com,@Filiberto 4,MALE,GAUTENG,UNKNOWN,42,35-44,4
773570,Cory ,Tatham,Cory 103@mail.com,@Cory 10,MALE,GAUTENG,UNKNOWN,43,35-44,4
773728,Dee ,Luthy,Dee 213@mail.com,@Dee 21,MALE,GAUTENG,UNKNOWN,36,35-44,4
776949,Royal ,Styer,Royal 172@gmail.com,@Royal 17,MALE,GAUTENG,WHITE,59,55+,6
777129,Hugh,Luthy,Hugh15@mailxyz.com,@Hugh1,MALE,NORTH WEST,WHITE,31,25-34,3
777290,Cody ,Caves,Cody 123@mail.com,@Cody 12,MALE,GAUTENG,WHITE,43,35-44,4
777486,Lloyd ,Styer,Lloyd 75@mailxyz.com,@Lloyd 7,MALE,MPUMALANGA,BLACK,35,35-44,4
777525,Hyman ,Mina,Hyman 85@mailxyz.com,@Hyman 8,MALE,NORTHERN CAPE,INDIAN_ASIAN,34,25-34,3
777814,Carter ,Langenfeld,Carter 34@abcmail.com,@Carter 3,MALE,MPUMALANGA,BLACK,45,45-54,5
777845,Chas ,Leicht,Chas 352@gmail.com,@Chas 35,MALE,GAUTENG,BLACK,18,18-24,2
777875,Lane ,Shkreli,Lane 114@abcmail.com,@Lane 11,MALE,MPUMALANGA,BLACK,36,35-44,4
777894,Mellie ,Creager,Mellie 503@mail.com,@Mellie 50,FEMALE,GAUTENG,BLACK,35,35-44,4
777927,Wilburn ,Slane,Wilburn 303@mail.com,@Wilburn 30,MALE,GAUTENG,INDIAN_ASIAN,35,35-44,4
777934,Romeo ,Holt,Romeo 371@yahoo.com,@Romeo 37,MALE,GAUTENG,BLACK,34,25-34,3
777946,Eula ,Mccown,Eula 495@mailxyz.com,@Eula 49,FEMALE,GAUTENG,BLACK,43,35-44,4
777952,Randy ,Luthy,Randy 393@mail.com,@Randy 39,MALE,GAUTENG,BLACK,32,25-34,3
777965,Lane ,Zweifel,Lane 112@gmail.com,@Lane 11,MALE,WESTERN CAPE,COLOURED,44,35-44,4
778000,Donald ,Paradis,Donald 225@mailxyz.com,@Donald 22,MALE,WESTERN CAPE,COLOURED,53,45-54,5
778011,Robby ,Bilyeu,Robby 165@mailxyz.com,@Robby 16,MALE,GAUTENG,WHITE,20,18-24,2
778034,Emerson ,Mina,Emerson 243@mail.com,@Emerson 24,MALE,GAUTENG,BLACK,32,25-34,3
778036,Sharri ,Tatham,Sharri 183@mail.com,@Sharri 18,FEMALE,WESTERN CAPE,COLOURED,35,35-44,4
778041,Hugh,Nicholls,Hugh14@abcmail.com,@Hugh1,MALE,GAUTENG,BLACK,23,18-24,2
778180,Earl ,Borelli,Earl 421@yahoo.com,@Earl 42,MALE,WESTERN CAPE,COLOURED,34,25-34,3
778192,Stephen ,Creager,Stephen 153@mail.com,@Stephen 15,MALE,WESTERN CAPE,WHITE,49,45-54,5
778248,Brendan ,Creager,Brendan 451@yahoo.com,@Brendan 45,MALE,WESTERN CAPE,UNKNOWN,34,25-34,3
778267,Carter ,Pascarella,Carter 35@mailxyz.com,@Carter 3,MALE,GAUTENG,BLACK,31,25-34,3
778272,Stefan ,Styer,Stefan 463@mail.com,@Stefan 46,MALE,WESTERN CAPE,COLOURED,29,25-34,3
778332,Irving ,Hoadley,Irving 51@yahoo.com,@Irving 5,MALE,MPUMALANGA,BLACK,39,35-44,4
778561,Chas ,Arrieta,Chas 352@gmail.com,@Chas 35,MALE,WESTERN CAPE,COLOURED,47,45-54,5
778797,Haywood ,Borelli,Haywood 93@mail.com,@Haywood 9,MALE,KWAZULU NATAL,INDIAN_ASIAN,47,45-54,5
778959,Earl ,Arrieta,Earl 421@yahoo.com,@Earl 42,MALE,GAUTENG,BLACK,20,18-24,2
778983,Kip ,Holt,Kip 143@mail.com,@Kip 14,MALE,GAUTENG,BLACK,20,18-24,2
778984,Chas ,Shkreli,Chas 355@mailxyz.com,@Chas 35,MALE,GAUTENG,BLACK,34,25-34,3
779244,Cory ,Tatham,Cory 101@yahoo.com,@Cory 10,MALE,GAUTENG,WHITE,29,25-34,3
779263,Mellie ,Creager,Mellie 231@yahoo.com,@Mellie 23,FEMALE,GAUTENG,WHITE,37,35-44,4
779369,Dee ,Mastrangelo,Dee 211@yahoo.com,@Dee 21,MALE,GAUTENG,BLACK,36,35-44,4
779373,Loyd ,Beville,Loyd 492@gmail.com,@Loyd 49,MALE,LIMPOPO,BLACK,40,35-44,4
779395,Wilburn ,Crotty,Wilburn 302@gmail.com,@Wilburn 30,MALE,WESTERN CAPE,COLOURED,23,18-24,2
779410,Yolonda ,Pascarella,Yolonda 131@yahoo.com,@Yolonda 13,FEMALE,GAUTENG,COLOURED,26,25-34,3
779442,Alecia ,Roquemore,Alecia 415@mailxyz.com,@Alecia 41,FEMALE,FREE STATE,BLACK,31,25-34,3
779471,Stefan ,Biggers,Stefan 464@abcmail.com,@Stefan 46,MALE,EASTERN CAPE,BLACK,28,25-34,3
779485,Yong ,Reisinger,Yong 481@yahoo.com,@Yong 48,MALE,NORTH WEST,BLACK,25,25-34,3
779486,Valentine ,Zweifel,Valentine 474@abcmail.com,@Valentine 47,MALE,GAUTENG,BLACK,36,35-44,4
779489,Wilton ,Bilyeu,Wilton 411@yahoo.com,@Wilton 41,MALE,KWAZULU NATAL,BLACK,37,35-44,4
779500,Brendan ,Hoadley,Brendan 451@yahoo.com,@Brendan 45,MALE,WESTERN CAPE,WHITE,33,25-34,3
779505,Bernardo ,Pascarella,Bernardo 322@gmail.com,@Bernardo 32,MALE,GAUTENG,BLACK,22,18-24,2
779576,Eli ,Curran,Eli 293@mail.com,@Eli 29,MALE,KWAZULU NATAL,UNKNOWN,22,18-24,2
779588,Randy ,Pascarella,Randy 394@abcmail.com,@Randy 39,MALE,GAUTENG,WHITE,32,25-34,3
779592,Luanna ,Hoadley,Luanna 402@gmail.com,@Luanna 40,FEMALE,GAUTENG,BLACK,40,35-44,4
779618,Stefan ,Marek,Stefan 462@gmail.com,@Stefan 46,MALE,NORTH WEST,BLACK,40,35-44,4
779642,Lane ,Beville,Lane 115@mailxyz.com,@Lane 11,MALE,GAUTENG,BLACK,42,35-44,4
779656,Blanca ,Slane,Blanca 403@mail.com,@Blanca 40,FEMALE,GAUTENG,BLACK,29,25-34,3
779704,Haywood ,Pool,Haywood 94@abcmail.com,@Haywood 9,MALE,GAUTENG,BLACK,34,25-34,3
779728,Art ,Jacox,Art 402@gmail.com,@Art 40,MALE,GAUTENG,WHITE,28,25-34,3
779770,Valentine ,Caves,Valentine 474@abcmail.com,@Valentine 47,MALE,GAUTENG,COLOURED,37,35-44,4
779785,Donald ,Shkreli,Donald 225@mailxyz.com,@Donald 22,MALE,KWAZULU NATAL,BLACK,37,35-44,4
779807,Bret ,Pilot,Bret 313@mail.com,@Bret 31,MALE,NORTHERN CAPE,WHITE,25,25-34,3
779859,Michel ,Arrieta,Michel 202@gmail.com,@Michel 20,MALE,GAUTENG,BLACK,20,18-24,2
779956,Cody ,Mcculloch,Cody 123@mail.com,@Cody 12,MALE,WESTERN CAPE,COLOURED,32,25-34,3
779969,Irving ,Mcculloch,Irving 51@yahoo.com,@Irving 5,MALE,MPUMALANGA,BLACK,34,25-34,3
779974,Anette ,Leicht,Anette 315@mailxyz.com,@Anette 31,FEMALE,MPUMALANGA,UNKNOWN,30,25-34,3
779975,Eula ,Mccown,Eula 301@yahoo.com,@Eula 30,FEMALE,WESTERN CAPE,BLACK,36,35-44,4
779980,Dee ,Caves,Dee 212@gmail.com,@Dee 21,MALE,EASTERN CAPE,COLOURED,46,45-54,5
779989,Cody ,Luthy,Cody 124@abcmail.com,@Cody 12,MALE,GAUTENG,BLACK,31,25-34,3
779996,Lucas ,Mcclaine,Lucas 235@mailxyz.com,@Lucas 23,MALE,NORTHERN CAPE,UNKNOWN,27,25-34,3
779998,Kip ,Pascarella,Kip 141@yahoo.com,@Kip 14,MALE,NORTHERN CAPE,COLOURED,29,25-34,3
780021,Wilton ,Luthy,Wilton 415@mailxyz.com,@Wilton 41,MALE,MPUMALANGA,BLACK,43,35-44,4
780045,Kip ,Langenfeld,Kip 142@gmail.com,@Kip 14,MALE,KWAZULU NATAL,WHITE,29,25-34,3
780046,Claud ,Singer,Claud 345@mailxyz.com,@Claud 34,MALE,GAUTENG,BLACK,29,25-34,3
780056,Romeo ,Creager,Romeo 373@mail.com,@Romeo 37,MALE,WESTERN CAPE,COLOURED,30,25-34,3
780070,Brendan ,Reisinger,Brendan 451@yahoo.com,@Brendan 45,MALE,GAUTENG,WHITE,28,25-34,3
780108,Lucas ,Deblois,Lucas 231@yahoo.com,@Lucas 23,MALE,KWAZULU NATAL,WHITE,45,45-54,5
780110,Trudie ,Restivo,Trudie 292@gmail.com,@Trudie 29,FEMALE,NORTHERN CAPE,BLACK,25,25-34,3
780111,Irving ,Holt,Irving 53@mail.com,@Irving 5,MALE,GAUTENG,INDIAN_ASIAN,27,25-34,3
780130,Hollis ,Crotty,Hollis 383@mail.com,@Hollis 38,MALE,GAUTENG,BLACK,44,35-44,4
780147,Raymundo ,Reisinger,Raymundo 435@mailxyz.com,@Raymundo 43,MALE,GAUTENG,BLACK,23,18-24,2
780191,Yong ,Mastrangelo,Yong 481@yahoo.com,@Yong 48,MALE,WESTERN CAPE,COLOURED,26,25-34,3
780217,Adela ,Vital,Adela 132@gmail.com,@Adela 13,FEMALE,KWAZULU NATAL,INDIAN_ASIAN,33,25-34,3
780232,Lesli ,Martello,Lesli 93@mail.com,@Lesli 9,FEMALE,MPUMALANGA,BLACK,35,35-44,4
780252,Lucas ,Fudge,Lucas 234@abcmail.com,@Lucas 23,MALE,LIMPOPO,BLACK,44,35-44,4
780254,Romeo ,Crotty,Romeo 375@mailxyz.com,@Romeo 37,MALE,WESTERN CAPE,COLOURED,24,18-24,2
780287,Efren ,Leicht,Efren 132@gmail.com,@Efren 13,MALE,LIMPOPO,BLACK,29,25-34,3
780291,Bret ,Tancredi,Bret 311@yahoo.com,@Bret 31,MALE,GAUTENG,BLACK,41,35-44,4
780328,Cody ,Nicholls,Cody 122@gmail.com,@Cody 12,MALE,KWAZULU NATAL,BLACK,32,25-34,3
780334,Valentine ,Leicht,Valentine 472@gmail.com,@Valentine 47,MALE,KWAZULU NATAL,BLACK,26,25-34,3
780346,Abel ,Condie,Abel 185@mailxyz.com,@Abel 18,MALE,WESTERN CAPE,COLOURED,29,25-34,3
780355,Wilburn ,Langenfeld,Wilburn 304@abcmail.com,@Wilburn 30,MALE,GAUTENG,WHITE,30,25-34,3
780402,Briana ,Caves,Briana 503@mail.com,@Briana 50,FEMALE,NORTH WEST,BLACK,34,25-34,3
780457,Hyman ,Shkreli,Hyman 81@yahoo.com,@Hyman 8,MALE,WESTERN CAPE,COLOURED,33,25-34,3
780466,Lucas ,Langenfeld,Lucas 231@yahoo.com,@Lucas 23,MALE,KWAZULU NATAL,BLACK,50,45-54,5
780468,Stephen ,Deblois,Stephen 153@mail.com,@Stephen 15,MALE,GAUTENG,BLACK,31,25-34,3
780477,Abel ,Mccollum,Abel 181@yahoo.com,@Abel 18,MALE,GAUTENG,BLACK,38,35-44,4
780483,Chas ,Bilyeu,Chas 354@abcmail.com,@Chas 35,MALE,MPUMALANGA,BLACK,29,25-34,3
780497,Malika ,Sieren,Malika 404@abcmail.com,@Malika 40,FEMALE,MPUMALANGA,BLACK,27,25-34,3
780506,Brendan ,Roquemore,Brendan 451@yahoo.com,@Brendan 45,MALE,WESTERN CAPE,WHITE,25,25-34,3
780546,Charlie ,Crotty,Charlie 364@abcmail.com,@Charlie 36,MALE,GAUTENG,BLACK,45,45-54,5
780559,Loyd ,Woolard,Loyd 495@mailxyz.com,@Loyd 49,MALE,WESTERN CAPE,WHITE,38,35-44,4
780583,Raymundo ,Curran,Raymundo 433@mail.com,@Raymundo 43,MALE,GAUTENG,BLACK,27,25-34,3
780610,Hyman ,Paradis,Hyman 83@mail.com,@Hyman 8,MALE,GAUTENG,BLACK,40,35-44,4
780648,Reagan ,Biggers,Reagan 34@abcmail.com,@Reagan 3,FEMALE,FREE STATE,BLACK,46,45-54,5
780650,Romeo ,Bilyeu,Romeo 372@gmail.com,@Romeo 37,MALE,MPUMALANGA,BLACK,41,35-44,4
780656,Wilton ,Fudge,Wilton 414@abcmail.com,@Wilton 41,MALE,GAUTENG,BLACK,45,45-54,5
780657,Hugh,Sieren,Hugh14@abcmail.com,@Hugh1,MALE,WESTERN CAPE,BLACK,48,45-54,5
780695,Brendan ,Woolard,Brendan 453@mail.com,@Brendan 45,MALE,GAUTENG,BLACK,31,25-34,3
780701,Efren ,Pascarella,Efren 132@gmail.com,@Efren 13,MALE,GAUTENG,BLACK,45,45-54,5
780710,Earline ,Zweifel,Earline 293@mail.com,@Earline 29,FEMALE,EASTERN CAPE,BLACK,24,18-24,2
780818,Kip ,Deblois,Kip 145@mailxyz.com,@Kip 14,MALE,MPUMALANGA,WHITE,22,18-24,2
780819,Valentine ,Pascarella,Valentine 472@gmail.com,@Valentine 47,MALE,LIMPOPO,BLACK,38,35-44,4
780823,Claud ,Vital,Claud 342@gmail.com,@Claud 34,MALE,WESTERN CAPE,WHITE,45,45-54,5
785456,Winona ,Wigfall,Winona 74@abcmail.com,@Winona 7,FEMALE,GAUTENG,WHITE,41,35-44,4
785592,Romeo ,Mosser,Romeo 373@mail.com,@Romeo 37,MALE,LIMPOPO,WHITE,19,18-24,2
785965,Earl ,Sieren,Earl 422@gmail.com,@Earl 42,MALE,WESTERN CAPE,UNKNOWN,34,25-34,3
785968,Donald ,Woolard,Donald 222@gmail.com,@Donald 22,MALE,GAUTENG,WHITE,39,35-44,4
786055,Williemae ,Holt,Williemae 484@abcmail.com,@Williemae 48,FEMALE,GAUTENG,WHITE,25,25-34,3
786099,Bret ,Marek,Bret 312@gmail.com,@Bret 31,MALE,GAUTENG,BLACK,30,25-34,3
786181,Art ,Wigfall,Art 405@mailxyz.com,@Art 40,MALE,GAUTENG,BLACK,27,25-34,3
786206,Valentine ,Lavoie,Valentine 473@mail.com,@Valentine 47,MALE,GAUTENG,INDIAN_ASIAN,15,<18,1
786241,Valentine ,Paradis,Valentine 475@mailxyz.com,@Valentine 47,MALE,GAUTENG,BLACK,48,45-54,5
786270,Emerson ,Pilot,Emerson 242@gmail.com,@Emerson 24,MALE,LIMPOPO,BLACK,20,18-24,2
786343,Shane ,Pool,Shane 25@mailxyz.com,@Shane 2,MALE,KWAZULU NATAL,INDIAN_ASIAN,37,35-44,4
786446,Anette ,Leicht,Anette 14@abcmail.com,@Anette 1,FEMALE,FREE STATE,UNKNOWN,56,55+,6
786452,Earl ,Sytsma,Earl 422@gmail.com,@Earl 42,MALE,GAUTENG,WHITE,28,25-34,3
786580,Garry ,Martello,Garry 283@mail.com,@Garry 28,MALE,GAUTENG,BLACK,24,18-24,2
786585,Dion ,Fudge,Dion 335@mailxyz.com,@Dion 33,MALE,LIMPOPO,WHITE,26,25-34,3
786607,Kyle ,Lavoie,Kyle 63@mail.com,@Kyle 6,MALE,WESTERN CAPE,COLOURED,45,45-54,5
786693,Stephen ,Paradis,Stephen 151@yahoo.com,@Stephen 15,MALE,KWAZULU NATAL,BLACK,41,35-44,4
786741,Iva ,Styer,Iva 271@yahoo.com,@Iva 27,FEMALE,FREE STATE,BLACK,39,35-44,4
786757,Eli ,Mcclaine,Eli 292@gmail.com,@Eli 29,MALE,NORTHERN CAPE,BLACK,35,35-44,4
786800,Claud ,Sytsma,Claud 344@abcmail.com,@Claud 34,MALE,MPUMALANGA,BLACK,23,18-24,2
786821,Haywood ,Mcclaine,Haywood 95@mailxyz.com,@Haywood 9,MALE,MPUMALANGA,BLACK,37,35-44,4
786863,Malika ,Sieren,Malika 32@gmail.com,@Malika 3,FEMALE,NORTHERN CAPE,BLACK,30,25-34,3
786864,Chas ,Roquemore,Chas 352@gmail.com,@Chas 35,MALE,MPUMALANGA,BLACK,25,25-34,3
786885,Valentine ,Singer,Valentine 475@mailxyz.com,@Valentine 47,MALE,GAUTENG,WHITE,56,55+,6
786910,Stephen ,Nicholls,Stephen 153@mail.com,@Stephen 15,MALE,EASTERN CAPE,BLACK,33,25-34,3
786931,Stefan ,Sytsma,Stefan 461@yahoo.com,@Stefan 46,MALE,KWAZULU NATAL,BLACK,21,18-24,2
787028,Michel ,Creager,Michel 202@gmail.com,@Michel 20,MALE,WESTERN CAPE,COLOURED,44,35-44,4
787054,Lucas ,Luthy,Lucas 235@mailxyz.com,@Lucas 23,MALE,MPUMALANGA,WHITE,19,18-24,2
787128,Yong ,Biggers,Yong 482@gmail.com,@Yong 48,MALE,GAUTENG,BLACK,100,55+,6
787182,Earl ,Reisinger,Earl 424@abcmail.com,@Earl 42,MALE,GAUTENG,WHITE,46,45-54,5
787212,Royal ,Creager,Royal 171@yahoo.com,@Royal 17,MALE,GAUTENG,BLACK,36,35-44,4
787256,Lane ,Gettys,Lane 115@mailxyz.com,@Lane 11,MALE,GAUTENG,COLOURED,27,25-34,3
787285,Chas ,Condie,Chas 354@abcmail.com,@Chas 35,MALE,GAUTENG,BLACK,44,35-44,4
787343,Valentine ,Caves,Valentine 474@abcmail.com,@Valentine 47,MALE,KWAZULU NATAL,WHITE,41,35-44,4
787357,Lillian ,Borelli,Lillian 442@gmail.com,@Lillian 44,FEMALE,MPUMALANGA,BLACK,34,25-34,3
787359,Emerson ,Roquemore,Emerson 245@mailxyz.com,@Emerson 24,MALE,GAUTENG,BLACK,28,25-34,3
787422,Shane ,Gettys,Shane 22@gmail.com,@Shane 2,MALE,MPUMALANGA,WHITE,24,18-24,2
787444,Hollis ,Marek,Hollis 381@yahoo.com,@Hollis 38,MALE,GAUTENG,WHITE,47,45-54,5
787445,Haywood ,Tancredi,Haywood 95@mailxyz.com,@Haywood 9,MALE,GAUTENG,COLOURED,28,25-34,3
787533,Cody ,Sieren,Cody 124@abcmail.com,@Cody 12,MALE,KWAZULU NATAL,BLACK,48,45-54,5
787618,Hyman ,Roquemore,Hyman 82@gmail.com,@Hyman 8,MALE,GAUTENG,WHITE,60,55+,6
787649,Loyd ,Mccown,Loyd 492@gmail.com,@Loyd 49,MALE,KWAZULU NATAL,BLACK,38,35-44,4
787656,Garry ,Sytsma,Garry 284@abcmail.com,@Garry 28,MALE,GAUTENG,BLACK,26,25-34,3
787730,Dion ,Hier,Dion 331@yahoo.com,@Dion 33,MALE,MPUMALANGA,WHITE,32,25-34,3
787846,Dia ,Arrieta,Dia 85@mailxyz.com,@Dia 8,FEMALE,WESTERN CAPE,COLOURED,32,25-34,3
788008,Yong ,Paradis,Yong 484@abcmail.com,@Yong 48,MALE,KWAZULU NATAL,INDIAN_ASIAN,17,<18,1
788215,Bernardo ,Hoadley,Bernardo 324@abcmail.com,@Bernardo 32,MALE,LIMPOPO,INDIAN_ASIAN,33,25-34,3
788281,Valentine ,Tatham,Valentine 471@yahoo.com,@Valentine 47,MALE,GAUTENG,UNKNOWN,25,25-34,3
788466,Donald ,Paradis,Donald 224@abcmail.com,@Donald 22,MALE,WESTERN CAPE,COLOURED,26,25-34,3
788537,Hugh,Mccown,Hugh11@yahoo.com,@Hugh1,MALE,KWAZULU NATAL,BLACK,32,25-34,3
788562,Lane ,Singer,Lane 115@mailxyz.com,@Lane 11,MALE,GAUTENG,UNKNOWN,41,35-44,4
788616,Winona ,Wigfall,Winona 482@gmail.com,@Winona 48,FEMALE,GAUTENG,BLACK,44,35-44,4
788649,Randy ,Styer,Randy 394@abcmail.com,@Randy 39,MALE,GAUTENG,WHITE,39,35-44,4
788672,Eli ,Pilot,Eli 294@abcmail.com,@Eli 29,MALE,GAUTENG,BLACK,39,35-44,4
788725,Jacinto ,Reisinger,Jacinto 252@gmail.com,@Jacinto 25,MALE,FREE STATE,BLACK,32,25-34,3
788727,Stefan ,Bilyeu,Stefan 463@mail.com,@Stefan 46,MALE,WESTERN CAPE,COLOURED,41,35-44,4
788728,Dion ,Paradis,Dion 333@mail.com,@Dion 33,MALE,GAUTENG,BLACK,35,35-44,4
788744,Abel ,Jacox,Abel 183@mail.com,@Abel 18,MALE,WESTERN CAPE,COLOURED,23,18-24,2
788751,Cody ,Jacox,Cody 124@abcmail.com,@Cody 12,MALE,WESTERN CAPE,COLOURED,26,25-34,3
788787,Jacinto ,Deblois,Jacinto 253@mail.com,@Jacinto 25,MALE,NORTHERN CAPE,WHITE,19,18-24,2
788788,Len ,Styer,Len 442@gmail.com,@Len 44,MALE,KWAZULU NATAL,BLACK,40,35-44,4
788792,Felipa ,Mcculloch,Felipa 175@mailxyz.com,@Felipa 17,FEMALE,GAUTENG,BLACK,36,35-44,4
788794,Chas ,Hier,Chas 354@abcmail.com,@Chas 35,MALE,LIMPOPO,BLACK,24,18-24,2
788827,Lane ,Fudge,Lane 112@gmail.com,@Lane 11,MALE,WESTERN CAPE,BLACK,28,25-34,3
788844,Hugh,Leicht,Hugh13@mail.com,@Hugh1,MALE,GAUTENG,BLACK,28,25-34,3
788854,Jacinto ,Lavoie,Jacinto 254@abcmail.com,@Jacinto 25,MALE,LIMPOPO,COLOURED,28,25-34,3
788856,Valentine ,Fudge,Valentine 471@yahoo.com,@Valentine 47,MALE,WESTERN CAPE,UNKNOWN,45,45-54,5
788857,Raymundo ,Vital,Raymundo 434@abcmail.com,@Raymundo 43,MALE,WESTERN CAPE,WHITE,47,45-54,5
788858,Charlie ,Vital,Charlie 362@gmail.com,@Charlie 36,MALE,WESTERN CAPE,BLACK,30,25-34,3
788877,Katharina ,Condie,Katharina 414@abcmail.com,@Katharina 41,FEMALE,WESTERN CAPE,COLOURED,26,25-34,3
788891,Markus ,Wigfall,Markus 192@gmail.com,@Markus 19,MALE,KWAZULU NATAL,COLOURED,28,25-34,3
788893,Stacy ,Woolard,Stacy 271@yahoo.com,@Stacy 27,MALE,MPUMALANGA,BLACK,33,25-34,3
788911,Randy ,Reisinger,Randy 395@mailxyz.com,@Randy 39,MALE,GAUTENG,BLACK,25,25-34,3
788922,Cory ,Fudge,Cory 101@yahoo.com,@Cory 10,MALE,WESTERN CAPE,COLOURED,52,45-54,5
788930,Lane ,Sieren,Lane 114@abcmail.com,@Lane 11,MALE,NORTH WEST,WHITE,31,25-34,3
788936,Raymundo ,Gettys,Raymundo 435@mailxyz.com,@Raymundo 43,MALE,LIMPOPO,BLACK,22,18-24,2
788941,Kyle ,Nicholls,Kyle 62@gmail.com,@Kyle 6,MALE,WESTERN CAPE,WHITE,35,35-44,4
788942,Royal ,Sytsma,Royal 171@yahoo.com,@Royal 17,MALE,WESTERN CAPE,COLOURED,32,25-34,3
788945,Dion ,Marek,Dion 335@mailxyz.com,@Dion 33,MALE,FREE STATE,BLACK,33,25-34,3
788947,Lloyd ,Mccown,Lloyd 75@mailxyz.com,@Lloyd 7,MALE,KWAZULU NATAL,BLACK,39,35-44,4
788949,Bernardo ,Reisinger,Bernardo 321@yahoo.com,@Bernardo 32,MALE,GAUTENG,WHITE,29,25-34,3
788951,Loyd ,Mccown,Loyd 494@abcmail.com,@Loyd 49,MALE,KWAZULU NATAL,BLACK,37,35-44,4
788954,Cory ,Lavoie,Cory 103@mail.com,@Cory 10,MALE,GAUTENG,BLACK,41,35-44,4
788958,Art ,Luthy,Art 402@gmail.com,@Art 40,MALE,KWAZULU NATAL,WHITE,38,35-44,4
788959,Cody ,Pascarella,Cody 125@mailxyz.com,@Cody 12,MALE,GAUTENG,UNKNOWN,35,35-44,4
788961,Kyle ,Mccown,Kyle 63@mail.com,@Kyle 6,MALE,NORTH WEST,BLACK,62,55+,6
788969,Markus ,Vital,Markus 194@abcmail.com,@Markus 19,MALE,NORTH WEST,BLACK,42,35-44,4
788978,Irving ,Condie,Irving 52@gmail.com,@Irving 5,MALE,WESTERN CAPE,OTHER,37,35-44,4
788988,Luann ,Mina,Luann 405@mailxyz.com,@Luann 40,FEMALE,GAUTENG,BLACK,44,35-44,4
788990,Garry ,Mccollum,Garry 284@abcmail.com,@Garry 28,MALE,MPUMALANGA,BLACK,27,25-34,3
788992,Robby ,Pascarella,Robby 162@gmail.com,@Robby 16,MALE,GAUTENG,BLACK,29,25-34,3
788994,Filiberto ,Mosser,Filiberto 44@abcmail.com,@Filiberto 4,MALE,WESTERN CAPE,UNKNOWN,44,35-44,4
788997,Charlie ,Mcculloch,Charlie 364@abcmail.com,@Charlie 36,MALE,GAUTENG,BLACK,30,25-34,3
788998,Cody ,Pilot,Cody 122@gmail.com,@Cody 12,MALE,GAUTENG,WHITE,41,35-44,4
788999,Anette ,Leicht,Anette 151@yahoo.com,@Anette 15,FEMALE,KWAZULU NATAL,WHITE,41,35-44,4
789004,Valentine ,Pool,Valentine 472@gmail.com,@Valentine 47,MALE,NORTHERN CAPE,UNKNOWN,36,35-44,4
789010,Carter ,Mina,Carter 31@yahoo.com,@Carter 3,MALE,NORTHERN CAPE,BLACK,23,18-24,2
789022,Donald ,Sytsma,Donald 225@mailxyz.com,@Donald 22,MALE,EASTERN CAPE,COLOURED,36,35-44,4
789030,Lane ,Mcclaine,Lane 111@yahoo.com,@Lane 11,MALE,WESTERN CAPE,UNKNOWN,9,<18,1
789047,Hyman ,Curran,Hyman 81@yahoo.com,@Hyman 8,MALE,WESTERN CAPE,WHITE,44,35-44,4
789050,Abel ,Tancredi,Abel 183@mail.com,@Abel 18,MALE,MPUMALANGA,BLACK,37,35-44,4
789051,Brendan ,Crotty,Brendan 453@mail.com,@Brendan 45,MALE,EASTERN CAPE,BLACK,25,25-34,3
789053,Williemae ,Holt,Williemae 492@gmail.com,@Williemae 49,FEMALE,GAUTENG,BLACK,34,25-34,3
789054,Lane ,Sieren,Lane 115@mailxyz.com,@Lane 11,MALE,WESTERN CAPE,BLACK,42,35-44,4
789055,Chas ,Mosser,Chas 354@abcmail.com,@Chas 35,MALE,GAUTENG,BLACK,48,45-54,5
789056,Nakita ,Pool,Nakita 355@mailxyz.com,@Nakita 35,FEMALE,GAUTENG,BLACK,48,45-54,5
789059,Jacinto ,Arrieta,Jacinto 252@gmail.com,@Jacinto 25,MALE,KWAZULU NATAL,BLACK,42,35-44,4
789060,Donald ,Paradis,Donald 225@mailxyz.com,@Donald 22,MALE,GAUTENG,BLACK,32,25-34,3
789061,Randy ,Mccollum,Randy 395@mailxyz.com,@Randy 39,MALE,GAUTENG,BLACK,33,25-34,3
789062,Lane ,Beville,Lane 114@abcmail.com,@Lane 11,MALE,GAUTENG,BLACK,33,25-34,3
789064,Yolonda ,Pascarella,Yolonda 411@yahoo.com,@Yolonda 41,FEMALE,WESTERN CAPE,COLOURED,27,25-34,3
789068,Charlie ,Fudge,Charlie 364@abcmail.com,@Charlie 36,MALE,EASTERN CAPE,COLOURED,30,25-34,3
789072,Robby ,Restivo,Robby 164@abcmail.com,@Robby 16,MALE,GAUTENG,BLACK,42,35-44,4
789076,Reagan ,Biggers,Reagan 324@abcmail.com,@Reagan 32,FEMALE,MPUMALANGA,BLACK,31,25-34,3
789078,Shane ,Roquemore,Shane 23@mail.com,@Shane 2,MALE,NORTHERN CAPE,WHITE,27,25-34,3
789082,Cory ,Mcculloch,Cory 103@mail.com,@Cory 10,MALE,LIMPOPO,INDIAN_ASIAN,26,25-34,3
789090,Jared ,Mina,Jared 505@mailxyz.com,@Jared 50,MALE,GAUTENG,BLACK,27,25-34,3
789091,Jacinto ,Luthy,Jacinto 253@mail.com,@Jacinto 25,MALE,MPUMALANGA,BLACK,33,25-34,3
789095,Jared ,Condie,Jared 503@mail.com,@Jared 50,MALE,FREE STATE,BLACK,20,18-24,2
789099,Dion ,Paradis,Dion 335@mailxyz.com,@Dion 33,MALE,GAUTENG,UNKNOWN,41,35-44,4
789103,Gretta ,Mosser,Gretta 272@gmail.com,@Gretta 27,FEMALE,EASTERN CAPE,BLACK,47,45-54,5
789105,Donald ,Leicht,Donald 222@gmail.com,@Donald 22,MALE,MPUMALANGA,BLACK,34,25-34,3
789107,Earl ,Slane,Earl 422@gmail.com,@Earl 42,MALE,LIMPOPO,BLACK,25,25-34,3
789109,Zetta ,Gettys,Zetta 292@gmail.com,@Zetta 29,FEMALE,GAUTENG,BLACK,32,25-34,3
789112,Donald ,Mastrangelo,Donald 221@yahoo.com,@Donald 22,MALE,GAUTENG,BLACK,23,18-24,2
789122,Yong ,Fudge,Yong 481@yahoo.com,@Yong 48,MALE,EASTERN CAPE,BLACK,24,18-24,2
789124,Jacinto ,Beville,Jacinto 251@yahoo.com,@Jacinto 25,MALE,GAUTENG,INDIAN_ASIAN,26,25-34,3
789127,Wilburn ,Pool,Wilburn 305@mailxyz.com,@Wilburn 30,MALE,WESTERN CAPE,COLOURED,25,25-34,3
789131,Charlie ,Pool,Charlie 363@mail.com,@Charlie 36,MALE,GAUTENG,WHITE,24,18-24,2
789133,Lillian ,Borelli,Lillian 15@mailxyz.com,@Lillian 1,FEMALE,MPUMALANGA,BLACK,33,25-34,3
789134,Stephen ,Deblois,Stephen 151@yahoo.com,@Stephen 15,MALE,GAUTENG,BLACK,49,45-54,5
789138,Wilburn ,Curran,Wilburn 304@abcmail.com,@Wilburn 30,MALE,GAUTENG,BLACK,42,35-44,4
789144,Efren ,Lavoie,Efren 133@mail.com,@Efren 13,MALE,GAUTENG,BLACK,40,35-44,4
789148,Stephen ,Vital,Stephen 151@yahoo.com,@Stephen 15,MALE,WESTERN CAPE,COLOURED,36,35-44,4
789150,Hollis ,Mccown,Hollis 384@abcmail.com,@Hollis 38,MALE,KWAZULU NATAL,INDIAN_ASIAN,29,25-34,3
789155,Adela ,Vital,Adela 392@gmail.com,@Adela 39,FEMALE,GAUTENG,BLACK,36,35-44,4
789156,Wilburn ,Gettys,Wilburn 301@yahoo.com,@Wilburn 30,MALE,MPUMALANGA,BLACK,23,18-24,2
789167,Abel ,Holt,Abel 183@mail.com,@Abel 18,MALE,WESTERN CAPE,INDIAN_ASIAN,41,35-44,4
789168,Bret ,Creager,Bret 312@gmail.com,@Bret 31,MALE,LIMPOPO,INDIAN_ASIAN,32,25-34,3
789171,Williemae ,Holt,Williemae 251@yahoo.com,@Williemae 25,FEMALE,GAUTENG,UNKNOWN,34,25-34,3
789176,Loyd ,Reisinger,Loyd 492@gmail.com,@Loyd 49,MALE,EASTERN CAPE,COLOURED,30,25-34,3
789182,Robby ,Styer,Robby 161@yahoo.com,@Robby 16,MALE,GAUTENG,COLOURED,34,25-34,3
789185,Jared ,Woolard,Jared 502@gmail.com,@Jared 50,MALE,WESTERN CAPE,COLOURED,27,25-34,3
789195,Dee ,Biggers,Dee 215@mailxyz.com,@Dee 21,MALE,MPUMALANGA,BLACK,22,18-24,2
789201,Hugh,Leicht,Hugh13@mail.com,@Hugh1,MALE,LIMPOPO,BLACK,36,35-44,4
789202,Irving ,Creager,Irving 52@gmail.com,@Irving 5,MALE,WESTERN CAPE,COLOURED,28,25-34,3
789204,Jared ,Hoadley,Jared 505@mailxyz.com,@Jared 50,MALE,KWAZULU NATAL,INDIAN_ASIAN,23,18-24,2
789219,Romeo ,Vital,Romeo 375@mailxyz.com,@Romeo 37,MALE,KWAZULU NATAL,INDIAN_ASIAN,40,35-44,4
789220,Abel ,Mastrangelo,Abel 181@yahoo.com,@Abel 18,MALE,MPUMALANGA,WHITE,26,25-34,3
789224,Anette ,Leicht,Anette 374@abcmail.com,@Anette 37,FEMALE,WESTERN CAPE,WHITE,29,25-34,3
789225,Rebekah ,Paradis,Rebekah 225@mailxyz.com,@Rebekah 22,FEMALE,KWAZULU NATAL,INDIAN_ASIAN,14,<18,1
789227,Jacinto ,Vital,Jacinto 255@mailxyz.com,@Jacinto 25,MALE,WESTERN CAPE,COLOURED,36,35-44,4
789229,Shane ,Sieren,Shane 22@gmail.com,@Shane 2,MALE,FREE STATE,BLACK,24,18-24,2
789241,Carter ,Crotty,Carter 34@abcmail.com,@Carter 3,MALE,NORTHERN CAPE,COLOURED,25,25-34,3
789244,Chas ,Sieren,Chas 352@gmail.com,@Chas 35,MALE,NORTH WEST,BLACK,19,18-24,2
789247,Wilburn ,Mina,Wilburn 304@abcmail.com,@Wilburn 30,MALE,WESTERN CAPE,OTHER,29,25-34,3
789248,Wilton ,Mccollum,Wilton 414@abcmail.com,@Wilton 41,MALE,WESTERN CAPE,WHITE,51,45-54,5
789250,Loyd ,Slane,Loyd 494@abcmail.com,@Loyd 49,MALE,GAUTENG,WHITE,38,35-44,4
789251,Raymundo ,Mccown,Raymundo 435@mailxyz.com,@Raymundo 43,MALE,WESTERN CAPE,COLOURED,9,<18,1
789252,Shane ,Mosser,Shane 24@abcmail.com,@Shane 2,MALE,EASTERN CAPE,COLOURED,37,35-44,4
789254,Art ,Beville,Art 401@yahoo.com,@Art 40,MALE,MPUMALANGA,BLACK,24,18-24,2
789256,Jared ,Gettys,Jared 501@yahoo.com,@Jared 50,MALE,MPUMALANGA,BLACK,27,25-34,3
789261,Lloyd ,Luthy,Lloyd 73@mail.com,@Lloyd 7,MALE,GAUTENG,BLACK,34,25-34,3
789263,Garry ,Roquemore,Garry 282@gmail.com,@Garry 28,MALE,GAUTENG,WHITE,24,18-24,2
789265,Samuel ,Mccown,Samuel 261@yahoo.com,@Samuel 26,MALE,NORTH WEST,WHITE,32,25-34,3
789269,Shane ,Hoadley,Shane 21@yahoo.com,@Shane 2,MALE,KWAZULU NATAL,BLACK,32,25-34,3
789278,Kyle ,Zweifel,Kyle 65@mailxyz.com,@Kyle 6,MALE,NORTHERN CAPE,COLOURED,39,35-44,4
789280,Romeo ,Gettys,Romeo 373@mail.com,@Romeo 37,MALE,GAUTENG,BLACK,42,35-44,4
789288,Bernardo ,Pascarella,Bernardo 324@abcmail.com,@Bernardo 32,MALE,LIMPOPO,INDIAN_ASIAN,25,25-34,3
789295,Eula ,Mccown,Eula 313@mail.com,@Eula 31,FEMALE,WESTERN CAPE,WHITE,35,35-44,4
789297,Samuel ,Marek,Samuel 261@yahoo.com,@Samuel 26,MALE,MPUMALANGA,BLACK,33,25-34,3
789306,Bret ,Woolard,Bret 312@gmail.com,@Bret 31,MALE,WESTERN CAPE,COLOURED,28,25-34,3
789309,Bernardo ,Fudge,Bernardo 323@mail.com,@Bernardo 32,MALE,WESTERN CAPE,COLOURED,48,45-54,5
789311,Emerson ,Wigfall,Emerson 244@abcmail.com,@Emerson 24,MALE,EASTERN CAPE,BLACK,34,25-34,3
789318,Claud ,Jacox,Claud 341@yahoo.com,@Claud 34,MALE,WESTERN CAPE,COLOURED,35,35-44,4
789319,Claud ,Sieren,Claud 345@mailxyz.com,@Claud 34,MALE,WESTERN CAPE,BLACK,44,35-44,4
789321,Haywood ,Mcclaine,Haywood 93@mail.com,@Haywood 9,MALE,MPUMALANGA,BLACK,23,18-24,2
789358,Chas ,Martello,Chas 351@yahoo.com,@Chas 35,MALE,KWAZULU NATAL,INDIAN_ASIAN,30,25-34,3
789360,Bret ,Mcculloch,Bret 315@mailxyz.com,@Bret 31,MALE,MPUMALANGA,BLACK,24,18-24,2
789365,Stacy ,Crotty,Stacy 273@mail.com,@Stacy 27,MALE,GAUTENG,UNKNOWN,40,35-44,4
789368,Jacinto ,Lavoie,Jacinto 252@gmail.com,@Jacinto 25,MALE,GAUTENG,BLACK,22,18-24,2
789376,Haywood ,Martello,Haywood 91@yahoo.com,@Haywood 9,MALE,GAUTENG,BLACK,49,45-54,5
789429,Emerson ,Creager,Emerson 242@gmail.com,@Emerson 24,MALE,WESTERN CAPE,BLACK,35,35-44,4
789431,Jared ,Shkreli,Jared 505@mailxyz.com,@Jared 50,MALE,MPUMALANGA,BLACK,49,45-54,5
789474,Art ,Martello,Art 401@yahoo.com,@Art 40,MALE,EASTERN CAPE,UNKNOWN,48,45-54,5
789476,Shane ,Styer,Shane 24@abcmail.com,@Shane 2,MALE,LIMPOPO,WHITE,40,35-44,4
789477,Dee ,Slane,Dee 211@yahoo.com,@Dee 21,MALE,KWAZULU NATAL,BLACK,40,35-44,4
789766,Bret ,Restivo,Bret 312@gmail.com,@Bret 31,MALE,FREE STATE,BLACK,18,18-24,2
789773,Cody ,Tancredi,Cody 121@yahoo.com,@Cody 12,MALE,GAUTENG,BLACK,32,25-34,3
790069,Valentine ,Sytsma,Valentine 475@mailxyz.com,@Valentine 47,MALE,KWAZULU NATAL,WHITE,37,35-44,4
790102,Randy ,Bilyeu,Randy 393@mail.com,@Randy 39,MALE,LIMPOPO,INDIAN_ASIAN,32,25-34,3
790113,Stefan ,Paradis,Stefan 464@abcmail.com,@Stefan 46,MALE,WESTERN CAPE,OTHER,51,45-54,5
790114,Cory ,Mastrangelo,Cory 101@yahoo.com,@Cory 10,MALE,GAUTENG,WHITE,18,18-24,2
790129,Loyd ,Pascarella,Loyd 495@mailxyz.com,@Loyd 49,MALE,WESTERN CAPE,WHITE,30,25-34,3
790134,Trudie ,Restivo,Trudie 313@mail.com,@Trudie 31,FEMALE,NORTH WEST,UNKNOWN,36,35-44,4
790325,Charlie ,Paradis,Charlie 364@abcmail.com,@Charlie 36,MALE,KWAZULU NATAL,BLACK,32,25-34,3
790327,Dee ,Vital,Dee 215@mailxyz.com,@Dee 21,MALE,GAUTENG,BLACK,37,35-44,4
790366,Bernardo ,Shkreli,Bernardo 325@mailxyz.com,@Bernardo 32,MALE,GAUTENG,WHITE,54,45-54,5
790373,Kyle ,Pilot,Kyle 65@mailxyz.com,@Kyle 6,MALE,WESTERN CAPE,COLOURED,26,25-34,3
790378,Earl ,Sieren,Earl 425@mailxyz.com,@Earl 42,MALE,KWAZULU NATAL,BLACK,30,25-34,3
790440,Hollis ,Hoadley,Hollis 381@yahoo.com,@Hollis 38,MALE,GAUTENG,BLACK,16,<18,1
790459,Filiberto ,Styer,Filiberto 41@yahoo.com,@Filiberto 4,MALE,GAUTENG,WHITE,41,35-44,4
790520,Tiffani ,Pilot,Tiffani 35@mailxyz.com,@Tiffani 3,FEMALE,GAUTENG,INDIAN_ASIAN,28,25-34,3
790685,Brendan ,Sytsma,Brendan 454@abcmail.com,@Brendan 45,MALE,KWAZULU NATAL,BLACK,29,25-34,3
791275,Mellie ,Creager,Mellie 13@mail.com,@Mellie 1,FEMALE,GAUTENG,BLACK,39,35-44,4
791320,Shandra ,Mccollum,Shandra 411@yahoo.com,@Shandra 41,FEMALE,KWAZULU NATAL,INDIAN_ASIAN,37,35-44,4
791444,Romeo ,Leicht,Romeo 373@mail.com,@Romeo 37,MALE,GAUTENG,BLACK,18,18-24,2
791470,Gretta ,Mosser,Gretta 435@mailxyz.com,@Gretta 43,FEMALE,GAUTENG,COLOURED,24,18-24,2
791480,Robby ,Curran,Robby 162@gmail.com,@Robby 16,MALE,KWAZULU NATAL,WHITE,18,18-24,2
791497,Claud ,Langenfeld,Claud 341@yahoo.com,@Claud 34,MALE,MPUMALANGA,BLACK,34,25-34,3
791575,Randy ,Fudge,Randy 391@yahoo.com,@Randy 39,MALE,GAUTENG,BLACK,29,25-34,3
791644,Cory ,Mcclaine,Cory 105@mailxyz.com,@Cory 10,MALE,KWAZULU NATAL,WHITE,40,35-44,4
791773,Jared ,Roquemore,Jared 502@gmail.com,@Jared 50,MALE,KWAZULU NATAL,OTHER,30,25-34,3
791981,Alecia ,Roquemore,Alecia 153@mail.com,@Alecia 15,FEMALE,GAUTENG,BLACK,32,25-34,3
792114,Garry ,Styer,Garry 284@abcmail.com,@Garry 28,MALE,FREE STATE,BLACK,21,18-24,2
792398,Eli ,Jacox,Eli 294@abcmail.com,@Eli 29,MALE,NORTHERN CAPE,BLACK,37,35-44,4
792539,Stacy ,Luthy,Stacy 275@mailxyz.com,@Stacy 27,MALE,FREE STATE,WHITE,31,25-34,3
792875,Bernardo ,Langenfeld,Bernardo 323@mail.com,@Bernardo 32,MALE,KWAZULU NATAL,INDIAN_ASIAN,24,18-24,2
792937,Michel ,Sieren,Michel 201@yahoo.com,@Michel 20,MALE,GAUTENG,BLACK,32,25-34,3
793041,Earl ,Mastrangelo,Earl 424@abcmail.com,@Earl 42,MALE,NORTH WEST,BLACK,40,35-44,4
793124,Donald ,Pool,Donald 221@yahoo.com,@Donald 22,MALE,GAUTENG,INDIAN_ASIAN,30,25-34,3
793133,Wilburn ,Sytsma,Wilburn 304@abcmail.com,@Wilburn 30,MALE,WESTERN CAPE,BLACK,34,25-34,3
793232,Wilton ,Mastrangelo,Wilton 415@mailxyz.com,@Wilton 41,MALE,NORTH WEST,BLACK,27,25-34,3
793259,Hollis ,Marek,Hollis 381@yahoo.com,@Hollis 38,MALE,GAUTENG,BLACK,30,25-34,3
793366,Randy ,Pool,Randy 395@mailxyz.com,@Randy 39,MALE,KWAZULU NATAL,WHITE,35,35-44,4
793446,Jared ,Lavoie,Jared 505@mailxyz.com,@Jared 50,MALE,GAUTENG,UNKNOWN,48,45-54,5
793571,Shelley ,Reisinger,Shelley 234@abcmail.com,@Shelley 23,FEMALE,EASTERN CAPE,WHITE,9,<18,1
793616,Michel ,Biggers,Michel 205@mailxyz.com,@Michel 20,MALE,GAUTENG,WHITE,29,25-34,3
793649,Sharri ,Tatham,Sharri 162@gmail.com,@Sharri 16,FEMALE,LIMPOPO,OTHER,21,18-24,2
793652,Len ,Mccollum,Len 443@mail.com,@Len 44,MALE,EASTERN CAPE,BLACK,32,25-34,3
793662,Stefan ,Reisinger,Stefan 465@mailxyz.com,@Stefan 46,MALE,WESTERN CAPE,COLOURED,26,25-34,3
793670,Kip ,Holt,Kip 144@abcmail.com,@Kip 14,MALE,WESTERN CAPE,COLOURED,44,35-44,4
793672,Anette ,Leicht,Anette 244@abcmail.com,@Anette 24,FEMALE,KWAZULU NATAL,BLACK,31,25-34,3
793693,Charlie ,Pool,Charlie 362@gmail.com,@Charlie 36,MALE,GAUTENG,BLACK,25,25-34,3
793697,Loyd ,Woolard,Loyd 492@gmail.com,@Loyd 49,MALE,KWAZULU NATAL,UNKNOWN,55,55+,6
793729,Markus ,Langenfeld,Markus 195@mailxyz.com,@Markus 19,MALE,WESTERN CAPE,COLOURED,36,35-44,4
793752,Cory ,Wigfall,Cory 102@gmail.com,@Cory 10,MALE,WESTERN CAPE,WHITE,28,25-34,3
793835,Jacinto ,Restivo,Jacinto 252@gmail.com,@Jacinto 25,MALE,FREE STATE,WHITE,30,25-34,3
793883,Lloyd ,Roquemore,Lloyd 74@abcmail.com,@Lloyd 7,MALE,NORTHERN CAPE,COLOURED,32,25-34,3
793905,Winona ,Wigfall,Winona 112@gmail.com,@Winona 11,FEMALE,LIMPOPO,BLACK,41,35-44,4
793912,Kip ,Hoadley,Kip 143@mail.com,@Kip 14,MALE,GAUTENG,BLACK,25,25-34,3
793938,Claud ,Restivo,Claud 341@yahoo.com,@Claud 34,MALE,KWAZULU NATAL,INDIAN_ASIAN,48,45-54,5
793947,Hollis ,Mina,Hollis 383@mail.com,@Hollis 38,MALE,GAUTENG,BLACK,42,35-44,4
793961,Briana ,Caves,Briana 474@abcmail.com,@Briana 47,FEMALE,FREE STATE,BLACK,28,25-34,3
794020,Lucas ,Vital,Lucas 232@gmail.com,@Lucas 23,MALE,WESTERN CAPE,BLACK,50,45-54,5
794025,Emerson ,Holt,Emerson 244@abcmail.com,@Emerson 24,MALE,FREE STATE,BLACK,35,35-44,4
794031,Cody ,Mcculloch,Cody 122@gmail.com,@Cody 12,MALE,MPUMALANGA,BLACK,23,18-24,2
794044,Raymundo ,Bilyeu,Raymundo 433@mail.com,@Raymundo 43,MALE,KWAZULU NATAL,INDIAN_ASIAN,31,25-34,3
794133,Luann ,Mina,Luann 122@gmail.com,@Luann 12,FEMALE,WESTERN CAPE,WHITE,28,25-34,3
794141,Eli ,Vital,Eli 293@mail.com,@Eli 29,MALE,KWAZULU NATAL,COLOURED,28,25-34,3
794178,Kyle ,Hier,Kyle 62@gmail.com,@Kyle 6,MALE,NORTHERN CAPE,BLACK,36,35-44,4
794179,Brendan ,Reisinger,Brendan 451@yahoo.com,@Brendan 45,MALE,EASTERN CAPE,BLACK,23,18-24,2
794190,Dee ,Mccown,Dee 215@mailxyz.com,@Dee 21,MALE,MPUMALANGA,WHITE,29,25-34,3
794226,Dion ,Holt,Dion 335@mailxyz.com,@Dion 33,MALE,WESTERN CAPE,COLOURED,28,25-34,3
794238,Loyd ,Nicholls,Loyd 493@mail.com,@Loyd 49,MALE,MPUMALANGA,WHITE,24,18-24,2
794277,Art ,Sieren,Art 402@gmail.com,@Art 40,MALE,GAUTENG,BLACK,33,25-34,3
794287,Bernardo ,Holt,Bernardo 323@mail.com,@Bernardo 32,MALE,LIMPOPO,BLACK,27,25-34,3
794292,Valentine ,Singer,Valentine 475@mailxyz.com,@Valentine 47,MALE,FREE STATE,BLACK,32,25-34,3
794328,Kip ,Martello,Kip 144@abcmail.com,@Kip 14,MALE,WESTERN CAPE,COLOURED,24,18-24,2
794348,Lucas ,Pool,Lucas 235@mailxyz.com,@Lucas 23,MALE,GAUTENG,BLACK,32,25-34,3
794354,Loyd ,Mina,Loyd 495@mailxyz.com,@Loyd 49,MALE,GAUTENG,INDIAN_ASIAN,47,45-54,5
794358,Winona ,Wigfall,Winona 32@gmail.com,@Winona 3,FEMALE,WESTERN CAPE,WHITE,27,25-34,3
794368,Efren ,Caves,Efren 135@mailxyz.com,@Efren 13,MALE,GAUTENG,WHITE,34,25-34,3
794389,Eli ,Tancredi,Eli 292@gmail.com,@Eli 29,MALE,GAUTENG,INDIAN_ASIAN,23,18-24,2
794394,Emerson ,Mina,Emerson 241@yahoo.com,@Emerson 24,MALE,NORTH WEST,BLACK,42,35-44,4
794421,Epifania ,Crotty,Epifania 41@yahoo.com,@Epifania 4,FEMALE,GAUTENG,WHITE,35,35-44,4
794467,Kyle ,Langenfeld,Kyle 61@yahoo.com,@Kyle 6,MALE,LIMPOPO,BLACK,26,25-34,3
794489,Claud ,Gettys,Claud 342@gmail.com,@Claud 34,MALE,GAUTENG,BLACK,34,25-34,3
794494,Haywood ,Hoadley,Haywood 95@mailxyz.com,@Haywood 9,MALE,LIMPOPO,BLACK,27,25-34,3
794511,Kip ,Crotty,Kip 143@mail.com,@Kip 14,MALE,WESTERN CAPE,INDIAN_ASIAN,34,25-34,3
794528,Irving ,Bilyeu,Irving 55@mailxyz.com,@Irving 5,MALE,KWAZULU NATAL,COLOURED,30,25-34,3
794549,Emerson ,Gettys,Emerson 243@mail.com,@Emerson 24,MALE,GAUTENG,BLACK,20,18-24,2
794634,Lucas ,Creager,Lucas 234@abcmail.com,@Lucas 23,MALE,MPUMALANGA,BLACK,26,25-34,3
794647,Stephen ,Leicht,Stephen 152@gmail.com,@Stephen 15,MALE,GAUTENG,WHITE,40,35-44,4
794674,Cory ,Slane,Cory 103@mail.com,@Cory 10,MALE,WESTERN CAPE,BLACK,28,25-34,3
794762,Brendan ,Mina,Brendan 453@mail.com,@Brendan 45,MALE,GAUTENG,UNKNOWN,42,35-44,4
794763,Charlie ,Mcclaine,Charlie 364@abcmail.com,@Charlie 36,MALE,GAUTENG,BLACK,23,18-24,2
794812,Claud ,Mosser,Claud 343@mail.com,@Claud 34,MALE,EASTERN CAPE,WHITE,19,18-24,2
794813,Hugh,Crotty,Hugh14@abcmail.com,@Hugh1,MALE,WESTERN CAPE,COLOURED,29,25-34,3
794852,Reagan ,Biggers,Reagan 142@gmail.com,@Reagan 14,FEMALE,LIMPOPO,OTHER,35,35-44,4
794892,Robby ,Caves,Robby 165@mailxyz.com,@Robby 16,MALE,GAUTENG,BLACK,40,35-44,4
794902,Abel ,Restivo,Abel 183@mail.com,@Abel 18,MALE,NORTH WEST,COLOURED,43,35-44,4
794930,Len ,Mcculloch,Len 445@mailxyz.com,@Len 44,MALE,GAUTENG,WHITE,42,35-44,4
794932,Carlota ,Tancredi,Carlota 142@gmail.com,@Carlota 14,FEMALE,GAUTENG,BLACK,33,25-34,3
794933,Stefan ,Pool,Stefan 465@mailxyz.com,@Stefan 46,MALE,KWAZULU NATAL,WHITE,38,35-44,4
794939,Krysta ,Mastrangelo,Krysta 224@abcmail.com,@Krysta 22,FEMALE,GAUTENG,UNKNOWN,26,25-34,3
794966,Kip ,Hier,Kip 145@mailxyz.com,@Kip 14,MALE,MPUMALANGA,BLACK,15,<18,1
795012,Emerson ,Beville,Emerson 243@mail.com,@Emerson 24,MALE,MPUMALANGA,BLACK,27,25-34,3
795809,Shane ,Slane,Shane 22@gmail.com,@Shane 2,MALE,GAUTENG,INDIAN_ASIAN,36,35-44,4
796562,Jared ,Creager,Jared 503@mail.com,@Jared 50,MALE,WESTERN CAPE,COLOURED,23,18-24,2
796812,Filiberto ,Tatham,Filiberto 44@abcmail.com,@Filiberto 4,MALE,WESTERN CAPE,COLOURED,42,35-44,4
797116,Dion ,Langenfeld,Dion 332@gmail.com,@Dion 33,MALE,GAUTENG,WHITE,32,25-34,3
797303,Donald ,Tancredi,Donald 225@mailxyz.com,@Donald 22,MALE,GAUTENG,BLACK,41,35-44,4
797351,Earl ,Mina,Earl 424@abcmail.com,@Earl 42,MALE,WESTERN CAPE,COLOURED,39,35-44,4
797639,Bret ,Jacox,Bret 311@yahoo.com,@Bret 31,MALE,KWAZULU NATAL,WHITE,22,18-24,2
797667,Abel ,Hier,Abel 184@abcmail.com,@Abel 18,MALE,NORTH WEST,WHITE,29,25-34,3
797707,Stephen ,Beville,Stephen 152@gmail.com,@Stephen 15,MALE,NORTH WEST,WHITE,41,35-44,4
797994,Randy ,Pool,Randy 394@abcmail.com,@Randy 39,MALE,GAUTENG,BLACK,22,18-24,2
798241,Lane ,Mcculloch,Lane 112@gmail.com,@Lane 11,MALE,MPUMALANGA,BLACK,44,35-44,4
802455,Romeo ,Mina,Romeo 372@gmail.com,@Romeo 37,MALE,GAUTENG,WHITE,28,25-34,3
802478,Hugh,Sieren,Hugh13@mail.com,@Hugh1,MALE,WESTERN CAPE,WHITE,24,18-24,2
802485,Emerson ,Jacox,Emerson 241@yahoo.com,@Emerson 24,MALE,GAUTENG,WHITE,34,25-34,3
802693,Stephen ,Pascarella,Stephen 151@yahoo.com,@Stephen 15,MALE,WESTERN CAPE,UNKNOWN,41,35-44,4
802776,Filiberto ,Hier,Filiberto 44@abcmail.com,@Filiberto 4,MALE,FREE STATE,BLACK,26,25-34,3
802821,Jared ,Tancredi,Jared 503@mail.com,@Jared 50,MALE,WESTERN CAPE,COLOURED,26,25-34,3
803152,Lane ,Tatham,Lane 112@gmail.com,@Lane 11,MALE,EASTERN CAPE,UNKNOWN,47,45-54,5
803159,Stefan ,Deblois,Stefan 463@mail.com,@Stefan 46,MALE,GAUTENG,BLACK,30,25-34,3
803160,Epifania ,Crotty,Epifania 412@gmail.com,@Epifania 41,FEMALE,GAUTENG,INDIAN_ASIAN,50,45-54,5
803183,Eli ,Slane,Eli 291@yahoo.com,@Eli 29,MALE,GAUTENG,BLACK,22,18-24,2
803185,Nubia ,Sytsma,Nubia 11@yahoo.com,@Nubia 1,FEMALE,WESTERN CAPE,UNKNOWN,37,35-44,4
803190,Loyd ,Martello,Loyd 493@mail.com,@Loyd 49,MALE,GAUTENG,UNKNOWN,39,35-44,4
803373,Lucas ,Pascarella,Lucas 234@abcmail.com,@Lucas 23,MALE,GAUTENG,INDIAN_ASIAN,29,25-34,3
803398,Nubia ,Sytsma,Nubia 402@gmail.com,@Nubia 40,FEMALE,NORTHERN CAPE,WHITE,65,55+,6
803542,Romeo ,Martello,Romeo 374@abcmail.com,@Romeo 37,MALE,KWAZULU NATAL,INDIAN_ASIAN,36,35-44,4
803575,Donald ,Mina,Donald 222@gmail.com,@Donald 22,MALE,EASTERN CAPE,INDIAN_ASIAN,27,25-34,3
803663,Roxane ,Lavoie,Roxane 185@mailxyz.com,@Roxane 18,FEMALE,GAUTENG,BLACK,24,18-24,2
803703,Bernardo ,Mina,Bernardo 321@yahoo.com,@Bernardo 32,MALE,WESTERN CAPE,COLOURED,33,25-34,3
803732,Valentine ,Pascarella,Valentine 474@abcmail.com,@Valentine 47,MALE,KWAZULU NATAL,INDIAN_ASIAN,43,35-44,4
803748,Kip ,Holt,Kip 144@abcmail.com,@Kip 14,MALE,EASTERN CAPE,INDIAN_ASIAN,35,35-44,4
803754,Desirae ,Luthy,Desirae 34@abcmail.com,@Desirae 3,FEMALE,NORTH WEST,BLACK,26,25-34,3
803807,Brendan ,Pilot,Brendan 455@mailxyz.com,@Brendan 45,MALE,GAUTENG,WHITE,29,25-34,3
803815,Eli ,Deblois,Eli 295@mailxyz.com,@Eli 29,MALE,GAUTENG,WHITE,32,25-34,3
803827,Michel ,Beville,Michel 205@mailxyz.com,@Michel 20,MALE,LIMPOPO,INDIAN_ASIAN,41,35-44,4
803847,Jacinto ,Lavoie,Jacinto 253@mail.com,@Jacinto 25,MALE,MPUMALANGA,BLACK,28,25-34,3
803869,Raymundo ,Borelli,Raymundo 431@yahoo.com,@Raymundo 43,MALE,MPUMALANGA,UNKNOWN,43,35-44,4
803878,Cordie ,Singer,Cordie 63@mail.com,@Cordie 6,FEMALE,MPUMALANGA,BLACK,18,18-24,2
803882,Cory ,Martello,Cory 101@yahoo.com,@Cory 10,MALE,GAUTENG,BLACK,44,35-44,4
803897,Hyman ,Deblois,Hyman 83@mail.com,@Hyman 8,MALE,WESTERN CAPE,WHITE,25,25-34,3
803936,Jared ,Singer,Jared 501@yahoo.com,@Jared 50,MALE,GAUTENG,COLOURED,35,35-44,4
803958,Jared ,Restivo,Jared 505@mailxyz.com,@Jared 50,MALE,GAUTENG,WHITE,21,18-24,2
803967,Robby ,Curran,Robby 164@abcmail.com,@Robby 16,MALE,KWAZULU NATAL,BLACK,43,35-44,4
803990,Emilie ,Deblois,Emilie 344@abcmail.com,@Emilie 34,FEMALE,FREE STATE,BLACK,27,25-34,3
803994,Yong ,Slane,Yong 481@yahoo.com,@Yong 48,MALE,GAUTENG,WHITE,24,18-24,2
804168,Loyd ,Fudge,Loyd 494@abcmail.com,@Loyd 49,MALE,GAUTENG,COLOURED,42,35-44,4
804189,Cory ,Arrieta,Cory 101@yahoo.com,@Cory 10,MALE,NORTH WEST,BLACK,39,35-44,4
804262,Hugh,Paradis,Hugh14@abcmail.com,@Hugh1,MALE,KWAZULU NATAL,INDIAN_ASIAN,22,18-24,2
804277,Irving ,Marek,Irving 51@yahoo.com,@Irving 5,MALE,GAUTENG,BLACK,27,25-34,3
804289,Chas ,Mccollum,Chas 351@yahoo.com,@Chas 35,MALE,MPUMALANGA,BLACK,31,25-34,3
804327,Donald ,Mosser,Donald 222@gmail.com,@Donald 22,MALE,LIMPOPO,INDIAN_ASIAN,43,35-44,4
804347,Hollis ,Mcclaine,Hollis 384@abcmail.com,@Hollis 38,MALE,GAUTENG,WHITE,37,35-44,4
804350,Minerva ,Marek,Minerva 322@gmail.com,@Minerva 32,FEMALE,WESTERN CAPE,COLOURED,28,25-34,3
804360,Randy ,Reisinger,Randy 391@yahoo.com,@Randy 39,MALE,LIMPOPO,BLACK,20,18-24,2
804403,Dion ,Roquemore,Dion 334@abcmail.com,@Dion 33,MALE,GAUTENG,BLACK,28,25-34,3
804404,Stefan ,Woolard,Stefan 461@yahoo.com,@Stefan 46,MALE,MPUMALANGA,BLACK,33,25-34,3
804413,Bret ,Condie,Bret 312@gmail.com,@Bret 31,MALE,LIMPOPO,BLACK,14,<18,1
804456,Kip ,Curran,Kip 142@gmail.com,@Kip 14,MALE,GAUTENG,BLACK,26,25-34,3
804459,Roxane ,Lavoie,Roxane 303@mail.com,@Roxane 30,FEMALE,GAUTENG,BLACK,30,25-34,3
804464,Krysta ,Mastrangelo,Krysta 202@gmail.com,@Krysta 20,FEMALE,LIMPOPO,BLACK,29,25-34,3
804480,Lane ,Beville,Lane 112@gmail.com,@Lane 11,MALE,WESTERN CAPE,COLOURED,50,45-54,5
804535,Carter ,Condie,Carter 34@abcmail.com,@Carter 3,MALE,NORTHERN CAPE,WHITE,20,18-24,2
804539,Raymundo ,Crotty,Raymundo 435@mailxyz.com,@Raymundo 43,MALE,GAUTENG,UNKNOWN,50,45-54,5
804554,Charlie ,Woolard,Charlie 362@gmail.com,@Charlie 36,MALE,MPUMALANGA,BLACK,38,35-44,4
804560,Lloyd ,Styer,Lloyd 71@yahoo.com,@Lloyd 7,MALE,WESTERN CAPE,COLOURED,25,25-34,3
804601,Dia ,Arrieta,Dia 51@yahoo.com,@Dia 5,FEMALE,GAUTENG,WHITE,25,25-34,3
804626,Earline ,Zweifel,Earline 73@mail.com,@Earline 7,FEMALE,GAUTENG,BLACK,24,18-24,2
804676,Filiberto ,Deblois,Filiberto 41@yahoo.com,@Filiberto 4,MALE,WESTERN CAPE,COLOURED,40,35-44,4
804700,Romeo ,Styer,Romeo 371@yahoo.com,@Romeo 37,MALE,KWAZULU NATAL,BLACK,38,35-44,4
804761,Michel ,Shkreli,Michel 204@abcmail.com,@Michel 20,MALE,EASTERN CAPE,WHITE,20,18-24,2
804771,Efren ,Gettys,Efren 135@mailxyz.com,@Efren 13,MALE,GAUTENG,WHITE,35,35-44,4
804782,Haywood ,Sieren,Haywood 94@abcmail.com,@Haywood 9,MALE,KWAZULU NATAL,INDIAN_ASIAN,32,25-34,3
804797,Haywood ,Roquemore,Haywood 92@gmail.com,@Haywood 9,MALE,KWAZULU NATAL,BLACK,26,25-34,3
804854,Randy ,Zweifel,Randy 393@mail.com,@Randy 39,MALE,KWAZULU NATAL,BLACK,35,35-44,4
804884,Lane ,Biggers,Lane 112@gmail.com,@Lane 11,MALE,EASTERN CAPE,WHITE,18,18-24,2
804888,Garry ,Caves,Garry 281@yahoo.com,@Garry 28,MALE,NORTH WEST,BLACK,29,25-34,3
804936,Michel ,Woolard,Michel 201@yahoo.com,@Michel 20,MALE,GAUTENG,BLACK,38,35-44,4
804973,Kyle ,Gettys,Kyle 64@abcmail.com,@Kyle 6,MALE,WESTERN CAPE,WHITE,44,35-44,4
804996,Randy ,Mcculloch,Randy 391@yahoo.com,@Randy 39,MALE,KWAZULU NATAL,COLOURED,33,25-34,3
805006,Stephen ,Vital,Stephen 154@abcmail.com,@Stephen 15,MALE,FREE STATE,WHITE,29,25-34,3
805025,Abel ,Bilyeu,Abel 184@abcmail.com,@Abel 18,MALE,MPUMALANGA,BLACK,44,35-44,4
805054,Samuel ,Creager,Samuel 265@mailxyz.com,@Samuel 26,MALE,WESTERN CAPE,UNKNOWN,30,25-34,3
805082,Stefan ,Mastrangelo,Stefan 464@abcmail.com,@Stefan 46,MALE,GAUTENG,WHITE,33,25-34,3
805095,Lucas ,Mina,Lucas 233@mail.com,@Lucas 23,MALE,WESTERN CAPE,COLOURED,40,35-44,4
805113,Wilton ,Pascarella,Wilton 415@mailxyz.com,@Wilton 41,MALE,GAUTENG,WHITE,39,35-44,4
805172,Irving ,Tatham,Irving 54@abcmail.com,@Irving 5,MALE,GAUTENG,BLACK,33,25-34,3
805182,Stefan ,Biggers,Stefan 461@yahoo.com,@Stefan 46,MALE,WESTERN CAPE,COLOURED,28,25-34,3
805186,Hyman ,Mcculloch,Hyman 81@yahoo.com,@Hyman 8,MALE,WESTERN CAPE,COLOURED,23,18-24,2
805196,Yong ,Pool,Yong 481@yahoo.com,@Yong 48,MALE,WESTERN CAPE,WHITE,39,35-44,4
805208,Haywood ,Mosser,Haywood 92@gmail.com,@Haywood 9,MALE,WESTERN CAPE,COLOURED,23,18-24,2
805211,Eli ,Bilyeu,Eli 291@yahoo.com,@Eli 29,MALE,WESTERN CAPE,UNKNOWN,37,35-44,4
805244,Claud ,Tatham,Claud 345@mailxyz.com,@Claud 34,MALE,GAUTENG,WHITE,32,25-34,3
805266,Cory ,Biggers,Cory 104@abcmail.com,@Cory 10,MALE,WESTERN CAPE,UNKNOWN,66,55+,6
805279,Dion ,Mccollum,Dion 335@mailxyz.com,@Dion 33,MALE,GAUTENG,COLOURED,38,35-44,4
805296,Jacinto ,Bilyeu,Jacinto 254@abcmail.com,@Jacinto 25,MALE,GAUTENG,UNKNOWN,67,55+,6
805299,Bernardo ,Mcculloch,Bernardo 324@abcmail.com,@Bernardo 32,MALE,GAUTENG,WHITE,34,25-34,3
805308,Yong ,Bilyeu,Yong 483@mail.com,@Yong 48,MALE,NORTHERN CAPE,UNKNOWN,48,45-54,5
805310,Dee ,Marek,Dee 212@gmail.com,@Dee 21,MALE,GAUTENG,BLACK,39,35-44,4
805336,Romeo ,Mccown,Romeo 374@abcmail.com,@Romeo 37,MALE,MPUMALANGA,WHITE,47,45-54,5
805337,Eli ,Pascarella,Eli 294@abcmail.com,@Eli 29,MALE,GAUTENG,BLACK,37,35-44,4
805349,Lloyd ,Tancredi,Lloyd 72@gmail.com,@Lloyd 7,MALE,KWAZULU NATAL,WHITE,56,55+,6
805381,Raymundo ,Lavoie,Raymundo 433@mail.com,@Raymundo 43,MALE,WESTERN CAPE,UNKNOWN,29,25-34,3
805735,Lillian ,Borelli,Lillian 232@gmail.com,@Lillian 23,FEMALE,MPUMALANGA,BLACK,26,25-34,3
805998,Raymundo ,Mcclaine,Raymundo 435@mailxyz.com,@Raymundo 43,MALE,GAUTENG,WHITE,46,45-54,5
806431,Filiberto ,Leicht,Filiberto 43@mail.com,@Filiberto 4,MALE,EASTERN CAPE,BLACK,41,35-44,4
806601,Royal ,Curran,Royal 174@abcmail.com,@Royal 17,MALE,KWAZULU NATAL,WHITE,48,45-54,5
806707,Hyman ,Marek,Hyman 84@abcmail.com,@Hyman 8,MALE,WESTERN CAPE,COLOURED,34,25-34,3
806823,Hollis ,Mcculloch,Hollis 381@yahoo.com,@Hollis 38,MALE,GAUTENG,BLACK,37,35-44,4
806986,Stefan ,Mcclaine,Stefan 463@mail.com,@Stefan 46,MALE,LIMPOPO,BLACK,34,25-34,3
807366,Efren ,Bilyeu,Efren 135@mailxyz.com,@Efren 13,MALE,EASTERN CAPE,WHITE,43,35-44,4
807432,Eli ,Mcculloch,Eli 295@mailxyz.com,@Eli 29,MALE,GAUTENG,BLACK,28,25-34,3
807597,Samuel ,Caves,Samuel 263@mail.com,@Samuel 26,MALE,KWAZULU NATAL,WHITE,25,25-34,3
807861,Abel ,Woolard,Abel 181@yahoo.com,@Abel 18,MALE,GAUTENG,BLACK,34,25-34,3
807940,Lloyd ,Shkreli,Lloyd 71@yahoo.com,@Lloyd 7,MALE,GAUTENG,BLACK,30,25-34,3
807941,Carter ,Styer,Carter 35@mailxyz.com,@Carter 3,MALE,MPUMALANGA,BLACK,26,25-34,3
807945,Garry ,Mccown,Garry 281@yahoo.com,@Garry 28,MALE,GAUTENG,BLACK,26,25-34,3
807946,Cory ,Mastrangelo,Cory 101@yahoo.com,@Cory 10,MALE,KWAZULU NATAL,WHITE,19,18-24,2
807947,Valentine ,Biggers,Valentine 471@yahoo.com,@Valentine 47,MALE,GAUTENG,BLACK,22,18-24,2
807948,Royal ,Bilyeu,Royal 173@mail.com,@Royal 17,MALE,KWAZULU NATAL,BLACK,36,35-44,4
807949,Jared ,Mcclaine,Jared 501@yahoo.com,@Jared 50,MALE,GAUTENG,INDIAN_ASIAN,16,<18,1
807952,Stephen ,Curran,Stephen 155@mailxyz.com,@Stephen 15,MALE,LIMPOPO,BLACK,29,25-34,3
807953,Roxane ,Lavoie,Roxane 52@gmail.com,@Roxane 5,FEMALE,GAUTENG,COLOURED,17,<18,1
807959,Wilton ,Fudge,Wilton 412@gmail.com,@Wilton 41,MALE,KWAZULU NATAL,BLACK,30,25-34,3
807960,Stacy ,Marek,Stacy 272@gmail.com,@Stacy 27,MALE,FREE STATE,WHITE,47,45-54,5
807970,Jacinto ,Pool,Jacinto 255@mailxyz.com,@Jacinto 25,MALE,GAUTENG,BLACK,27,25-34,3
807972,Bernardo ,Martello,Bernardo 322@gmail.com,@Bernardo 32,MALE,EASTERN CAPE,COLOURED,27,25-34,3
807973,Brendan ,Curran,Brendan 451@yahoo.com,@Brendan 45,MALE,MPUMALANGA,WHITE,22,18-24,2
807977,Valentine ,Tancredi,Valentine 475@mailxyz.com,@Valentine 47,MALE,KWAZULU NATAL,UNKNOWN,42,35-44,4
807978,Stefan ,Condie,Stefan 463@mail.com,@Stefan 46,MALE,GAUTENG,BLACK,34,25-34,3
807979,Hollis ,Martello,Hollis 384@abcmail.com,@Hollis 38,MALE,GAUTENG,BLACK,31,25-34,3
807981,Jared ,Bilyeu,Jared 504@abcmail.com,@Jared 50,MALE,GAUTENG,BLACK,32,25-34,3
807983,Cory ,Paradis,Cory 103@mail.com,@Cory 10,MALE,WESTERN CAPE,COLOURED,18,18-24,2
807984,Haywood ,Slane,Haywood 95@mailxyz.com,@Haywood 9,MALE,GAUTENG,BLACK,26,25-34,3
807985,Luann ,Mina,Luann 321@yahoo.com,@Luann 32,FEMALE,KWAZULU NATAL,BLACK,22,18-24,2
807987,Carter ,Creager,Carter 35@mailxyz.com,@Carter 3,MALE,NORTHERN CAPE,BLACK,22,18-24,2
807992,Raymundo ,Sytsma,Raymundo 433@mail.com,@Raymundo 43,MALE,WESTERN CAPE,BLACK,35,35-44,4
807994,Randy ,Deblois,Randy 395@mailxyz.com,@Randy 39,MALE,MPUMALANGA,BLACK,27,25-34,3
807997,Chas ,Marek,Chas 354@abcmail.com,@Chas 35,MALE,FREE STATE,UNKNOWN,25,25-34,3
807998,Bess ,Jacox,Bess 54@abcmail.com,@Bess 5,FEMALE,GAUTENG,WHITE,25,25-34,3
808001,Hugh,Hier,Hugh15@mailxyz.com,@Hugh1,MALE,KWAZULU NATAL,BLACK,25,25-34,3
808003,Romeo ,Langenfeld,Romeo 375@mailxyz.com,@Romeo 37,MALE,GAUTENG,WHITE,17,<18,1
808006,Bret ,Restivo,Bret 314@abcmail.com,@Bret 31,MALE,EASTERN CAPE,WHITE,16,<18,1
808008,Royal ,Mina,Royal 175@mailxyz.com,@Royal 17,MALE,GAUTENG,BLACK,22,18-24,2
808010,Efren ,Luthy,Efren 135@mailxyz.com,@Efren 13,MALE,KWAZULU NATAL,OTHER,25,25-34,3
808012,Romeo ,Hier,Romeo 373@mail.com,@Romeo 37,MALE,WESTERN CAPE,COLOURED,27,25-34,3
808013,Filiberto ,Condie,Filiberto 41@yahoo.com,@Filiberto 4,MALE,GAUTENG,BLACK,22,18-24,2
808015,Lillian ,Borelli,Lillian 461@yahoo.com,@Lillian 46,FEMALE,KWAZULU NATAL,BLACK,23,18-24,2
808016,Wilburn ,Borelli,Wilburn 301@yahoo.com,@Wilburn 30,MALE,WESTERN CAPE,WHITE,44,35-44,4
808025,Carter ,Hoadley,Carter 32@gmail.com,@Carter 3,MALE,MPUMALANGA,BLACK,41,35-44,4
808027,Lillie ,Langenfeld,Lillie 284@abcmail.com,@Lillie 28,FEMALE,GAUTENG,BLACK,28,25-34,3
808033,Jacinto ,Hoadley,Jacinto 252@gmail.com,@Jacinto 25,MALE,GAUTENG,WHITE,31,25-34,3
808036,Robby ,Vital,Robby 164@abcmail.com,@Robby 16,MALE,KWAZULU NATAL,BLACK,24,18-24,2
808044,Luanna ,Hoadley,Luanna 175@mailxyz.com,@Luanna 17,FEMALE,WESTERN CAPE,BLACK,25,25-34,3
808045,Mellie ,Creager,Mellie 154@abcmail.com,@Mellie 15,FEMALE,MPUMALANGA,BLACK,9,<18,1
808049,Cody ,Slane,Cody 121@yahoo.com,@Cody 12,MALE,NORTH WEST,BLACK,37,35-44,4
808050,Abel ,Beville,Abel 183@mail.com,@Abel 18,MALE,MPUMALANGA,BLACK,50,45-54,5
808053,Bernardo ,Pool,Bernardo 322@gmail.com,@Bernardo 32,MALE,MPUMALANGA,BLACK,28,25-34,3
808059,Stefan ,Woolard,Stefan 463@mail.com,@Stefan 46,MALE,NORTH WEST,COLOURED,25,25-34,3
808061,Seema ,Fudge,Seema 234@abcmail.com,@Seema 23,FEMALE,GAUTENG,BLACK,30,25-34,3
808066,Garry ,Martello,Garry 285@mailxyz.com,@Garry 28,MALE,MPUMALANGA,BLACK,27,25-34,3
808073,Art ,Marek,Art 405@mailxyz.com,@Art 40,MALE,GAUTENG,BLACK,28,25-34,3
808074,Wilton ,Creager,Wilton 413@mail.com,@Wilton 41,MALE,LIMPOPO,BLACK,31,25-34,3
808075,Filiberto ,Shkreli,Filiberto 45@mailxyz.com,@Filiberto 4,MALE,MPUMALANGA,BLACK,34,25-34,3
808082,Claud ,Sytsma,Claud 345@mailxyz.com,@Claud 34,MALE,GAUTENG,BLACK,30,25-34,3
808083,Bernardo ,Wigfall,Bernardo 322@gmail.com,@Bernardo 32,MALE,GAUTENG,COLOURED,21,18-24,2
808086,Valentine ,Caves,Valentine 472@gmail.com,@Valentine 47,MALE,KWAZULU NATAL,BLACK,33,25-34,3
808089,Garry ,Caves,Garry 283@mail.com,@Garry 28,MALE,LIMPOPO,BLACK,27,25-34,3
808092,Brendan ,Woolard,Brendan 452@gmail.com,@Brendan 45,MALE,KWAZULU NATAL,INDIAN_ASIAN,28,25-34,3
808095,Wilburn ,Roquemore,Wilburn 305@mailxyz.com,@Wilburn 30,MALE,KWAZULU NATAL,BLACK,62,55+,6
808102,Shane ,Restivo,Shane 23@mail.com,@Shane 2,MALE,KWAZULU NATAL,OTHER,29,25-34,3
808103,Samuel ,Mccollum,Samuel 261@yahoo.com,@Samuel 26,MALE,EASTERN CAPE,INDIAN_ASIAN,27,25-34,3
808111,Eli ,Paradis,Eli 293@mail.com,@Eli 29,MALE,GAUTENG,BLACK,24,18-24,2
808115,Randy ,Pool,Randy 393@mail.com,@Randy 39,MALE,WESTERN CAPE,BLACK,42,35-44,4
808119,Shane ,Caves,Shane 24@abcmail.com,@Shane 2,MALE,GAUTENG,BLACK,29,25-34,3
808124,Bess ,Jacox,Bess 162@gmail.com,@Bess 16,FEMALE,EASTERN CAPE,BLACK,29,25-34,3
808126,Stephen ,Biggers,Stephen 152@gmail.com,@Stephen 15,MALE,WESTERN CAPE,OTHER,49,45-54,5
808127,Filiberto ,Mcculloch,Filiberto 45@mailxyz.com,@Filiberto 4,MALE,GAUTENG,BLACK,43,35-44,4
808132,Dia ,Arrieta,Dia 75@mailxyz.com,@Dia 7,FEMALE,GAUTENG,BLACK,31,25-34,3
808137,Efren ,Vital,Efren 132@gmail.com,@Efren 13,MALE,LIMPOPO,BLACK,27,25-34,3
808138,Lloyd ,Beville,Lloyd 73@mail.com,@Lloyd 7,MALE,GAUTENG,BLACK,50,45-54,5
808142,Winona ,Wigfall,Winona 61@yahoo.com,@Winona 6,FEMALE,MPUMALANGA,BLACK,24,18-24,2
808143,Valentine ,Mina,Valentine 473@mail.com,@Valentine 47,MALE,NORTH WEST,COLOURED,26,25-34,3
808146,Abel ,Mcclaine,Abel 181@yahoo.com,@Abel 18,MALE,GAUTENG,BLACK,24,18-24,2
808147,Bernardo ,Mcculloch,Bernardo 322@gmail.com,@Bernardo 32,MALE,NORTH WEST,BLACK,45,45-54,5
808148,Stephen ,Langenfeld,Stephen 154@abcmail.com,@Stephen 15,MALE,LIMPOPO,BLACK,29,25-34,3
808152,Cory ,Pilot,Cory 105@mailxyz.com,@Cory 10,MALE,KWAZULU NATAL,BLACK,30,25-34,3
808164,Randy ,Pilot,Randy 391@yahoo.com,@Randy 39,MALE,LIMPOPO,INDIAN_ASIAN,29,25-34,3
808165,Wilburn ,Gettys,Wilburn 305@mailxyz.com,@Wilburn 30,MALE,EASTERN CAPE,BLACK,32,25-34,3
808166,Kip ,Zweifel,Kip 144@abcmail.com,@Kip 14,MALE,GAUTENG,BLACK,45,45-54,5
808168,Eli ,Mcclaine,Eli 292@gmail.com,@Eli 29,MALE,GAUTENG,BLACK,42,35-44,4
808170,Nubia ,Sytsma,Nubia 381@yahoo.com,@Nubia 38,FEMALE,EASTERN CAPE,BLACK,42,35-44,4
808175,Shane ,Condie,Shane 22@gmail.com,@Shane 2,MALE,MPUMALANGA,BLACK,21,18-24,2
808179,Romeo ,Nicholls,Romeo 373@mail.com,@Romeo 37,MALE,WESTERN CAPE,INDIAN_ASIAN,44,35-44,4
808182,Charlie ,Mcculloch,Charlie 363@mail.com,@Charlie 36,MALE,MPUMALANGA,BLACK,28,25-34,3
808183,Yong ,Bilyeu,Yong 482@gmail.com,@Yong 48,MALE,KWAZULU NATAL,INDIAN_ASIAN,23,18-24,2
808184,Carlota ,Tancredi,Carlota 81@yahoo.com,@Carlota 8,FEMALE,KWAZULU NATAL,BLACK,26,25-34,3
808185,Cory ,Biggers,Cory 102@gmail.com,@Cory 10,MALE,GAUTENG,BLACK,25,25-34,3
808186,Abel ,Nicholls,Abel 184@abcmail.com,@Abel 18,MALE,GAUTENG,BLACK,26,25-34,3
808190,Rebekah ,Paradis,Rebekah 173@mail.com,@Rebekah 17,FEMALE,GAUTENG,BLACK,17,<18,1
808194,Yong ,Roquemore,Yong 483@mail.com,@Yong 48,MALE,GAUTENG,BLACK,24,18-24,2
808199,Shelley ,Reisinger,Shelley 165@mailxyz.com,@Shelley 16,FEMALE,GAUTENG,BLACK,25,25-34,3
808202,Cory ,Paradis,Cory 103@mail.com,@Cory 10,MALE,NORTHERN CAPE,COLOURED,23,18-24,2
808203,Haywood ,Bilyeu,Haywood 94@abcmail.com,@Haywood 9,MALE,EASTERN CAPE,COLOURED,28,25-34,3
808207,Williemae ,Holt,Williemae 83@mail.com,@Williemae 8,FEMALE,GAUTENG,WHITE,18,18-24,2
808208,Abel ,Mosser,Abel 184@abcmail.com,@Abel 18,MALE,GAUTENG,BLACK,42,35-44,4
808210,Garry ,Fudge,Garry 285@mailxyz.com,@Garry 28,MALE,LIMPOPO,BLACK,25,25-34,3
808211,Abel ,Jacox,Abel 182@gmail.com,@Abel 18,MALE,LIMPOPO,BLACK,26,25-34,3
808282,Samuel ,Slane,Samuel 265@mailxyz.com,@Samuel 26,MALE,GAUTENG,BLACK,31,25-34,3
808350,Wilburn ,Beville,Wilburn 304@abcmail.com,@Wilburn 30,MALE,GAUTENG,BLACK,38,35-44,4
808396,Hugh,Wigfall,Hugh13@mail.com,@Hugh1,MALE,KWAZULU NATAL,INDIAN_ASIAN,31,25-34,3
808410,Cordie ,Singer,Cordie 135@mailxyz.com,@Cordie 13,FEMALE,WESTERN CAPE,WHITE,24,18-24,2
808448,Garry ,Hoadley,Garry 281@yahoo.com,@Garry 28,MALE,GAUTENG,INDIAN_ASIAN,35,35-44,4
808456,Dee ,Borelli,Dee 213@mail.com,@Dee 21,MALE,FREE STATE,WHITE,25,25-34,3
808542,Torrie ,Mcclaine,Torrie 72@gmail.com,@Torrie 7,FEMALE,MPUMALANGA,BLACK,24,18-24,2
808587,Wilburn ,Condie,Wilburn 302@gmail.com,@Wilburn 30,MALE,LIMPOPO,INDIAN_ASIAN,17,<18,1
808594,Lane ,Pascarella,Lane 112@gmail.com,@Lane 11,MALE,LIMPOPO,INDIAN_ASIAN,42,35-44,4
808626,Lane ,Vital,Lane 115@mailxyz.com,@Lane 11,MALE,EASTERN CAPE,INDIAN_ASIAN,39,35-44,4
808634,Randy ,Fudge,Randy 393@mail.com,@Randy 39,MALE,GAUTENG,WHITE,26,25-34,3
808640,Abel ,Sytsma,Abel 184@abcmail.com,@Abel 18,MALE,GAUTENG,INDIAN_ASIAN,40,35-44,4
808657,Stephen ,Styer,Stephen 152@gmail.com,@Stephen 15,MALE,MPUMALANGA,WHITE,21,18-24,2
808658,Loyd ,Borelli,Loyd 493@mail.com,@Loyd 49,MALE,LIMPOPO,INDIAN_ASIAN,31,25-34,3
808712,Royal ,Luthy,Royal 175@mailxyz.com,@Royal 17,MALE,KWAZULU NATAL,BLACK,35,35-44,4
808721,Hugh,Luthy,Hugh11@yahoo.com,@Hugh1,MALE,GAUTENG,BLACK,22,18-24,2
808754,Charlie ,Styer,Charlie 362@gmail.com,@Charlie 36,MALE,GAUTENG,WHITE,40,35-44,4
808785,Claud ,Biggers,Claud 342@gmail.com,@Claud 34,MALE,GAUTENG,WHITE,29,25-34,3
808853,Lane ,Pascarella,Lane 111@yahoo.com,@Lane 11,MALE,GAUTENG,WHITE,52,45-54,5
808897,Nubia ,Sytsma,Nubia 171@yahoo.com,@Nubia 17,FEMALE,GAUTENG,BLACK,35,35-44,4
808915,Cory ,Mcclaine,Cory 105@mailxyz.com,@Cory 10,MALE,KWAZULU NATAL,BLACK,37,35-44,4
808916,Donald ,Zweifel,Donald 224@abcmail.com,@Donald 22,MALE,WESTERN CAPE,UNKNOWN,43,35-44,4
808917,Carter ,Tatham,Carter 34@abcmail.com,@Carter 3,MALE,GAUTENG,BLACK,34,25-34,3
808921,Filiberto ,Pilot,Filiberto 44@abcmail.com,@Filiberto 4,MALE,MPUMALANGA,BLACK,24,18-24,2
808923,Art ,Nicholls,Art 405@mailxyz.com,@Art 40,MALE,EASTERN CAPE,OTHER,23,18-24,2
808926,Bret ,Mccollum,Bret 313@mail.com,@Bret 31,MALE,WESTERN CAPE,COLOURED,22,18-24,2
808928,Hugh,Borelli,Hugh13@mail.com,@Hugh1,MALE,GAUTENG,BLACK,35,35-44,4
808929,Winona ,Wigfall,Winona 141@yahoo.com,@Winona 14,FEMALE,EASTERN CAPE,BLACK,32,25-34,3
808930,Claud ,Marek,Claud 345@mailxyz.com,@Claud 34,MALE,LIMPOPO,INDIAN_ASIAN,35,35-44,4
808934,Claud ,Woolard,Claud 344@abcmail.com,@Claud 34,MALE,KWAZULU NATAL,INDIAN_ASIAN,36,35-44,4
808936,Valentine ,Slane,Valentine 474@abcmail.com,@Valentine 47,MALE,GAUTENG,WHITE,23,18-24,2
808941,Michel ,Curran,Michel 204@abcmail.com,@Michel 20,MALE,WESTERN CAPE,COLOURED,36,35-44,4
808945,Garry ,Biggers,Garry 283@mail.com,@Garry 28,MALE,WESTERN CAPE,UNKNOWN,43,35-44,4
808948,Rebecka ,Shkreli,Rebecka 172@gmail.com,@Rebecka 17,FEMALE,WESTERN CAPE,COLOURED,43,35-44,4
808949,Roxana ,Nicholls,Roxana 365@mailxyz.com,@Roxana 36,FEMALE,KWAZULU NATAL,BLACK,35,35-44,4
808950,Emerson ,Pascarella,Emerson 244@abcmail.com,@Emerson 24,MALE,FREE STATE,BLACK,18,18-24,2
808958,Raymundo ,Woolard,Raymundo 432@gmail.com,@Raymundo 43,MALE,GAUTENG,BLACK,25,25-34,3
808961,Raymundo ,Restivo,Raymundo 434@abcmail.com,@Raymundo 43,MALE,GAUTENG,INDIAN_ASIAN,27,25-34,3
808965,Yong ,Gettys,Yong 482@gmail.com,@Yong 48,MALE,WESTERN CAPE,COLOURED,36,35-44,4
808966,Len ,Reisinger,Len 444@abcmail.com,@Len 44,MALE,FREE STATE,BLACK,21,18-24,2
808969,Hollis ,Roquemore,Hollis 382@gmail.com,@Hollis 38,MALE,GAUTENG,BLACK,18,18-24,2
808971,Jacinto ,Mccollum,Jacinto 254@abcmail.com,@Jacinto 25,MALE,GAUTENG,BLACK,36,35-44,4
808976,Kip ,Roquemore,Kip 144@abcmail.com,@Kip 14,MALE,GAUTENG,BLACK,46,45-54,5
808979,Bess ,Jacox,Bess 52@gmail.com,@Bess 5,FEMALE,FREE STATE,WHITE,26,25-34,3
808983,Dee ,Mccown,Dee 215@mailxyz.com,@Dee 21,MALE,WESTERN CAPE,COLOURED,45,45-54,5
808984,Len ,Hier,Len 441@yahoo.com,@Len 44,MALE,WESTERN CAPE,COLOURED,42,35-44,4
808988,Robby ,Roquemore,Robby 163@mail.com,@Robby 16,MALE,GAUTENG,BLACK,34,25-34,3
808990,Efren ,Restivo,Efren 133@mail.com,@Efren 13,MALE,WESTERN CAPE,COLOURED,39,35-44,4
808997,Shane ,Mccown,Shane 22@gmail.com,@Shane 2,MALE,LIMPOPO,BLACK,27,25-34,3
809000,Kip ,Slane,Kip 142@gmail.com,@Kip 14,MALE,GAUTENG,BLACK,47,45-54,5
809006,Len ,Biggers,Len 443@mail.com,@Len 44,MALE,GAUTENG,BLACK,31,25-34,3
809008,Haywood ,Pascarella,Haywood 94@abcmail.com,@Haywood 9,MALE,NORTHERN CAPE,COLOURED,28,25-34,3
809010,Efren ,Sytsma,Efren 134@abcmail.com,@Efren 13,MALE,GAUTENG,COLOURED,31,25-34,3
809011,Raymundo ,Pilot,Raymundo 433@mail.com,@Raymundo 43,MALE,WESTERN CAPE,COLOURED,48,45-54,5
809015,Minerva ,Marek,Minerva 372@gmail.com,@Minerva 37,FEMALE,EASTERN CAPE,COLOURED,31,25-34,3
809018,Lucas ,Borelli,Lucas 234@abcmail.com,@Lucas 23,MALE,KWAZULU NATAL,BLACK,31,25-34,3
809021,Bret ,Tatham,Bret 313@mail.com,@Bret 31,MALE,GAUTENG,BLACK,41,35-44,4
809028,Loyd ,Mina,Loyd 495@mailxyz.com,@Loyd 49,MALE,KWAZULU NATAL,WHITE,32,25-34,3
809034,Robby ,Beville,Robby 162@gmail.com,@Robby 16,MALE,GAUTENG,BLACK,61,55+,6
809035,Irving ,Tatham,Irving 53@mail.com,@Irving 5,MALE,GAUTENG,INDIAN_ASIAN,42,35-44,4
809039,Jacinto ,Styer,Jacinto 254@abcmail.com,@Jacinto 25,MALE,MPUMALANGA,WHITE,43,35-44,4
809043,Donald ,Mina,Donald 224@abcmail.com,@Donald 22,MALE,GAUTENG,BLACK,34,25-34,3
809045,Garry ,Tancredi,Garry 282@gmail.com,@Garry 28,MALE,WESTERN CAPE,COLOURED,38,35-44,4
809047,Alecia ,Roquemore,Alecia 164@abcmail.com,@Alecia 16,FEMALE,WESTERN CAPE,UNKNOWN,50,45-54,5
809048,Samuel ,Gettys,Samuel 262@gmail.com,@Samuel 26,MALE,LIMPOPO,INDIAN_ASIAN,46,45-54,5
809056,Randy ,Mina,Randy 395@mailxyz.com,@Randy 39,MALE,WESTERN CAPE,COLOURED,43,35-44,4
809063,Randy ,Restivo,Randy 391@yahoo.com,@Randy 39,MALE,GAUTENG,BLACK,32,25-34,3
809071,Hyman ,Hoadley,Hyman 85@mailxyz.com,@Hyman 8,MALE,GAUTENG,BLACK,35,35-44,4
809072,Raymundo ,Reisinger,Raymundo 432@gmail.com,@Raymundo 43,MALE,KWAZULU NATAL,BLACK,32,25-34,3
809076,Filiberto ,Zweifel,Filiberto 44@abcmail.com,@Filiberto 4,MALE,WESTERN CAPE,COLOURED,27,25-34,3
809079,Filiberto ,Lavoie,Filiberto 43@mail.com,@Filiberto 4,MALE,MPUMALANGA,BLACK,30,25-34,3
809081,Raymundo ,Singer,Raymundo 435@mailxyz.com,@Raymundo 43,MALE,GAUTENG,BLACK,23,18-24,2
809083,Randy ,Deblois,Randy 392@gmail.com,@Randy 39,MALE,GAUTENG,BLACK,40,35-44,4
809085,Cody ,Mccown,Cody 122@gmail.com,@Cody 12,MALE,GAUTENG,BLACK,28,25-34,3
809087,Raymundo ,Vital,Raymundo 434@abcmail.com,@Raymundo 43,MALE,EASTERN CAPE,WHITE,9,<18,1
809091,Markus ,Bilyeu,Markus 192@gmail.com,@Markus 19,MALE,GAUTENG,BLACK,51,45-54,5
809094,Jacinto ,Hoadley,Jacinto 255@mailxyz.com,@Jacinto 25,MALE,NORTHERN CAPE,COLOURED,37,35-44,4
809101,Kip ,Bilyeu,Kip 145@mailxyz.com,@Kip 14,MALE,LIMPOPO,BLACK,28,25-34,3
809102,Hyman ,Sieren,Hyman 83@mail.com,@Hyman 8,MALE,KWAZULU NATAL,INDIAN_ASIAN,34,25-34,3
809111,Robby ,Beville,Robby 161@yahoo.com,@Robby 16,MALE,LIMPOPO,BLACK,36,35-44,4
809116,Jacinto ,Mcculloch,Jacinto 255@mailxyz.com,@Jacinto 25,MALE,LIMPOPO,BLACK,55,55+,6
809117,Minerva ,Marek,Minerva 293@mail.com,@Minerva 29,FEMALE,WESTERN CAPE,BLACK,39,35-44,4
809123,Royal ,Mina,Royal 171@yahoo.com,@Royal 17,MALE,GAUTENG,BLACK,50,45-54,5
809125,Yong ,Crotty,Yong 483@mail.com,@Yong 48,MALE,MPUMALANGA,BLACK,53,45-54,5
809127,Donald ,Singer,Donald 221@yahoo.com,@Donald 22,MALE,GAUTENG,WHITE,59,55+,6
809128,Charlie ,Mastrangelo,Charlie 365@mailxyz.com,@Charlie 36,MALE,GAUTENG,BLACK,18,18-24,2
809133,Romeo ,Nicholls,Romeo 372@gmail.com,@Romeo 37,MALE,EASTERN CAPE,INDIAN_ASIAN,24,18-24,2
809139,Loyd ,Biggers,Loyd 495@mailxyz.com,@Loyd 49,MALE,LIMPOPO,BLACK,28,25-34,3
809143,Filiberto ,Marek,Filiberto 45@mailxyz.com,@Filiberto 4,MALE,GAUTENG,UNKNOWN,37,35-44,4
809147,Wilburn ,Sieren,Wilburn 305@mailxyz.com,@Wilburn 30,MALE,EASTERN CAPE,UNKNOWN,51,45-54,5
809148,Efren ,Sytsma,Efren 132@gmail.com,@Efren 13,MALE,LIMPOPO,INDIAN_ASIAN,35,35-44,4
809151,Wilburn ,Mcculloch,Wilburn 303@mail.com,@Wilburn 30,MALE,WESTERN CAPE,COLOURED,27,25-34,3
809152,Samuel ,Mcclaine,Samuel 261@yahoo.com,@Samuel 26,MALE,GAUTENG,BLACK,25,25-34,3
809156,Hugh,Styer,Hugh14@abcmail.com,@Hugh1,MALE,MPUMALANGA,BLACK,25,25-34,3
809158,Michel ,Pascarella,Michel 201@yahoo.com,@Michel 20,MALE,GAUTENG,INDIAN_ASIAN,28,25-34,3
809162,Emerson ,Mccown,Emerson 243@mail.com,@Emerson 24,MALE,FREE STATE,BLACK,54,45-54,5
809165,Eli ,Singer,Eli 291@yahoo.com,@Eli 29,MALE,GAUTENG,WHITE,40,35-44,4
809166,Stacy ,Shkreli,Stacy 274@abcmail.com,@Stacy 27,MALE,EASTERN CAPE,WHITE,22,18-24,2
809169,Wilburn ,Bilyeu,Wilburn 302@gmail.com,@Wilburn 30,MALE,GAUTENG,BLACK,46,45-54,5
809172,Williemae ,Holt,Williemae 415@mailxyz.com,@Williemae 41,FEMALE,MPUMALANGA,COLOURED,27,25-34,3
809173,Claud ,Mosser,Claud 344@abcmail.com,@Claud 34,MALE,KWAZULU NATAL,BLACK,35,35-44,4
809176,Garry ,Pilot,Garry 283@mail.com,@Garry 28,MALE,KWAZULU NATAL,BLACK,41,35-44,4
809177,Hollis ,Singer,Hollis 383@mail.com,@Hollis 38,MALE,MPUMALANGA,BLACK,37,35-44,4
809183,Claud ,Marek,Claud 343@mail.com,@Claud 34,MALE,GAUTENG,BLACK,44,35-44,4
809188,Nakita ,Pool,Nakita 185@mailxyz.com,@Nakita 18,FEMALE,FREE STATE,BLACK,13,<18,1
809192,Royal ,Mastrangelo,Royal 171@yahoo.com,@Royal 17,MALE,MPUMALANGA,BLACK,30,25-34,3
809197,Dion ,Styer,Dion 335@mailxyz.com,@Dion 33,MALE,WESTERN CAPE,COLOURED,29,25-34,3
809198,Yong ,Arrieta,Yong 483@mail.com,@Yong 48,MALE,MPUMALANGA,BLACK,32,25-34,3
809199,Charlie ,Beville,Charlie 361@yahoo.com,@Charlie 36,MALE,WESTERN CAPE,COLOURED,35,35-44,4
809204,Wilton ,Gettys,Wilton 414@abcmail.com,@Wilton 41,MALE,NORTH WEST,BLACK,47,45-54,5
809207,Yong ,Wigfall,Yong 484@abcmail.com,@Yong 48,MALE,LIMPOPO,COLOURED,33,25-34,3
809209,Garry ,Holt,Garry 283@mail.com,@Garry 28,MALE,WESTERN CAPE,UNKNOWN,24,18-24,2
809216,Hollis ,Biggers,Hollis 385@mailxyz.com,@Hollis 38,MALE,GAUTENG,BLACK,47,45-54,5
809218,Loyd ,Langenfeld,Loyd 495@mailxyz.com,@Loyd 49,MALE,WESTERN CAPE,UNKNOWN,50,45-54,5
809222,Samuel ,Styer,Samuel 264@abcmail.com,@Samuel 26,MALE,NORTH WEST,UNKNOWN,59,55+,6
809226,Yong ,Mccollum,Yong 483@mail.com,@Yong 48,MALE,WESTERN CAPE,COLOURED,34,25-34,3
809228,Abel ,Pascarella,Abel 183@mail.com,@Abel 18,MALE,WESTERN CAPE,COLOURED,43,35-44,4
809229,Jacinto ,Gettys,Jacinto 255@mailxyz.com,@Jacinto 25,MALE,WESTERN CAPE,COLOURED,31,25-34,3
809230,Markus ,Tancredi,Markus 193@mail.com,@Markus 19,MALE,GAUTENG,BLACK,39,35-44,4
809231,Kip ,Leicht,Kip 145@mailxyz.com,@Kip 14,MALE,GAUTENG,BLACK,45,45-54,5
809245,Hollis ,Pool,Hollis 383@mail.com,@Hollis 38,MALE,WESTERN CAPE,COLOURED,35,35-44,4
809247,Stefan ,Hier,Stefan 461@yahoo.com,@Stefan 46,MALE,EASTERN CAPE,UNKNOWN,41,35-44,4
809249,Raymundo ,Mastrangelo,Raymundo 435@mailxyz.com,@Raymundo 43,MALE,KWAZULU NATAL,BLACK,38,35-44,4
809251,Yong ,Mcclaine,Yong 483@mail.com,@Yong 48,MALE,WESTERN CAPE,UNKNOWN,26,25-34,3
809264,Kyle ,Beville,Kyle 65@mailxyz.com,@Kyle 6,MALE,GAUTENG,WHITE,24,18-24,2
809266,Yong ,Mcculloch,Yong 481@yahoo.com,@Yong 48,MALE,FREE STATE,COLOURED,46,45-54,5
809278,Roxane ,Lavoie,Roxane 62@gmail.com,@Roxane 6,FEMALE,WESTERN CAPE,BLACK,28,25-34,3
809284,Shane ,Luthy,Shane 24@abcmail.com,@Shane 2,MALE,WESTERN CAPE,WHITE,32,25-34,3
809286,Robby ,Roquemore,Robby 164@abcmail.com,@Robby 16,MALE,MPUMALANGA,WHITE,35,35-44,4
809292,Epifania ,Crotty,Epifania 405@mailxyz.com,@Epifania 40,FEMALE,KWAZULU NATAL,BLACK,24,18-24,2
809304,Cody ,Roquemore,Cody 122@gmail.com,@Cody 12,MALE,MPUMALANGA,BLACK,49,45-54,5
809306,Stephen ,Biggers,Stephen 151@yahoo.com,@Stephen 15,MALE,KWAZULU NATAL,WHITE,30,25-34,3
809311,Garry ,Fudge,Garry 284@abcmail.com,@Garry 28,MALE,WESTERN CAPE,COLOURED,30,25-34,3
809312,Hyman ,Hier,Hyman 82@gmail.com,@Hyman 8,MALE,GAUTENG,BLACK,19,18-24,2
809313,Emerson ,Wigfall,Emerson 245@mailxyz.com,@Emerson 24,MALE,GAUTENG,WHITE,53,45-54,5
809315,Stefan ,Mccown,Stefan 464@abcmail.com,@Stefan 46,MALE,FREE STATE,BLACK,34,25-34,3
809316,Tiffani ,Pilot,Tiffani 255@mailxyz.com,@Tiffani 25,FEMALE,MPUMALANGA,BLACK,29,25-34,3
809317,Shane ,Mccown,Shane 23@mail.com,@Shane 2,MALE,WESTERN CAPE,UNKNOWN,29,25-34,3
809320,Chas ,Slane,Chas 352@gmail.com,@Chas 35,MALE,WESTERN CAPE,BLACK,34,25-34,3
809321,Nakita ,Pool,Nakita 282@gmail.com,@Nakita 28,FEMALE,GAUTENG,BLACK,52,45-54,5
809323,Desirae ,Luthy,Desirae 264@abcmail.com,@Desirae 26,FEMALE,MPUMALANGA,COLOURED,35,35-44,4
809325,Anette ,Leicht,Anette 233@mail.com,@Anette 23,FEMALE,EASTERN CAPE,BLACK,15,<18,1
809326,Stephen ,Mcculloch,Stephen 152@gmail.com,@Stephen 15,MALE,KWAZULU NATAL,BLACK,39,35-44,4
809327,Stacy ,Fudge,Stacy 275@mailxyz.com,@Stacy 27,MALE,WESTERN CAPE,UNKNOWN,43,35-44,4
809330,Stephen ,Marek,Stephen 151@yahoo.com,@Stephen 15,MALE,GAUTENG,BLACK,40,35-44,4
809331,Brendan ,Nicholls,Brendan 452@gmail.com,@Brendan 45,MALE,WESTERN CAPE,INDIAN_ASIAN,49,45-54,5
809332,Hugh,Styer,Hugh13@mail.com,@Hugh1,MALE,GAUTENG,UNKNOWN,26,25-34,3
809333,Bret ,Borelli,Bret 315@mailxyz.com,@Bret 31,MALE,GAUTENG,BLACK,28,25-34,3
809337,Raymundo ,Slane,Raymundo 434@abcmail.com,@Raymundo 43,MALE,GAUTENG,COLOURED,21,18-24,2
809338,Garry ,Wigfall,Garry 284@abcmail.com,@Garry 28,MALE,KWAZULU NATAL,BLACK,31,25-34,3
809339,Kyle ,Borelli,Kyle 65@mailxyz.com,@Kyle 6,MALE,LIMPOPO,BLACK,47,45-54,5
809349,Yong ,Pilot,Yong 485@mailxyz.com,@Yong 48,MALE,GAUTENG,UNKNOWN,47,45-54,5
809360,Dee ,Jacox,Dee 215@mailxyz.com,@Dee 21,MALE,MPUMALANGA,BLACK,13,<18,1
809362,Shane ,Singer,Shane 24@abcmail.com,@Shane 2,MALE,GAUTENG,BLACK,36,35-44,4
809364,Royal ,Shkreli,Royal 172@gmail.com,@Royal 17,MALE,MPUMALANGA,INDIAN_ASIAN,36,35-44,4
809369,Donald ,Marek,Donald 221@yahoo.com,@Donald 22,MALE,WESTERN CAPE,COLOURED,33,25-34,3
809374,Charlie ,Slane,Charlie 361@yahoo.com,@Charlie 36,MALE,GAUTENG,WHITE,25,25-34,3
809380,Donald ,Leicht,Donald 221@yahoo.com,@Donald 22,MALE,FREE STATE,WHITE,32,25-34,3
809382,Dion ,Nicholls,Dion 333@mail.com,@Dion 33,MALE,GAUTENG,BLACK,24,18-24,2
809387,Cory ,Sieren,Cory 102@gmail.com,@Cory 10,MALE,NORTH WEST,WHITE,24,18-24,2
809392,Hugh,Tancredi,Hugh11@yahoo.com,@Hugh1,MALE,WESTERN CAPE,COLOURED,37,35-44,4
809395,Loyd ,Sytsma,Loyd 491@yahoo.com,@Loyd 49,MALE,MPUMALANGA,COLOURED,20,18-24,2
809398,Shane ,Pilot,Shane 25@mailxyz.com,@Shane 2,MALE,WESTERN CAPE,BLACK,37,35-44,4
809401,Cory ,Hoadley,Cory 102@gmail.com,@Cory 10,MALE,LIMPOPO,INDIAN_ASIAN,30,25-34,3
809407,Rebekah ,Paradis,Rebekah 173@mail.com,@Rebekah 17,FEMALE,LIMPOPO,BLACK,33,25-34,3
809422,Carter ,Borelli,Carter 34@abcmail.com,@Carter 3,MALE,GAUTENG,WHITE,59,55+,6
809423,Lloyd ,Sytsma,Lloyd 71@yahoo.com,@Lloyd 7,MALE,MPUMALANGA,WHITE,30,25-34,3
809424,Krysta ,Mastrangelo,Krysta 354@abcmail.com,@Krysta 35,FEMALE,WESTERN CAPE,COLOURED,24,18-24,2
809432,Brendan ,Singer,Brendan 453@mail.com,@Brendan 45,MALE,EASTERN CAPE,COLOURED,37,35-44,4
809442,Hyman ,Langenfeld,Hyman 84@abcmail.com,@Hyman 8,MALE,WESTERN CAPE,BLACK,37,35-44,4
809448,Dion ,Biggers,Dion 335@mailxyz.com,@Dion 33,MALE,WESTERN CAPE,COLOURED,20,18-24,2
809449,Hyman ,Fudge,Hyman 81@yahoo.com,@Hyman 8,MALE,KWAZULU NATAL,COLOURED,24,18-24,2
809450,Hugh,Hier,Hugh14@abcmail.com,@Hugh1,MALE,KWAZULU NATAL,BLACK,24,18-24,2
809451,Kyle ,Fudge,Kyle 63@mail.com,@Kyle 6,MALE,KWAZULU NATAL,BLACK,23,18-24,2
809455,Stefan ,Singer,Stefan 464@abcmail.com,@Stefan 46,MALE,NORTH WEST,BLACK,37,35-44,4
809463,Abel ,Martello,Abel 182@gmail.com,@Abel 18,MALE,WESTERN CAPE,BLACK,36,35-44,4
809464,Winona ,Wigfall,Winona 181@yahoo.com,@Winona 18,FEMALE,MPUMALANGA,BLACK,18,18-24,2
809465,Jacinto ,Gettys,Jacinto 254@abcmail.com,@Jacinto 25,MALE,GAUTENG,UNKNOWN,29,25-34,3
809467,Blanca ,Slane,Blanca 191@yahoo.com,@Blanca 19,FEMALE,WESTERN CAPE,BLACK,41,35-44,4
809469,Shane ,Wigfall,Shane 25@mailxyz.com,@Shane 2,MALE,FREE STATE,WHITE,44,35-44,4
809484,Stephen ,Sieren,Stephen 155@mailxyz.com,@Stephen 15,MALE,LIMPOPO,BLACK,20,18-24,2
809486,Shane ,Nicholls,Shane 21@yahoo.com,@Shane 2,MALE,GAUTENG,WHITE,25,25-34,3
809492,Lucas ,Creager,Lucas 235@mailxyz.com,@Lucas 23,MALE,LIMPOPO,INDIAN_ASIAN,27,25-34,3
809493,Earl ,Paradis,Earl 422@gmail.com,@Earl 42,MALE,KWAZULU NATAL,UNKNOWN,40,35-44,4
809495,Williemae ,Holt,Williemae 332@gmail.com,@Williemae 33,FEMALE,LIMPOPO,BLACK,35,35-44,4
809500,Lane ,Condie,Lane 111@yahoo.com,@Lane 11,MALE,GAUTENG,COLOURED,28,25-34,3
809504,Dion ,Leicht,Dion 334@abcmail.com,@Dion 33,MALE,GAUTENG,BLACK,44,35-44,4
809511,Epifania ,Crotty,Epifania 354@abcmail.com,@Epifania 35,FEMALE,WESTERN CAPE,COLOURED,35,35-44,4
809516,Luanna ,Hoadley,Luanna 434@abcmail.com,@Luanna 43,FEMALE,MPUMALANGA,BLACK,23,18-24,2
809528,Stefan ,Langenfeld,Stefan 463@mail.com,@Stefan 46,MALE,GAUTENG,WHITE,53,45-54,5
809530,Samuel ,Nicholls,Samuel 264@abcmail.com,@Samuel 26,MALE,WESTERN CAPE,BLACK,36,35-44,4
809535,Irving ,Holt,Irving 55@mailxyz.com,@Irving 5,MALE,WESTERN CAPE,COLOURED,59,55+,6
809536,Stacy ,Vital,Stacy 275@mailxyz.com,@Stacy 27,MALE,WESTERN CAPE,COLOURED,32,25-34,3
809538,Carter ,Roquemore,Carter 34@abcmail.com,@Carter 3,MALE,KWAZULU NATAL,INDIAN_ASIAN,28,25-34,3
809542,Donald ,Paradis,Donald 224@abcmail.com,@Donald 22,MALE,WESTERN CAPE,WHITE,16,<18,1
809544,Chas ,Gettys,Chas 352@gmail.com,@Chas 35,MALE,LIMPOPO,UNKNOWN,24,18-24,2
809547,Lucas ,Mcclaine,Lucas 234@abcmail.com,@Lucas 23,MALE,GAUTENG,INDIAN_ASIAN,38,35-44,4
809549,Michel ,Jacox,Michel 202@gmail.com,@Michel 20,MALE,GAUTENG,BLACK,32,25-34,3
809552,Irving ,Tancredi,Irving 55@mailxyz.com,@Irving 5,MALE,GAUTENG,BLACK,34,25-34,3
809553,Chas ,Tancredi,Chas 353@mail.com,@Chas 35,MALE,KWAZULU NATAL,BLACK,25,25-34,3
809554,Royal ,Roquemore,Royal 175@mailxyz.com,@Royal 17,MALE,KWAZULU NATAL,INDIAN_ASIAN,27,25-34,3
809556,Stacy ,Hier,Stacy 275@mailxyz.com,@Stacy 27,MALE,MPUMALANGA,COLOURED,54,45-54,5
809563,Robby ,Singer,Robby 162@gmail.com,@Robby 16,MALE,LIMPOPO,INDIAN_ASIAN,37,35-44,4
809567,Kyle ,Tatham,Kyle 65@mailxyz.com,@Kyle 6,MALE,MPUMALANGA,INDIAN_ASIAN,29,25-34,3
809573,Valentine ,Paradis,Valentine 471@yahoo.com,@Valentine 47,MALE,WESTERN CAPE,COLOURED,23,18-24,2
809576,Earl ,Hier,Earl 422@gmail.com,@Earl 42,MALE,KWAZULU NATAL,INDIAN_ASIAN,28,25-34,3
809577,Cory ,Shkreli,Cory 105@mailxyz.com,@Cory 10,MALE,MPUMALANGA,BLACK,26,25-34,3
809578,Lillie ,Langenfeld,Lillie 363@mail.com,@Lillie 36,FEMALE,LIMPOPO,BLACK,23,18-24,2
809588,Garry ,Vital,Garry 282@gmail.com,@Garry 28,MALE,EASTERN CAPE,BLACK,37,35-44,4
809589,Alecia ,Roquemore,Alecia 235@mailxyz.com,@Alecia 23,FEMALE,EASTERN CAPE,WHITE,33,25-34,3
809591,Filiberto ,Shkreli,Filiberto 43@mail.com,@Filiberto 4,MALE,GAUTENG,UNKNOWN,30,25-34,3
809604,Jared ,Mccown,Jared 503@mail.com,@Jared 50,MALE,WESTERN CAPE,BLACK,24,18-24,2
809617,Kip ,Caves,Kip 145@mailxyz.com,@Kip 14,MALE,MPUMALANGA,BLACK,56,55+,6
809633,Yong ,Nicholls,Yong 481@yahoo.com,@Yong 48,MALE,EASTERN CAPE,BLACK,50,45-54,5
809636,Art ,Fudge,Art 402@gmail.com,@Art 40,MALE,MPUMALANGA,BLACK,28,25-34,3
809640,Shane ,Mccollum,Shane 22@gmail.com,@Shane 2,MALE,WESTERN CAPE,COLOURED,52,45-54,5
809641,Markus ,Biggers,Markus 193@mail.com,@Markus 19,MALE,LIMPOPO,BLACK,28,25-34,3
809647,Hugh,Deblois,Hugh11@yahoo.com,@Hugh1,MALE,WESTERN CAPE,COLOURED,39,35-44,4
809648,Bret ,Pilot,Bret 311@yahoo.com,@Bret 31,MALE,WESTERN CAPE,BLACK,18,18-24,2
809649,Randy ,Mina,Randy 391@yahoo.com,@Randy 39,MALE,KWAZULU NATAL,BLACK,32,25-34,3
809658,Charlie ,Gettys,Charlie 364@abcmail.com,@Charlie 36,MALE,WESTERN CAPE,BLACK,42,35-44,4
809666,Wilton ,Vital,Wilton 415@mailxyz.com,@Wilton 41,MALE,MPUMALANGA,BLACK,29,25-34,3
809669,Filiberto ,Paradis,Filiberto 41@yahoo.com,@Filiberto 4,MALE,FREE STATE,WHITE,21,18-24,2
809675,Stacy ,Borelli,Stacy 274@abcmail.com,@Stacy 27,MALE,KWAZULU NATAL,WHITE,60,55+,6
809676,Shane ,Mastrangelo,Shane 21@yahoo.com,@Shane 2,MALE,GAUTENG,BLACK,23,18-24,2
809681,Raymundo ,Beville,Raymundo 432@gmail.com,@Raymundo 43,MALE,MPUMALANGA,BLACK,26,25-34,3
809694,Cory ,Tancredi,Cory 105@mailxyz.com,@Cory 10,MALE,FREE STATE,BLACK,38,35-44,4
809695,Romeo ,Marek,Romeo 374@abcmail.com,@Romeo 37,MALE,KWAZULU NATAL,BLACK,26,25-34,3
809704,Torrie ,Mcclaine,Torrie 142@gmail.com,@Torrie 14,FEMALE,GAUTENG,UNKNOWN,26,25-34,3
809707,Jacinto ,Sieren,Jacinto 251@yahoo.com,@Jacinto 25,MALE,GAUTENG,BLACK,38,35-44,4
809709,Lillian ,Borelli,Lillian 432@gmail.com,@Lillian 43,FEMALE,WESTERN CAPE,COLOURED,40,35-44,4
809715,Emerson ,Shkreli,Emerson 241@yahoo.com,@Emerson 24,MALE,MPUMALANGA,BLACK,41,35-44,4
809716,Rebecka ,Shkreli,Rebecka 231@yahoo.com,@Rebecka 23,FEMALE,GAUTENG,COLOURED,41,35-44,4
809717,Valentine ,Sieren,Valentine 475@mailxyz.com,@Valentine 47,MALE,KWAZULU NATAL,BLACK,28,25-34,3
809718,Desirae ,Luthy,Desirae 402@gmail.com,@Desirae 40,FEMALE,EASTERN CAPE,BLACK,17,<18,1
809723,Haywood ,Slane,Haywood 95@mailxyz.com,@Haywood 9,MALE,GAUTENG,BLACK,27,25-34,3
809726,Efren ,Martello,Efren 133@mail.com,@Efren 13,MALE,LIMPOPO,INDIAN_ASIAN,31,25-34,3
809727,Bernardo ,Pilot,Bernardo 325@mailxyz.com,@Bernardo 32,MALE,LIMPOPO,INDIAN_ASIAN,26,25-34,3
809731,Donald ,Arrieta,Donald 221@yahoo.com,@Donald 22,MALE,EASTERN CAPE,BLACK,43,35-44,4
809733,Bernardo ,Deblois,Bernardo 322@gmail.com,@Bernardo 32,MALE,GAUTENG,BLACK,38,35-44,4
809737,Irving ,Marek,Irving 52@gmail.com,@Irving 5,MALE,EASTERN CAPE,BLACK,39,35-44,4
809739,Stefan ,Mosser,Stefan 464@abcmail.com,@Stefan 46,MALE,EASTERN CAPE,BLACK,40,35-44,4
809741,Kip ,Lavoie,Kip 141@yahoo.com,@Kip 14,MALE,MPUMALANGA,BLACK,27,25-34,3
809744,Chas ,Creager,Chas 354@abcmail.com,@Chas 35,MALE,KWAZULU NATAL,INDIAN_ASIAN,29,25-34,3
809752,Markus ,Wigfall,Markus 194@abcmail.com,@Markus 19,MALE,WESTERN CAPE,BLACK,31,25-34,3
809754,Michel ,Nicholls,Michel 201@yahoo.com,@Michel 20,MALE,MPUMALANGA,INDIAN_ASIAN,32,25-34,3
809756,Chas ,Tatham,Chas 355@mailxyz.com,@Chas 35,MALE,FREE STATE,BLACK,27,25-34,3
809759,Raymundo ,Holt,Raymundo 433@mail.com,@Raymundo 43,MALE,LIMPOPO,INDIAN_ASIAN,37,35-44,4
809765,Len ,Hoadley,Len 441@yahoo.com,@Len 44,MALE,WESTERN CAPE,COLOURED,37,35-44,4
809770,Lucas ,Tancredi,Lucas 232@gmail.com,@Lucas 23,MALE,GAUTENG,BLACK,29,25-34,3
809776,Bret ,Condie,Bret 315@mailxyz.com,@Bret 31,MALE,GAUTENG,BLACK,27,25-34,3
809780,Randy ,Roquemore,Randy 394@abcmail.com,@Randy 39,MALE,WESTERN CAPE,COLOURED,32,25-34,3
809781,Cory ,Holt,Cory 105@mailxyz.com,@Cory 10,MALE,WESTERN CAPE,COLOURED,29,25-34,3
809786,Dee ,Restivo,Dee 215@mailxyz.com,@Dee 21,MALE,MPUMALANGA,UNKNOWN,33,25-34,3
809787,Shandra ,Mccollum,Shandra 325@mailxyz.com,@Shandra 32,FEMALE,KWAZULU NATAL,BLACK,34,25-34,3
809790,Irving ,Bilyeu,Irving 52@gmail.com,@Irving 5,MALE,LIMPOPO,BLACK,40,35-44,4
809795,Dee ,Borelli,Dee 214@abcmail.com,@Dee 21,MALE,KWAZULU NATAL,COLOURED,24,18-24,2
809798,Eli ,Beville,Eli 291@yahoo.com,@Eli 29,MALE,KWAZULU NATAL,UNKNOWN,29,25-34,3
809799,Jacinto ,Hier,Jacinto 251@yahoo.com,@Jacinto 25,MALE,WESTERN CAPE,WHITE,22,18-24,2
809800,Randy ,Nicholls,Randy 391@yahoo.com,@Randy 39,MALE,WESTERN CAPE,COLOURED,48,45-54,5
809801,Dee ,Condie,Dee 211@yahoo.com,@Dee 21,MALE,WESTERN CAPE,BLACK,35,35-44,4
809809,Reagan ,Biggers,Reagan 502@gmail.com,@Reagan 50,FEMALE,KWAZULU NATAL,INDIAN_ASIAN,29,25-34,3
809813,Raymundo ,Arrieta,Raymundo 431@yahoo.com,@Raymundo 43,MALE,WESTERN CAPE,BLACK,35,35-44,4
809817,Jacinto ,Arrieta,Jacinto 251@yahoo.com,@Jacinto 25,MALE,WESTERN CAPE,BLACK,27,25-34,3
809820,Efren ,Vital,Efren 133@mail.com,@Efren 13,MALE,GAUTENG,BLACK,25,25-34,3
809823,Yong ,Singer,Yong 483@mail.com,@Yong 48,MALE,GAUTENG,BLACK,30,25-34,3
809824,Hugh,Marek,Hugh11@yahoo.com,@Hugh1,MALE,WESTERN CAPE,COLOURED,38,35-44,4
809825,Hyman ,Slane,Hyman 84@abcmail.com,@Hyman 8,MALE,GAUTENG,BLACK,32,25-34,3
809828,Eli ,Leicht,Eli 295@mailxyz.com,@Eli 29,MALE,GAUTENG,BLACK,40,35-44,4
809830,Carlota ,Tancredi,Carlota 504@abcmail.com,@Carlota 50,FEMALE,MPUMALANGA,BLACK,38,35-44,4
809834,Wilton ,Mccollum,Wilton 413@mail.com,@Wilton 41,MALE,GAUTENG,BLACK,33,25-34,3
809841,Irmgard ,Bilyeu,Irmgard 454@abcmail.com,@Irmgard 45,FEMALE,WESTERN CAPE,COLOURED,47,45-54,5
809853,Williemae ,Holt,Williemae 241@yahoo.com,@Williemae 24,FEMALE,WESTERN CAPE,UNKNOWN,46,45-54,5
809856,Art ,Mosser,Art 403@mail.com,@Art 40,MALE,WESTERN CAPE,UNKNOWN,24,18-24,2
809857,Charlie ,Pool,Charlie 361@yahoo.com,@Charlie 36,MALE,MPUMALANGA,BLACK,21,18-24,2
809860,Loyd ,Sytsma,Loyd 494@abcmail.com,@Loyd 49,MALE,KWAZULU NATAL,BLACK,40,35-44,4
809861,Art ,Pascarella,Art 402@gmail.com,@Art 40,MALE,GAUTENG,BLACK,28,25-34,3
809862,Wilton ,Holt,Wilton 411@yahoo.com,@Wilton 41,MALE,LIMPOPO,BLACK,24,18-24,2
809866,Kyle ,Jacox,Kyle 61@yahoo.com,@Kyle 6,MALE,MPUMALANGA,BLACK,19,18-24,2
809871,Chas ,Styer,Chas 353@mail.com,@Chas 35,MALE,KWAZULU NATAL,BLACK,15,<18,1
809881,Art ,Nicholls,Art 404@abcmail.com,@Art 40,MALE,MPUMALANGA,BLACK,35,35-44,4
809884,Eli ,Woolard,Eli 294@abcmail.com,@Eli 29,MALE,GAUTENG,COLOURED,18,18-24,2
809886,Cory ,Hier,Cory 101@yahoo.com,@Cory 10,MALE,WESTERN CAPE,COLOURED,46,45-54,5
809887,Carter ,Pascarella,Carter 33@mail.com,@Carter 3,MALE,GAUTENG,BLACK,41,35-44,4
809889,Earl ,Wigfall,Earl 423@mail.com,@Earl 42,MALE,GAUTENG,BLACK,22,18-24,2
809890,Len ,Paradis,Len 445@mailxyz.com,@Len 44,MALE,LIMPOPO,INDIAN_ASIAN,52,45-54,5
809892,Hyman ,Reisinger,Hyman 83@mail.com,@Hyman 8,MALE,GAUTENG,BLACK,27,25-34,3
809900,Claud ,Mccollum,Claud 343@mail.com,@Claud 34,MALE,GAUTENG,WHITE,27,25-34,3
809901,Brendan ,Lavoie,Brendan 455@mailxyz.com,@Brendan 45,MALE,GAUTENG,BLACK,24,18-24,2
809903,Jared ,Caves,Jared 503@mail.com,@Jared 50,MALE,LIMPOPO,BLACK,23,18-24,2
809908,Len ,Hoadley,Len 445@mailxyz.com,@Len 44,MALE,EASTERN CAPE,INDIAN_ASIAN,9,<18,1
809917,Lloyd ,Vital,Lloyd 72@gmail.com,@Lloyd 7,MALE,WESTERN CAPE,COLOURED,39,35-44,4
809921,Efren ,Tancredi,Efren 131@yahoo.com,@Efren 13,MALE,LIMPOPO,WHITE,9,<18,1
809924,Charlie ,Lavoie,Charlie 364@abcmail.com,@Charlie 36,MALE,WESTERN CAPE,BLACK,52,45-54,5
809931,Stacy ,Vital,Stacy 273@mail.com,@Stacy 27,MALE,GAUTENG,BLACK,34,25-34,3
809934,Dion ,Shkreli,Dion 335@mailxyz.com,@Dion 33,MALE,WESTERN CAPE,BLACK,38,35-44,4
809935,Valentine ,Mccown,Valentine 474@abcmail.com,@Valentine 47,MALE,GAUTENG,COLOURED,27,25-34,3
809942,Samuel ,Mccown,Samuel 262@gmail.com,@Samuel 26,MALE,KWAZULU NATAL,BLACK,15,<18,1
809946,Wilton ,Caves,Wilton 412@gmail.com,@Wilton 41,MALE,GAUTENG,BLACK,57,55+,6
809950,Bret ,Reisinger,Bret 315@mailxyz.com,@Bret 31,MALE,NORTH WEST,BLACK,33,25-34,3
809965,Briana ,Caves,Briana 155@mailxyz.com,@Briana 15,FEMALE,LIMPOPO,BLACK,10,<18,1
809970,Eula ,Mccown,Eula 435@mailxyz.com,@Eula 43,FEMALE,GAUTENG,BLACK,23,18-24,2
809971,Lane ,Creager,Lane 113@mail.com,@Lane 11,MALE,NORTH WEST,BLACK,23,18-24,2
809972,Donald ,Tatham,Donald 225@mailxyz.com,@Donald 22,MALE,GAUTENG,BLACK,41,35-44,4
809980,Wilburn ,Curran,Wilburn 302@gmail.com,@Wilburn 30,MALE,KWAZULU NATAL,INDIAN_ASIAN,28,25-34,3
809981,Stefan ,Mcclaine,Stefan 464@abcmail.com,@Stefan 46,MALE,EASTERN CAPE,BLACK,36,35-44,4
809982,Hyman ,Restivo,Hyman 84@abcmail.com,@Hyman 8,MALE,GAUTENG,WHITE,35,35-44,4
809986,Valentine ,Mcculloch,Valentine 472@gmail.com,@Valentine 47,MALE,NORTH WEST,INDIAN_ASIAN,34,25-34,3
809988,Garry ,Mcclaine,Garry 282@gmail.com,@Garry 28,MALE,GAUTENG,BLACK,30,25-34,3
809993,Loyd ,Bilyeu,Loyd 491@yahoo.com,@Loyd 49,MALE,LIMPOPO,WHITE,11,<18,1
809995,Earl ,Langenfeld,Earl 425@mailxyz.com,@Earl 42,MALE,KWAZULU NATAL,BLACK,30,25-34,3
810000,Art ,Pool,Art 401@yahoo.com,@Art 40,MALE,GAUTENG,BLACK,27,25-34,3
810003,Romeo ,Bilyeu,Romeo 373@mail.com,@Romeo 37,MALE,GAUTENG,INDIAN_ASIAN,24,18-24,2
810004,Stephen ,Caves,Stephen 155@mailxyz.com,@Stephen 15,MALE,NORTHERN CAPE,COLOURED,19,18-24,2
810005,Lane ,Reisinger,Lane 115@mailxyz.com,@Lane 11,MALE,MPUMALANGA,BLACK,32,25-34,3
810007,Efren ,Arrieta,Efren 132@gmail.com,@Efren 13,MALE,WESTERN CAPE,COLOURED,26,25-34,3
810011,Emerson ,Luthy,Emerson 243@mail.com,@Emerson 24,MALE,KWAZULU NATAL,BLACK,32,25-34,3
810013,Jared ,Gettys,Jared 505@mailxyz.com,@Jared 50,MALE,WESTERN CAPE,OTHER,45,45-54,5
810015,Donald ,Woolard,Donald 223@mail.com,@Donald 22,MALE,WESTERN CAPE,INDIAN_ASIAN,36,35-44,4
810039,Trudie ,Restivo,Trudie 385@mailxyz.com,@Trudie 38,FEMALE,KWAZULU NATAL,BLACK,26,25-34,3
810041,Claud ,Paradis,Claud 345@mailxyz.com,@Claud 34,MALE,KWAZULU NATAL,BLACK,30,25-34,3
810042,Art ,Mccollum,Art 402@gmail.com,@Art 40,MALE,GAUTENG,BLACK,31,25-34,3
810044,Len ,Restivo,Len 443@mail.com,@Len 44,MALE,MPUMALANGA,COLOURED,32,25-34,3
810047,Minerva ,Marek,Minerva 75@mailxyz.com,@Minerva 7,FEMALE,MPUMALANGA,BLACK,46,45-54,5
810051,Winona ,Wigfall,Winona 71@yahoo.com,@Winona 7,FEMALE,GAUTENG,INDIAN_ASIAN,22,18-24,2
810052,Kyle ,Pascarella,Kyle 64@abcmail.com,@Kyle 6,MALE,LIMPOPO,INDIAN_ASIAN,20,18-24,2
810063,Michel ,Pascarella,Michel 203@mail.com,@Michel 20,MALE,EASTERN CAPE,COLOURED,28,25-34,3
810066,Art ,Singer,Art 402@gmail.com,@Art 40,MALE,GAUTENG,BLACK,22,18-24,2
810068,Romeo ,Borelli,Romeo 375@mailxyz.com,@Romeo 37,MALE,LIMPOPO,BLACK,40,35-44,4
810075,Loyd ,Shkreli,Loyd 494@abcmail.com,@Loyd 49,MALE,KWAZULU NATAL,BLACK,40,35-44,4
810077,Chas ,Singer,Chas 355@mailxyz.com,@Chas 35,MALE,NORTHERN CAPE,COLOURED,57,55+,6
810079,Brendan ,Luthy,Brendan 451@yahoo.com,@Brendan 45,MALE,GAUTENG,BLACK,30,25-34,3
810080,Irving ,Pascarella,Irving 54@abcmail.com,@Irving 5,MALE,GAUTENG,BLACK,10,<18,1
810081,Len ,Jacox,Len 443@mail.com,@Len 44,MALE,GAUTENG,COLOURED,43,35-44,4
810087,Sharri ,Tatham,Sharri 215@mailxyz.com,@Sharri 21,FEMALE,LIMPOPO,BLACK,19,18-24,2
810088,Charlie ,Mccown,Charlie 362@gmail.com,@Charlie 36,MALE,EASTERN CAPE,BLACK,29,25-34,3
810092,Randy ,Mcculloch,Randy 393@mail.com,@Randy 39,MALE,KWAZULU NATAL,UNKNOWN,41,35-44,4
810095,Loris ,Hier,Loris 22@gmail.com,@Loris 2,FEMALE,GAUTENG,WHITE,41,35-44,4
810099,Donald ,Bilyeu,Donald 222@gmail.com,@Donald 22,MALE,KWAZULU NATAL,INDIAN_ASIAN,25,25-34,3
810100,Raymundo ,Borelli,Raymundo 431@yahoo.com,@Raymundo 43,MALE,LIMPOPO,INDIAN_ASIAN,19,18-24,2
810104,Romeo ,Holt,Romeo 375@mailxyz.com,@Romeo 37,MALE,LIMPOPO,BLACK,24,18-24,2
810105,Garry ,Mccollum,Garry 283@mail.com,@Garry 28,MALE,GAUTENG,UNKNOWN,43,35-44,4
810106,Donald ,Reisinger,Donald 224@abcmail.com,@Donald 22,MALE,GAUTENG,INDIAN_ASIAN,29,25-34,3
810110,Hyman ,Borelli,Hyman 85@mailxyz.com,@Hyman 8,MALE,GAUTENG,BLACK,51,45-54,5
810113,Charlie ,Leicht,Charlie 361@yahoo.com,@Charlie 36,MALE,EASTERN CAPE,COLOURED,27,25-34,3
810117,Robby ,Reisinger,Robby 163@mail.com,@Robby 16,MALE,WESTERN CAPE,COLOURED,32,25-34,3
810118,Len ,Singer,Len 442@gmail.com,@Len 44,MALE,WESTERN CAPE,BLACK,49,45-54,5
810119,Donald ,Deblois,Donald 222@gmail.com,@Donald 22,MALE,GAUTENG,BLACK,19,18-24,2
810121,Michel ,Mastrangelo,Michel 205@mailxyz.com,@Michel 20,MALE,WESTERN CAPE,COLOURED,44,35-44,4
810126,Blanca ,Slane,Blanca 93@mail.com,@Blanca 9,FEMALE,NORTH WEST,WHITE,20,18-24,2
810131,Michel ,Shkreli,Michel 202@gmail.com,@Michel 20,MALE,NORTH WEST,BLACK,30,25-34,3
810135,Hollis ,Biggers,Hollis 382@gmail.com,@Hollis 38,MALE,LIMPOPO,BLACK,24,18-24,2
810144,Charlie ,Hier,Charlie 364@abcmail.com,@Charlie 36,MALE,WESTERN CAPE,BLACK,28,25-34,3
810145,Stephen ,Zweifel,Stephen 154@abcmail.com,@Stephen 15,MALE,LIMPOPO,BLACK,31,25-34,3
810151,Bernardo ,Gettys,Bernardo 324@abcmail.com,@Bernardo 32,MALE,EASTERN CAPE,BLACK,28,25-34,3
810157,Yong ,Biggers,Yong 484@abcmail.com,@Yong 48,MALE,WESTERN CAPE,UNKNOWN,44,35-44,4
810164,Charlie ,Hier,Charlie 362@gmail.com,@Charlie 36,MALE,MPUMALANGA,BLACK,34,25-34,3
810167,Emilie ,Deblois,Emilie 285@mailxyz.com,@Emilie 28,FEMALE,GAUTENG,BLACK,33,25-34,3
810168,Markus ,Borelli,Markus 192@gmail.com,@Markus 19,MALE,GAUTENG,BLACK,32,25-34,3
810169,Yong ,Arrieta,Yong 485@mailxyz.com,@Yong 48,MALE,EASTERN CAPE,WHITE,31,25-34,3
810175,Hyman ,Tancredi,Hyman 84@abcmail.com,@Hyman 8,MALE,EASTERN CAPE,COLOURED,30,25-34,3
810176,Hugh,Mccown,Hugh14@abcmail.com,@Hugh1,MALE,LIMPOPO,INDIAN_ASIAN,24,18-24,2
810186,Earline ,Zweifel,Earline 375@mailxyz.com,@Earline 37,FEMALE,NORTH WEST,BLACK,21,18-24,2
810187,Earl ,Paradis,Earl 424@abcmail.com,@Earl 42,MALE,GAUTENG,COLOURED,42,35-44,4
810189,Cory ,Tancredi,Cory 105@mailxyz.com,@Cory 10,MALE,LIMPOPO,INDIAN_ASIAN,49,45-54,5
810194,Hollis ,Vital,Hollis 382@gmail.com,@Hollis 38,MALE,EASTERN CAPE,BLACK,39,35-44,4
810197,Jacinto ,Shkreli,Jacinto 253@mail.com,@Jacinto 25,MALE,GAUTENG,COLOURED,27,25-34,3
810198,Chas ,Fudge,Chas 355@mailxyz.com,@Chas 35,MALE,WESTERN CAPE,WHITE,51,45-54,5
810204,Valentine ,Condie,Valentine 473@mail.com,@Valentine 47,MALE,GAUTENG,BLACK,40,35-44,4
810205,Emerson ,Sieren,Emerson 243@mail.com,@Emerson 24,MALE,GAUTENG,INDIAN_ASIAN,31,25-34,3
810210,Bernardo ,Mcculloch,Bernardo 322@gmail.com,@Bernardo 32,MALE,MPUMALANGA,BLACK,42,35-44,4
810215,Stacy ,Sytsma,Stacy 271@yahoo.com,@Stacy 27,MALE,MPUMALANGA,BLACK,41,35-44,4
810224,Emerson ,Mastrangelo,Emerson 242@gmail.com,@Emerson 24,MALE,GAUTENG,BLACK,45,45-54,5
810226,Wilburn ,Lavoie,Wilburn 303@mail.com,@Wilburn 30,MALE,NORTH WEST,BLACK,24,18-24,2
810231,Valentine ,Reisinger,Valentine 475@mailxyz.com,@Valentine 47,MALE,GAUTENG,BLACK,47,45-54,5
810235,Royal ,Singer,Royal 173@mail.com,@Royal 17,MALE,GAUTENG,INDIAN_ASIAN,36,35-44,4
810243,Brendan ,Borelli,Brendan 455@mailxyz.com,@Brendan 45,MALE,NORTH WEST,BLACK,24,18-24,2
810244,Chas ,Creager,Chas 355@mailxyz.com,@Chas 35,MALE,WESTERN CAPE,COLOURED,25,25-34,3
810246,Markus ,Nicholls,Markus 193@mail.com,@Markus 19,MALE,EASTERN CAPE,OTHER,15,<18,1
810249,Wilburn ,Bilyeu,Wilburn 301@yahoo.com,@Wilburn 30,MALE,KWAZULU NATAL,INDIAN_ASIAN,29,25-34,3
810253,Garry ,Bilyeu,Garry 281@yahoo.com,@Garry 28,MALE,NORTH WEST,BLACK,27,25-34,3
810258,Lucas ,Roquemore,Lucas 234@abcmail.com,@Lucas 23,MALE,EASTERN CAPE,BLACK,35,35-44,4
810259,Yong ,Holt,Yong 483@mail.com,@Yong 48,MALE,NORTH WEST,BLACK,29,25-34,3
810264,Chas ,Arrieta,Chas 353@mail.com,@Chas 35,MALE,GAUTENG,BLACK,23,18-24,2
810268,Efren ,Shkreli,Efren 134@abcmail.com,@Efren 13,MALE,MPUMALANGA,BLACK,24,18-24,2
810279,Hugh,Restivo,Hugh15@mailxyz.com,@Hugh1,MALE,WESTERN CAPE,UNKNOWN,39,35-44,4
810280,Carter ,Mcclaine,Carter 31@yahoo.com,@Carter 3,MALE,WESTERN CAPE,UNKNOWN,45,45-54,5
810281,Hyman ,Deblois,Hyman 83@mail.com,@Hyman 8,MALE,WESTERN CAPE,COLOURED,38,35-44,4
810282,Markus ,Mastrangelo,Markus 193@mail.com,@Markus 19,MALE,GAUTENG,BLACK,26,25-34,3
810286,Lucas ,Condie,Lucas 235@mailxyz.com,@Lucas 23,MALE,NORTH WEST,WHITE,31,25-34,3
810287,Irving ,Jacox,Irving 51@yahoo.com,@Irving 5,MALE,MPUMALANGA,BLACK,24,18-24,2
810289,Art ,Martello,Art 405@mailxyz.com,@Art 40,MALE,GAUTENG,BLACK,34,25-34,3
810290,Cody ,Borelli,Cody 123@mail.com,@Cody 12,MALE,GAUTENG,WHITE,45,45-54,5
810291,Lucas ,Caves,Lucas 233@mail.com,@Lucas 23,MALE,MPUMALANGA,WHITE,19,18-24,2
810293,Chas ,Beville,Chas 355@mailxyz.com,@Chas 35,MALE,WESTERN CAPE,WHITE,36,35-44,4
810295,Katharina ,Condie,Katharina 253@mail.com,@Katharina 25,FEMALE,WESTERN CAPE,COLOURED,44,35-44,4
810300,Lloyd ,Mastrangelo,Lloyd 74@abcmail.com,@Lloyd 7,MALE,LIMPOPO,BLACK,24,18-24,2
810304,Bernardo ,Vital,Bernardo 322@gmail.com,@Bernardo 32,MALE,GAUTENG,COLOURED,24,18-24,2
810307,Cody ,Beville,Cody 123@mail.com,@Cody 12,MALE,EASTERN CAPE,INDIAN_ASIAN,22,18-24,2
810309,Michel ,Pool,Michel 202@gmail.com,@Michel 20,MALE,EASTERN CAPE,INDIAN_ASIAN,27,25-34,3
810310,Wilburn ,Tatham,Wilburn 302@gmail.com,@Wilburn 30,MALE,EASTERN CAPE,WHITE,28,25-34,3
810328,Lane ,Bilyeu,Lane 112@gmail.com,@Lane 11,MALE,GAUTENG,OTHER,42,35-44,4
810329,Michel ,Sieren,Michel 204@abcmail.com,@Michel 20,MALE,LIMPOPO,BLACK,44,35-44,4
810332,Carter ,Tancredi,Carter 34@abcmail.com,@Carter 3,MALE,GAUTENG,BLACK,40,35-44,4
810333,Abel ,Mccown,Abel 185@mailxyz.com,@Abel 18,MALE,LIMPOPO,INDIAN_ASIAN,24,18-24,2
810334,Michel ,Langenfeld,Michel 201@yahoo.com,@Michel 20,MALE,GAUTENG,COLOURED,43,35-44,4
810339,Hugh,Sieren,Hugh11@yahoo.com,@Hugh1,MALE,WESTERN CAPE,COLOURED,34,25-34,3
810340,Garry ,Deblois,Garry 281@yahoo.com,@Garry 28,MALE,WESTERN CAPE,COLOURED,44,35-44,4
810341,Bret ,Tancredi,Bret 312@gmail.com,@Bret 31,MALE,GAUTENG,UNKNOWN,26,25-34,3
810344,Dion ,Roquemore,Dion 332@gmail.com,@Dion 33,MALE,NORTH WEST,WHITE,30,25-34,3
810346,Bernardo ,Wigfall,Bernardo 325@mailxyz.com,@Bernardo 32,MALE,KWAZULU NATAL,BLACK,30,25-34,3
810349,Shane ,Restivo,Shane 21@yahoo.com,@Shane 2,MALE,GAUTENG,BLACK,36,35-44,4
810357,Michel ,Caves,Michel 205@mailxyz.com,@Michel 20,MALE,KWAZULU NATAL,COLOURED,52,45-54,5
810359,Wilburn ,Hoadley,Wilburn 305@mailxyz.com,@Wilburn 30,MALE,GAUTENG,BLACK,39,35-44,4
810367,Cory ,Wigfall,Cory 105@mailxyz.com,@Cory 10,MALE,WESTERN CAPE,COLOURED,33,25-34,3
810376,Brendan ,Pool,Brendan 451@yahoo.com,@Brendan 45,MALE,GAUTENG,WHITE,49,45-54,5
810381,Dee ,Nicholls,Dee 212@gmail.com,@Dee 21,MALE,WESTERN CAPE,COLOURED,44,35-44,4
810383,Wilton ,Beville,Wilton 413@mail.com,@Wilton 41,MALE,WESTERN CAPE,INDIAN_ASIAN,45,45-54,5
810386,Shane ,Mina,Shane 24@abcmail.com,@Shane 2,MALE,KWAZULU NATAL,BLACK,33,25-34,3
810387,Carter ,Lavoie,Carter 33@mail.com,@Carter 3,MALE,GAUTENG,INDIAN_ASIAN,31,25-34,3
810390,Jacinto ,Curran,Jacinto 251@yahoo.com,@Jacinto 25,MALE,GAUTENG,WHITE,38,35-44,4
810400,Carlota ,Tancredi,Carlota 324@abcmail.com,@Carlota 32,FEMALE,KWAZULU NATAL,BLACK,46,45-54,5
810402,Blanca ,Slane,Blanca 485@mailxyz.com,@Blanca 48,FEMALE,GAUTENG,INDIAN_ASIAN,48,45-54,5
810403,Haywood ,Deblois,Haywood 95@mailxyz.com,@Haywood 9,MALE,GAUTENG,WHITE,47,45-54,5
810406,Michel ,Sieren,Michel 204@abcmail.com,@Michel 20,MALE,GAUTENG,WHITE,38,35-44,4
810407,Romeo ,Slane,Romeo 374@abcmail.com,@Romeo 37,MALE,GAUTENG,UNKNOWN,32,25-34,3
810408,Hugh,Marek,Hugh14@abcmail.com,@Hugh1,MALE,WESTERN CAPE,COLOURED,33,25-34,3
810409,Samuel ,Pool,Samuel 262@gmail.com,@Samuel 26,MALE,GAUTENG,UNKNOWN,53,45-54,5
810411,Lucas ,Restivo,Lucas 234@abcmail.com,@Lucas 23,MALE,GAUTENG,WHITE,56,55+,6
810414,Irmgard ,Bilyeu,Irmgard 124@abcmail.com,@Irmgard 12,FEMALE,MPUMALANGA,BLACK,54,45-54,5
810424,Hyman ,Creager,Hyman 85@mailxyz.com,@Hyman 8,MALE,GAUTENG,WHITE,30,25-34,3
810435,Bernardo ,Mcculloch,Bernardo 322@gmail.com,@Bernardo 32,MALE,WESTERN CAPE,BLACK,26,25-34,3
810440,Hollis ,Jacox,Hollis 382@gmail.com,@Hollis 38,MALE,GAUTENG,UNKNOWN,44,35-44,4
810445,Bernardo ,Deblois,Bernardo 322@gmail.com,@Bernardo 32,MALE,WESTERN CAPE,UNKNOWN,33,25-34,3
810446,Shane ,Restivo,Shane 22@gmail.com,@Shane 2,MALE,WESTERN CAPE,WHITE,44,35-44,4
810454,Bret ,Paradis,Bret 314@abcmail.com,@Bret 31,MALE,KWAZULU NATAL,INDIAN_ASIAN,56,55+,6
810455,Robby ,Reisinger,Robby 162@gmail.com,@Robby 16,MALE,GAUTENG,UNKNOWN,65,55+,6
810460,Shane ,Mccollum,Shane 23@mail.com,@Shane 2,MALE,WESTERN CAPE,COLOURED,26,25-34,3
810463,Shane ,Martello,Shane 22@gmail.com,@Shane 2,MALE,WESTERN CAPE,OTHER,34,25-34,3
810467,Valentine ,Tancredi,Valentine 473@mail.com,@Valentine 47,MALE,MPUMALANGA,INDIAN_ASIAN,36,35-44,4
810468,Samuel ,Sytsma,Samuel 263@mail.com,@Samuel 26,MALE,GAUTENG,INDIAN_ASIAN,30,25-34,3
810473,Randy ,Condie,Randy 394@abcmail.com,@Randy 39,MALE,GAUTENG,UNKNOWN,42,35-44,4
810474,Malika ,Sieren,Malika 152@gmail.com,@Malika 15,FEMALE,GAUTENG,INDIAN_ASIAN,32,25-34,3
810478,Garry ,Zweifel,Garry 284@abcmail.com,@Garry 28,MALE,LIMPOPO,UNKNOWN,43,35-44,4
810481,Wilton ,Creager,Wilton 414@abcmail.com,@Wilton 41,MALE,GAUTENG,WHITE,29,25-34,3
810484,Dion ,Condie,Dion 333@mail.com,@Dion 33,MALE,MPUMALANGA,UNKNOWN,23,18-24,2
810486,Hyman ,Tancredi,Hyman 84@abcmail.com,@Hyman 8,MALE,GAUTENG,WHITE,38,35-44,4
810487,Stacy ,Condie,Stacy 274@abcmail.com,@Stacy 27,MALE,WESTERN CAPE,COLOURED,45,45-54,5
810488,Romeo ,Sieren,Romeo 372@gmail.com,@Romeo 37,MALE,LIMPOPO,BLACK,28,25-34,3
810495,Royal ,Wigfall,Royal 175@mailxyz.com,@Royal 17,MALE,EASTERN CAPE,WHITE,33,25-34,3
810498,Kip ,Restivo,Kip 141@yahoo.com,@Kip 14,MALE,MPUMALANGA,WHITE,40,35-44,4
810500,Irmgard ,Bilyeu,Irmgard 341@yahoo.com,@Irmgard 34,FEMALE,EASTERN CAPE,BLACK,40,35-44,4
810506,Cody ,Hier,Cody 121@yahoo.com,@Cody 12,MALE,WESTERN CAPE,WHITE,43,35-44,4
810507,Hugh,Mosser,Hugh15@mailxyz.com,@Hugh1,MALE,WESTERN CAPE,COLOURED,38,35-44,4
810508,Jared ,Mcclaine,Jared 502@gmail.com,@Jared 50,MALE,GAUTENG,WHITE,53,45-54,5
810511,Lane ,Styer,Lane 114@abcmail.com,@Lane 11,MALE,WESTERN CAPE,BLACK,24,18-24,2
810513,Yolonda ,Pascarella,Yolonda 103@mail.com,@Yolonda 10,FEMALE,GAUTENG,BLACK,36,35-44,4
810522,Carlota ,Tancredi,Carlota 314@abcmail.com,@Carlota 31,FEMALE,EASTERN CAPE,BLACK,50,45-54,5
810523,Efren ,Vital,Efren 132@gmail.com,@Efren 13,MALE,GAUTENG,WHITE,51,45-54,5
810525,Shane ,Zweifel,Shane 21@yahoo.com,@Shane 2,MALE,GAUTENG,WHITE,48,45-54,5
810526,Art ,Hier,Art 403@mail.com,@Art 40,MALE,MPUMALANGA,BLACK,31,25-34,3
810533,Dee ,Hier,Dee 213@mail.com,@Dee 21,MALE,GAUTENG,BLACK,49,45-54,5
810534,Lucas ,Crotty,Lucas 235@mailxyz.com,@Lucas 23,MALE,GAUTENG,WHITE,24,18-24,2
810536,Kip ,Mina,Kip 143@mail.com,@Kip 14,MALE,MPUMALANGA,WHITE,24,18-24,2
810537,Bess ,Jacox,Bess 291@yahoo.com,@Bess 29,FEMALE,MPUMALANGA,COLOURED,34,25-34,3
810543,Cordie ,Singer,Cordie 102@gmail.com,@Cordie 10,FEMALE,MPUMALANGA,INDIAN_ASIAN,53,45-54,5
810546,Haywood ,Caves,Haywood 91@yahoo.com,@Haywood 9,MALE,GAUTENG,BLACK,33,25-34,3
810547,Filiberto ,Reisinger,Filiberto 44@abcmail.com,@Filiberto 4,MALE,GAUTENG,COLOURED,32,25-34,3
810555,Jared ,Zweifel,Jared 505@mailxyz.com,@Jared 50,MALE,NORTH WEST,BLACK,34,25-34,3
810557,Donald ,Arrieta,Donald 223@mail.com,@Donald 22,MALE,GAUTENG,BLACK,26,25-34,3
810558,Cory ,Roquemore,Cory 104@abcmail.com,@Cory 10,MALE,NORTHERN CAPE,WHITE,30,25-34,3
810560,Hyman ,Mcculloch,Hyman 85@mailxyz.com,@Hyman 8,MALE,GAUTENG,BLACK,47,45-54,5
810563,Jared ,Sieren,Jared 504@abcmail.com,@Jared 50,MALE,GAUTENG,BLACK,29,25-34,3
810564,Haywood ,Mina,Haywood 94@abcmail.com,@Haywood 9,MALE,WESTERN CAPE,COLOURED,37,35-44,4
810565,Charlie ,Singer,Charlie 363@mail.com,@Charlie 36,MALE,GAUTENG,BLACK,44,35-44,4
810568,Samuel ,Condie,Samuel 264@abcmail.com,@Samuel 26,MALE,GAUTENG,BLACK,40,35-44,4
810569,Charlie ,Roquemore,Charlie 362@gmail.com,@Charlie 36,MALE,WESTERN CAPE,BLACK,34,25-34,3
810571,Epifania ,Crotty,Epifania 73@mail.com,@Epifania 7,FEMALE,KWAZULU NATAL,BLACK,39,35-44,4
810572,Jared ,Hier,Jared 505@mailxyz.com,@Jared 50,MALE,WESTERN CAPE,UNKNOWN,22,18-24,2
810573,Wilburn ,Pool,Wilburn 302@gmail.com,@Wilburn 30,MALE,GAUTENG,WHITE,18,18-24,2
810574,Dion ,Reisinger,Dion 333@mail.com,@Dion 33,MALE,KWAZULU NATAL,INDIAN_ASIAN,48,45-54,5
810579,Kyle ,Styer,Kyle 61@yahoo.com,@Kyle 6,MALE,WESTERN CAPE,UNKNOWN,50,45-54,5
810581,Cody ,Woolard,Cody 121@yahoo.com,@Cody 12,MALE,WESTERN CAPE,OTHER,44,35-44,4
810586,Yolonda ,Pascarella,Yolonda 261@yahoo.com,@Yolonda 26,FEMALE,WESTERN CAPE,BLACK,34,25-34,3
810587,Jacinto ,Shkreli,Jacinto 252@gmail.com,@Jacinto 25,MALE,KWAZULU NATAL,BLACK,52,45-54,5
810593,Gretta ,Mosser,Gretta 504@abcmail.com,@Gretta 50,FEMALE,LIMPOPO,BLACK,51,45-54,5
810594,Cody ,Caves,Cody 125@mailxyz.com,@Cody 12,MALE,WESTERN CAPE,COLOURED,31,25-34,3
810599,Stefan ,Mcclaine,Stefan 463@mail.com,@Stefan 46,MALE,WESTERN CAPE,COLOURED,32,25-34,3
810604,Yong ,Slane,Yong 484@abcmail.com,@Yong 48,MALE,GAUTENG,UNKNOWN,47,45-54,5
810605,Hugh,Crotty,Hugh13@mail.com,@Hugh1,MALE,LIMPOPO,INDIAN_ASIAN,31,25-34,3
810608,Claud ,Biggers,Claud 342@gmail.com,@Claud 34,MALE,WESTERN CAPE,COLOURED,44,35-44,4
810609,Valentine ,Tatham,Valentine 474@abcmail.com,@Valentine 47,MALE,MPUMALANGA,BLACK,26,25-34,3
810611,Lloyd ,Biggers,Lloyd 72@gmail.com,@Lloyd 7,MALE,MPUMALANGA,COLOURED,39,35-44,4
810614,Wilburn ,Luthy,Wilburn 302@gmail.com,@Wilburn 30,MALE,MPUMALANGA,BLACK,28,25-34,3
810617,Kip ,Arrieta,Kip 144@abcmail.com,@Kip 14,MALE,KWAZULU NATAL,INDIAN_ASIAN,24,18-24,2
810619,Jared ,Curran,Jared 505@mailxyz.com,@Jared 50,MALE,WESTERN CAPE,UNKNOWN,22,18-24,2
810627,Art ,Mosser,Art 404@abcmail.com,@Art 40,MALE,MPUMALANGA,BLACK,26,25-34,3
810638,Brendan ,Slane,Brendan 455@mailxyz.com,@Brendan 45,MALE,GAUTENG,WHITE,32,25-34,3
810643,Chas ,Marek,Chas 353@mail.com,@Chas 35,MALE,MPUMALANGA,BLACK,42,35-44,4
810645,Emerson ,Styer,Emerson 245@mailxyz.com,@Emerson 24,MALE,MPUMALANGA,UNKNOWN,31,25-34,3
810648,Jacinto ,Paradis,Jacinto 253@mail.com,@Jacinto 25,MALE,KWAZULU NATAL,INDIAN_ASIAN,43,35-44,4
810649,Michel ,Borelli,Michel 205@mailxyz.com,@Michel 20,MALE,GAUTENG,WHITE,20,18-24,2
810650,Seema ,Fudge,Seema 155@mailxyz.com,@Seema 15,FEMALE,GAUTENG,WHITE,55,55+,6
810651,Royal ,Bilyeu,Royal 175@mailxyz.com,@Royal 17,MALE,LIMPOPO,INDIAN_ASIAN,38,35-44,4
810654,Michel ,Singer,Michel 205@mailxyz.com,@Michel 20,MALE,WESTERN CAPE,COLOURED,28,25-34,3
810663,Efren ,Tancredi,Efren 132@gmail.com,@Efren 13,MALE,GAUTENG,WHITE,41,35-44,4
810665,Anette ,Leicht,Anette 354@abcmail.com,@Anette 35,FEMALE,GAUTENG,BLACK,35,35-44,4
810669,Efren ,Slane,Efren 133@mail.com,@Efren 13,MALE,GAUTENG,UNKNOWN,41,35-44,4
810670,Lloyd ,Bilyeu,Lloyd 74@abcmail.com,@Lloyd 7,MALE,GAUTENG,UNKNOWN,60,55+,6
810671,Bernardo ,Martello,Bernardo 321@yahoo.com,@Bernardo 32,MALE,KWAZULU NATAL,UNKNOWN,27,25-34,3
810672,Donald ,Condie,Donald 223@mail.com,@Donald 22,MALE,WESTERN CAPE,COLOURED,46,45-54,5
810674,Lucas ,Hoadley,Lucas 232@gmail.com,@Lucas 23,MALE,GAUTENG,UNKNOWN,44,35-44,4
810680,Chas ,Martello,Chas 355@mailxyz.com,@Chas 35,MALE,KWAZULU NATAL,COLOURED,42,35-44,4
810681,Cory ,Mcclaine,Cory 105@mailxyz.com,@Cory 10,MALE,GAUTENG,BLACK,31,25-34,3
810683,Donald ,Slane,Donald 224@abcmail.com,@Donald 22,MALE,GAUTENG,WHITE,38,35-44,4
810684,Michel ,Wigfall,Michel 205@mailxyz.com,@Michel 20,MALE,GAUTENG,WHITE,45,45-54,5
810686,Kip ,Hoadley,Kip 144@abcmail.com,@Kip 14,MALE,GAUTENG,INDIAN_ASIAN,40,35-44,4
810688,Samuel ,Restivo,Samuel 262@gmail.com,@Samuel 26,MALE,GAUTENG,WHITE,33,25-34,3
810693,Loyd ,Wigfall,Loyd 492@gmail.com,@Loyd 49,MALE,WESTERN CAPE,WHITE,38,35-44,4
810694,Valentine ,Reisinger,Valentine 475@mailxyz.com,@Valentine 47,MALE,GAUTENG,WHITE,52,45-54,5
810695,Valentine ,Gettys,Valentine 471@yahoo.com,@Valentine 47,MALE,WESTERN CAPE,UNKNOWN,38,35-44,4
810707,Shane ,Langenfeld,Shane 23@mail.com,@Shane 2,MALE,MPUMALANGA,WHITE,23,18-24,2
810710,Eli ,Lavoie,Eli 291@yahoo.com,@Eli 29,MALE,GAUTENG,BLACK,36,35-44,4
810716,Hugh,Sieren,Hugh14@abcmail.com,@Hugh1,MALE,WESTERN CAPE,COLOURED,9,<18,1
810718,Stefan ,Borelli,Stefan 465@mailxyz.com,@Stefan 46,MALE,WESTERN CAPE,COLOURED,36,35-44,4
810720,Kip ,Holt,Kip 141@yahoo.com,@Kip 14,MALE,FREE STATE,UNKNOWN,46,45-54,5
810727,Williemae ,Holt,Williemae 154@abcmail.com,@Williemae 15,FEMALE,WESTERN CAPE,COLOURED,32,25-34,3
810738,Lane ,Gettys,Lane 113@mail.com,@Lane 11,MALE,GAUTENG,UNKNOWN,38,35-44,4
810739,Markus ,Zweifel,Markus 191@yahoo.com,@Markus 19,MALE,WESTERN CAPE,UNKNOWN,39,35-44,4
810743,Valentine ,Borelli,Valentine 473@mail.com,@Valentine 47,MALE,WESTERN CAPE,OTHER,35,35-44,4
810751,Hyman ,Sieren,Hyman 84@abcmail.com,@Hyman 8,MALE,GAUTENG,BLACK,39,35-44,4
810753,Earl ,Leicht,Earl 422@gmail.com,@Earl 42,MALE,NORTHERN CAPE,BLACK,41,35-44,4
810754,Len ,Pascarella,Len 444@abcmail.com,@Len 44,MALE,WESTERN CAPE,WHITE,31,25-34,3
810756,Michel ,Luthy,Michel 201@yahoo.com,@Michel 20,MALE,WESTERN CAPE,UNKNOWN,41,35-44,4
810758,Kyle ,Creager,Kyle 65@mailxyz.com,@Kyle 6,MALE,GAUTENG,COLOURED,46,45-54,5
810759,Seema ,Fudge,Seema 341@yahoo.com,@Seema 34,FEMALE,GAUTENG,BLACK,55,55+,6
810764,Robby ,Pilot,Robby 162@gmail.com,@Robby 16,MALE,GAUTENG,BLACK,45,45-54,5
810769,Robby ,Roquemore,Robby 162@gmail.com,@Robby 16,MALE,WESTERN CAPE,COLOURED,34,25-34,3
810770,Garry ,Bilyeu,Garry 282@gmail.com,@Garry 28,MALE,WESTERN CAPE,COLOURED,25,25-34,3
810772,Wilton ,Biggers,Wilton 415@mailxyz.com,@Wilton 41,MALE,MPUMALANGA,WHITE,25,25-34,3
810773,Abel ,Mina,Abel 184@abcmail.com,@Abel 18,MALE,WESTERN CAPE,BLACK,31,25-34,3
810776,Lloyd ,Hoadley,Lloyd 75@mailxyz.com,@Lloyd 7,MALE,WESTERN CAPE,UNKNOWN,32,25-34,3
811332,Randy ,Arrieta,Randy 393@mail.com,@Randy 39,MALE,GAUTENG,COLOURED,39,35-44,4
813929,Stacy ,Condie,Stacy 275@mailxyz.com,@Stacy 27,MALE,EASTERN CAPE,WHITE,36,35-44,4
813930,Bess ,Jacox,Bess 183@mail.com,@Bess 18,FEMALE,GAUTENG,BLACK,38,35-44,4
814007,Emerson ,Wigfall,Emerson 245@mailxyz.com,@Emerson 24,MALE,GAUTENG,WHITE,31,25-34,3
816289,Dia ,Arrieta,Dia 252@gmail.com,@Dia 25,FEMALE,MPUMALANGA,BLACK,25,25-34,3
816585,Hyman ,Hoadley,Hyman 82@gmail.com,@Hyman 8,MALE,GAUTENG,WHITE,18,18-24,2
817216,Michel ,Marek,Michel 201@yahoo.com,@Michel 20,MALE,KWAZULU NATAL,WHITE,31,25-34,3
817317,Garry ,Singer,Garry 284@abcmail.com,@Garry 28,MALE,WESTERN CAPE,COLOURED,53,45-54,5
817331,Stefan ,Sieren,Stefan 464@abcmail.com,@Stefan 46,MALE,GAUTENG,BLACK,16,<18,1
817449,Cody ,Sieren,Cody 121@yahoo.com,@Cody 12,MALE,WESTERN CAPE,COLOURED,33,25-34,3
817573,Irving ,Restivo,Irving 55@mailxyz.com,@Irving 5,MALE,KWAZULU NATAL,BLACK,35,35-44,4
817992,Loyd ,Mastrangelo,Loyd 491@yahoo.com,@Loyd 49,MALE,KWAZULU NATAL,BLACK,46,45-54,5
818125,Stacy ,Langenfeld,Stacy 274@abcmail.com,@Stacy 27,MALE,GAUTENG,BLACK,25,25-34,3
818570,Filiberto ,Mosser,Filiberto 45@mailxyz.com,@Filiberto 4,MALE,KWAZULU NATAL,BLACK,29,25-34,3
818829,Cody ,Mccown,Cody 121@yahoo.com,@Cody 12,MALE,NORTH WEST,WHITE,52,45-54,5
818884,Alissa ,Woolard,Alissa 441@yahoo.com,@Alissa 44,FEMALE,LIMPOPO,WHITE,54,45-54,5
818957,Nakita ,Pool,Nakita 32@gmail.com,@Nakita 3,FEMALE,LIMPOPO,WHITE,40,35-44,4
818973,Royal ,Fudge,Royal 175@mailxyz.com,@Royal 17,MALE,WESTERN CAPE,UNKNOWN,22,18-24,2
818977,Chas ,Woolard,Chas 355@mailxyz.com,@Chas 35,MALE,GAUTENG,WHITE,45,45-54,5
819048,Filiberto ,Lavoie,Filiberto 42@gmail.com,@Filiberto 4,MALE,EASTERN CAPE,UNKNOWN,27,25-34,3
819074,Samuel ,Martello,Samuel 265@mailxyz.com,@Samuel 26,MALE,GAUTENG,WHITE,53,45-54,5
819075,Brendan ,Bilyeu,Brendan 452@gmail.com,@Brendan 45,MALE,KWAZULU NATAL,INDIAN_ASIAN,25,25-34,3
819098,Dion ,Gettys,Dion 331@yahoo.com,@Dion 33,MALE,GAUTENG,WHITE,47,45-54,5
819202,Eli ,Pascarella,Eli 295@mailxyz.com,@Eli 29,MALE,GAUTENG,UNKNOWN,48,45-54,5
819259,Dia ,Arrieta,Dia 475@mailxyz.com,@Dia 47,FEMALE,WESTERN CAPE,WHITE,10,<18,1
819332,Carter ,Sytsma,Carter 35@mailxyz.com,@Carter 3,MALE,GAUTENG,WHITE,62,55+,6
819358,Valentine ,Borelli,Valentine 472@gmail.com,@Valentine 47,MALE,WESTERN CAPE,WHITE,39,35-44,4
819466,Kyle ,Styer,Kyle 65@mailxyz.com,@Kyle 6,MALE,EASTERN CAPE,UNKNOWN,23,18-24,2
819507,Katharina ,Condie,Katharina 422@gmail.com,@Katharina 42,FEMALE,GAUTENG,INDIAN_ASIAN,28,25-34,3
819524,Garry ,Lavoie,Garry 284@abcmail.com,@Garry 28,MALE,WESTERN CAPE,COLOURED,40,35-44,4
819528,Earl ,Mccollum,Earl 422@gmail.com,@Earl 42,MALE,GAUTENG,BLACK,17,<18,1
819562,Haywood ,Restivo,Haywood 91@yahoo.com,@Haywood 9,MALE,WESTERN CAPE,COLOURED,33,25-34,3
819583,Robby ,Deblois,Robby 161@yahoo.com,@Robby 16,MALE,GAUTENG,BLACK,20,18-24,2
819588,Michel ,Lavoie,Michel 202@gmail.com,@Michel 20,MALE,GAUTENG,WHITE,35,35-44,4
819656,Bret ,Roquemore,Bret 312@gmail.com,@Bret 31,MALE,WESTERN CAPE,BLACK,45,45-54,5
819683,Samuel ,Paradis,Samuel 261@yahoo.com,@Samuel 26,MALE,KWAZULU NATAL,COLOURED,55,55+,6
819746,Lane ,Mcculloch,Lane 115@mailxyz.com,@Lane 11,MALE,GAUTENG,BLACK,38,35-44,4
819771,Jacinto ,Mastrangelo,Jacinto 253@mail.com,@Jacinto 25,MALE,GAUTENG,BLACK,37,35-44,4
819774,Loyd ,Woolard,Loyd 493@mail.com,@Loyd 49,MALE,GAUTENG,INDIAN_ASIAN,25,25-34,3
819799,Lane ,Slane,Lane 115@mailxyz.com,@Lane 11,MALE,EASTERN CAPE,INDIAN_ASIAN,34,25-34,3
819867,Kip ,Deblois,Kip 141@yahoo.com,@Kip 14,MALE,LIMPOPO,INDIAN_ASIAN,44,35-44,4
819869,Lloyd ,Roquemore,Lloyd 74@abcmail.com,@Lloyd 7,MALE,EASTERN CAPE,COLOURED,46,45-54,5
819871,Valentine ,Sieren,Valentine 473@mail.com,@Valentine 47,MALE,MPUMALANGA,BLACK,29,25-34,3
819902,Claud ,Pascarella,Claud 341@yahoo.com,@Claud 34,MALE,NORTH WEST,BLACK,30,25-34,3
819949,Emerson ,Martello,Emerson 245@mailxyz.com,@Emerson 24,MALE,EASTERN CAPE,INDIAN_ASIAN,25,25-34,3
819953,Cody ,Woolard,Cody 125@mailxyz.com,@Cody 12,MALE,LIMPOPO,UNKNOWN,34,25-34,3
819973,Randy ,Wigfall,Randy 392@gmail.com,@Randy 39,MALE,KWAZULU NATAL,WHITE,28,25-34,3
819998,Stacy ,Holt,Stacy 275@mailxyz.com,@Stacy 27,MALE,MPUMALANGA,BLACK,22,18-24,2
820014,Cory ,Arrieta,Cory 103@mail.com,@Cory 10,MALE,LIMPOPO,INDIAN_ASIAN,32,25-34,3
820048,Samuel ,Borelli,Samuel 262@gmail.com,@Samuel 26,MALE,MPUMALANGA,WHITE,37,35-44,4
820061,Jacinto ,Pool,Jacinto 253@mail.com,@Jacinto 25,MALE,GAUTENG,WHITE,31,25-34,3
820067,Abel ,Creager,Abel 185@mailxyz.com,@Abel 18,MALE,FREE STATE,COLOURED,54,45-54,5
820077,Filiberto ,Beville,Filiberto 42@gmail.com,@Filiberto 4,MALE,WESTERN CAPE,COLOURED,40,35-44,4
820093,Shane ,Marek,Shane 23@mail.com,@Shane 2,MALE,WESTERN CAPE,WHITE,26,25-34,3
820119,Kip ,Hier,Kip 141@yahoo.com,@Kip 14,MALE,LIMPOPO,INDIAN_ASIAN,25,25-34,3
820300,Robby ,Slane,Robby 165@mailxyz.com,@Robby 16,MALE,GAUTENG,WHITE,66,55+,6
820310,Donald ,Martello,Donald 221@yahoo.com,@Donald 22,MALE,GAUTENG,WHITE,29,25-34,3
820321,Haywood ,Singer,Haywood 92@gmail.com,@Haywood 9,MALE,KWAZULU NATAL,INDIAN_ASIAN,26,25-34,3
820335,Shane ,Roquemore,Shane 22@gmail.com,@Shane 2,MALE,GAUTENG,INDIAN_ASIAN,17,<18,1
820361,Shane ,Biggers,Shane 21@yahoo.com,@Shane 2,MALE,MPUMALANGA,WHITE,28,25-34,3
820387,Markus ,Hoadley,Markus 191@yahoo.com,@Markus 19,MALE,LIMPOPO,BLACK,15,<18,1
820398,Wilton ,Biggers,Wilton 415@mailxyz.com,@Wilton 41,MALE,KWAZULU NATAL,BLACK,28,25-34,3
820442,Hollis ,Creager,Hollis 383@mail.com,@Hollis 38,MALE,GAUTENG,WHITE,54,45-54,5
820443,Bernardo ,Wigfall,Bernardo 322@gmail.com,@Bernardo 32,MALE,NORTH WEST,BLACK,18,18-24,2
820456,Brendan ,Condie,Brendan 451@yahoo.com,@Brendan 45,MALE,GAUTENG,BLACK,42,35-44,4
820491,Cory ,Biggers,Cory 103@mail.com,@Cory 10,MALE,GAUTENG,BLACK,48,45-54,5
820492,Yong ,Arrieta,Yong 484@abcmail.com,@Yong 48,MALE,LIMPOPO,BLACK,54,45-54,5
820500,Teresia ,Beville,Teresia 295@mailxyz.com,@Teresia 29,FEMALE,KWAZULU NATAL,BLACK,26,25-34,3
820513,Markus ,Mina,Markus 193@mail.com,@Markus 19,MALE,WESTERN CAPE,BLACK,13,<18,1
820518,Earl ,Wigfall,Earl 425@mailxyz.com,@Earl 42,MALE,GAUTENG,BLACK,30,25-34,3
820524,Samuel ,Luthy,Samuel 263@mail.com,@Samuel 26,MALE,MPUMALANGA,BLACK,19,18-24,2
820539,Loyd ,Curran,Loyd 495@mailxyz.com,@Loyd 49,MALE,GAUTENG,BLACK,24,18-24,2
820543,Carter ,Gettys,Carter 33@mail.com,@Carter 3,MALE,GAUTENG,BLACK,25,25-34,3
820544,Hollis ,Roquemore,Hollis 384@abcmail.com,@Hollis 38,MALE,EASTERN CAPE,INDIAN_ASIAN,42,35-44,4
820545,Lane ,Pool,Lane 113@mail.com,@Lane 11,MALE,GAUTENG,WHITE,22,18-24,2
820562,Jared ,Hoadley,Jared 502@gmail.com,@Jared 50,MALE,GAUTENG,OTHER,44,35-44,4
820565,Dion ,Tatham,Dion 334@abcmail.com,@Dion 33,MALE,LIMPOPO,BLACK,23,18-24,2
820566,Mellie ,Creager,Mellie 261@yahoo.com,@Mellie 26,FEMALE,GAUTENG,BLACK,27,25-34,3
820568,Kip ,Vital,Kip 142@gmail.com,@Kip 14,MALE,LIMPOPO,INDIAN_ASIAN,29,25-34,3
820573,Garry ,Mina,Garry 281@yahoo.com,@Garry 28,MALE,GAUTENG,WHITE,32,25-34,3
820580,Claud ,Mastrangelo,Claud 343@mail.com,@Claud 34,MALE,KWAZULU NATAL,COLOURED,26,25-34,3
820583,Felipa ,Mcculloch,Felipa 285@mailxyz.com,@Felipa 28,FEMALE,GAUTENG,INDIAN_ASIAN,38,35-44,4
820601,Stacy ,Pool,Stacy 271@yahoo.com,@Stacy 27,MALE,KWAZULU NATAL,INDIAN_ASIAN,35,35-44,4
820603,Samuel ,Langenfeld,Samuel 265@mailxyz.com,@Samuel 26,MALE,NORTH WEST,BLACK,20,18-24,2
820604,Lucas ,Luthy,Lucas 234@abcmail.com,@Lucas 23,MALE,EASTERN CAPE,UNKNOWN,28,25-34,3
820605,Claud ,Hoadley,Claud 344@abcmail.com,@Claud 34,MALE,WESTERN CAPE,INDIAN_ASIAN,40,35-44,4
820609,Randy ,Reisinger,Randy 393@mail.com,@Randy 39,MALE,FREE STATE,UNKNOWN,25,25-34,3
820610,Lane ,Nicholls,Lane 115@mailxyz.com,@Lane 11,MALE,KWAZULU NATAL,WHITE,65,55+,6
820615,Dion ,Mcclaine,Dion 333@mail.com,@Dion 33,MALE,FREE STATE,UNKNOWN,42,35-44,4
820616,Irving ,Borelli,Irving 51@yahoo.com,@Irving 5,MALE,KWAZULU NATAL,INDIAN_ASIAN,49,45-54,5
820619,Hollis ,Beville,Hollis 382@gmail.com,@Hollis 38,MALE,GAUTENG,UNKNOWN,39,35-44,4
820627,Jacinto ,Crotty,Jacinto 252@gmail.com,@Jacinto 25,MALE,GAUTENG,BLACK,30,25-34,3
820639,Len ,Slane,Len 442@gmail.com,@Len 44,MALE,LIMPOPO,INDIAN_ASIAN,29,25-34,3
820641,Donald ,Nicholls,Donald 221@yahoo.com,@Donald 22,MALE,NORTHERN CAPE,BLACK,31,25-34,3
820653,Kip ,Beville,Kip 143@mail.com,@Kip 14,MALE,GAUTENG,BLACK,36,35-44,4
820654,Robby ,Bilyeu,Robby 163@mail.com,@Robby 16,MALE,EASTERN CAPE,COLOURED,24,18-24,2
820661,Markus ,Pilot,Markus 192@gmail.com,@Markus 19,MALE,GAUTENG,BLACK,58,55+,6
820665,Filiberto ,Vital,Filiberto 41@yahoo.com,@Filiberto 4,MALE,LIMPOPO,BLACK,34,25-34,3
820685,Claud ,Deblois,Claud 345@mailxyz.com,@Claud 34,MALE,LIMPOPO,INDIAN_ASIAN,26,25-34,3
820693,Chas ,Mcculloch,Chas 354@abcmail.com,@Chas 35,MALE,WESTERN CAPE,COLOURED,36,35-44,4
820695,Hyman ,Curran,Hyman 83@mail.com,@Hyman 8,MALE,GAUTENG,BLACK,33,25-34,3
820713,Lucas ,Luthy,Lucas 233@mail.com,@Lucas 23,MALE,WESTERN CAPE,COLOURED,27,25-34,3
820717,Lucas ,Wigfall,Lucas 234@abcmail.com,@Lucas 23,MALE,GAUTENG,BLACK,36,35-44,4
820728,Emerson ,Mcclaine,Emerson 244@abcmail.com,@Emerson 24,MALE,GAUTENG,BLACK,27,25-34,3
820745,Lucas ,Beville,Lucas 232@gmail.com,@Lucas 23,MALE,LIMPOPO,WHITE,35,35-44,4
820747,Carter ,Slane,Carter 34@abcmail.com,@Carter 3,MALE,GAUTENG,COLOURED,39,35-44,4
820751,Loyd ,Martello,Loyd 492@gmail.com,@Loyd 49,MALE,EASTERN CAPE,COLOURED,28,25-34,3
820763,Lillie ,Langenfeld,Lillie 274@abcmail.com,@Lillie 27,FEMALE,GAUTENG,BLACK,35,35-44,4
820770,Dee ,Caves,Dee 212@gmail.com,@Dee 21,MALE,WESTERN CAPE,COLOURED,36,35-44,4
820773,Romeo ,Curran,Romeo 374@abcmail.com,@Romeo 37,MALE,GAUTENG,INDIAN_ASIAN,19,18-24,2
820809,Filiberto ,Sytsma,Filiberto 43@mail.com,@Filiberto 4,MALE,GAUTENG,BLACK,39,35-44,4
820829,Hugh,Mastrangelo,Hugh14@abcmail.com,@Hugh1,MALE,GAUTENG,UNKNOWN,33,25-34,3
820849,Wilton ,Sieren,Wilton 413@mail.com,@Wilton 41,MALE,KWAZULU NATAL,INDIAN_ASIAN,17,<18,1
820852,Stacy ,Mccown,Stacy 272@gmail.com,@Stacy 27,MALE,GAUTENG,INDIAN_ASIAN,26,25-34,3
820859,Hollis ,Mina,Hollis 382@gmail.com,@Hollis 38,MALE,EASTERN CAPE,COLOURED,35,35-44,4
820872,Hyman ,Nicholls,Hyman 82@gmail.com,@Hyman 8,MALE,FREE STATE,BLACK,29,25-34,3
820878,Stefan ,Leicht,Stefan 464@abcmail.com,@Stefan 46,MALE,WESTERN CAPE,COLOURED,26,25-34,3
820879,Dee ,Hoadley,Dee 215@mailxyz.com,@Dee 21,MALE,GAUTENG,BLACK,28,25-34,3
820897,Stefan ,Leicht,Stefan 465@mailxyz.com,@Stefan 46,MALE,GAUTENG,BLACK,38,35-44,4
820910,Filiberto ,Marek,Filiberto 43@mail.com,@Filiberto 4,MALE,MPUMALANGA,BLACK,27,25-34,3
820924,Stefan ,Martello,Stefan 461@yahoo.com,@Stefan 46,MALE,GAUTENG,INDIAN_ASIAN,29,25-34,3
820927,Lane ,Martello,Lane 114@abcmail.com,@Lane 11,MALE,GAUTENG,UNKNOWN,23,18-24,2
820928,Lloyd ,Arrieta,Lloyd 71@yahoo.com,@Lloyd 7,MALE,WESTERN CAPE,COLOURED,28,25-34,3
820932,Valentine ,Martello,Valentine 472@gmail.com,@Valentine 47,MALE,GAUTENG,BLACK,31,25-34,3
820969,Emerson ,Crotty,Emerson 245@mailxyz.com,@Emerson 24,MALE,NORTH WEST,BLACK,34,25-34,3
820970,Efren ,Bilyeu,Efren 131@yahoo.com,@Efren 13,MALE,NORTH WEST,WHITE,41,35-44,4
820978,Emerson ,Singer,Emerson 243@mail.com,@Emerson 24,MALE,NORTHERN CAPE,BLACK,39,35-44,4
821009,Raymundo ,Mcclaine,Raymundo 435@mailxyz.com,@Raymundo 43,MALE,LIMPOPO,INDIAN_ASIAN,27,25-34,3
821010,Valentine ,Tatham,Valentine 475@mailxyz.com,@Valentine 47,MALE,LIMPOPO,INDIAN_ASIAN,33,25-34,3
821033,Len ,Beville,Len 445@mailxyz.com,@Len 44,MALE,GAUTENG,OTHER,32,25-34,3
821041,Bret ,Mccown,Bret 312@gmail.com,@Bret 31,MALE,EASTERN CAPE,COLOURED,37,35-44,4
821068,Royal ,Mccown,Royal 174@abcmail.com,@Royal 17,MALE,WESTERN CAPE,UNKNOWN,29,25-34,3
821074,Hyman ,Zweifel,Hyman 83@mail.com,@Hyman 8,MALE,EASTERN CAPE,WHITE,32,25-34,3
821083,Hyman ,Vital,Hyman 84@abcmail.com,@Hyman 8,MALE,LIMPOPO,INDIAN_ASIAN,36,35-44,4
821098,Jacinto ,Leicht,Jacinto 253@mail.com,@Jacinto 25,MALE,FREE STATE,UNKNOWN,27,25-34,3
821106,Bernardo ,Jacox,Bernardo 322@gmail.com,@Bernardo 32,MALE,GAUTENG,WHITE,33,25-34,3
821133,Royal ,Condie,Royal 175@mailxyz.com,@Royal 17,MALE,WESTERN CAPE,INDIAN_ASIAN,31,25-34,3
821139,Yong ,Crotty,Yong 483@mail.com,@Yong 48,MALE,WESTERN CAPE,COLOURED,26,25-34,3
821146,Carter ,Pascarella,Carter 35@mailxyz.com,@Carter 3,MALE,MPUMALANGA,BLACK,19,18-24,2
821163,Randy ,Mastrangelo,Randy 393@mail.com,@Randy 39,MALE,GAUTENG,BLACK,30,25-34,3
821166,Jared ,Arrieta,Jared 505@mailxyz.com,@Jared 50,MALE,NORTH WEST,BLACK,19,18-24,2
821168,Robby ,Marek,Robby 162@gmail.com,@Robby 16,MALE,FREE STATE,UNKNOWN,40,35-44,4
821186,Hollis ,Wigfall,Hollis 384@abcmail.com,@Hollis 38,MALE,GAUTENG,BLACK,21,18-24,2
821193,Wilburn ,Pascarella,Wilburn 303@mail.com,@Wilburn 30,MALE,MPUMALANGA,UNKNOWN,24,18-24,2
821198,Stacy ,Slane,Stacy 274@abcmail.com,@Stacy 27,MALE,KWAZULU NATAL,INDIAN_ASIAN,28,25-34,3
821206,Royal ,Fudge,Royal 175@mailxyz.com,@Royal 17,MALE,GAUTENG,WHITE,41,35-44,4
821222,Roxana ,Nicholls,Roxana 503@mail.com,@Roxana 50,FEMALE,LIMPOPO,BLACK,113,55+,6
821223,Garry ,Bilyeu,Garry 283@mail.com,@Garry 28,MALE,LIMPOPO,INDIAN_ASIAN,24,18-24,2
821232,Garry ,Mina,Garry 281@yahoo.com,@Garry 28,MALE,GAUTENG,OTHER,46,45-54,5
821233,Abel ,Pascarella,Abel 181@yahoo.com,@Abel 18,MALE,WESTERN CAPE,COLOURED,27,25-34,3
821236,Abel ,Arrieta,Abel 182@gmail.com,@Abel 18,MALE,WESTERN CAPE,UNKNOWN,26,25-34,3
821260,Desirae ,Luthy,Desirae 172@gmail.com,@Desirae 17,FEMALE,GAUTENG,BLACK,47,45-54,5
821285,Cody ,Shkreli,Cody 122@gmail.com,@Cody 12,MALE,WESTERN CAPE,BLACK,39,35-44,4
821289,Cody ,Langenfeld,Cody 124@abcmail.com,@Cody 12,MALE,WESTERN CAPE,BLACK,57,55+,6
821290,Lesli ,Martello,Lesli 461@yahoo.com,@Lesli 46,FEMALE,KWAZULU NATAL,INDIAN_ASIAN,33,25-34,3
821309,Randy ,Mcclaine,Randy 392@gmail.com,@Randy 39,MALE,GAUTENG,BLACK,22,18-24,2
821312,Abel ,Vital,Abel 182@gmail.com,@Abel 18,MALE,GAUTENG,WHITE,35,35-44,4
821313,Eli ,Nicholls,Eli 293@mail.com,@Eli 29,MALE,MPUMALANGA,BLACK,28,25-34,3
821317,Chas ,Bilyeu,Chas 354@abcmail.com,@Chas 35,MALE,KWAZULU NATAL,WHITE,42,35-44,4
821329,Art ,Holt,Art 401@yahoo.com,@Art 40,MALE,EASTERN CAPE,INDIAN_ASIAN,37,35-44,4
821336,Wilburn ,Pascarella,Wilburn 302@gmail.com,@Wilburn 30,MALE,WESTERN CAPE,COLOURED,44,35-44,4
821350,Katharina ,Condie,Katharina 133@mail.com,@Katharina 13,FEMALE,KWAZULU NATAL,BLACK,26,25-34,3
821351,Samuel ,Leicht,Samuel 263@mail.com,@Samuel 26,MALE,WESTERN CAPE,COLOURED,27,25-34,3
821354,Claud ,Mccown,Claud 343@mail.com,@Claud 34,MALE,KWAZULU NATAL,COLOURED,29,25-34,3
821362,Brendan ,Slane,Brendan 453@mail.com,@Brendan 45,MALE,EASTERN CAPE,WHITE,40,35-44,4
821371,Adela ,Vital,Adela 364@abcmail.com,@Adela 36,FEMALE,EASTERN CAPE,UNKNOWN,113,55+,6
821379,Tiffani ,Pilot,Tiffani 461@yahoo.com,@Tiffani 46,FEMALE,MPUMALANGA,BLACK,17,<18,1
821393,Brendan ,Singer,Brendan 454@abcmail.com,@Brendan 45,MALE,KWAZULU NATAL,BLACK,35,35-44,4
821402,Bret ,Bilyeu,Bret 313@mail.com,@Bret 31,MALE,GAUTENG,BLACK,24,18-24,2
821432,Jared ,Shkreli,Jared 504@abcmail.com,@Jared 50,MALE,LIMPOPO,INDIAN_ASIAN,29,25-34,3
821434,Bernardo ,Marek,Bernardo 323@mail.com,@Bernardo 32,MALE,GAUTENG,BLACK,26,25-34,3
821443,Eli ,Mina,Eli 293@mail.com,@Eli 29,MALE,WESTERN CAPE,COLOURED,34,25-34,3
821477,Eli ,Sieren,Eli 295@mailxyz.com,@Eli 29,MALE,GAUTENG,OTHER,35,35-44,4
821490,Wilburn ,Arrieta,Wilburn 302@gmail.com,@Wilburn 30,MALE,KWAZULU NATAL,INDIAN_ASIAN,36,35-44,4
821498,Loris ,Hier,Loris 91@yahoo.com,@Loris 9,FEMALE,WESTERN CAPE,BLACK,10,<18,1
821551,Len ,Roquemore,Len 445@mailxyz.com,@Len 44,MALE,KWAZULU NATAL,WHITE,36,35-44,4
821559,Hugh,Caves,Hugh15@mailxyz.com,@Hugh1,MALE,WESTERN CAPE,COLOURED,38,35-44,4
821560,Bret ,Zweifel,Bret 312@gmail.com,@Bret 31,MALE,KWAZULU NATAL,COLOURED,27,25-34,3
821569,Charlie ,Jacox,Charlie 363@mail.com,@Charlie 36,MALE,GAUTENG,WHITE,52,45-54,5
821584,Brendan ,Crotty,Brendan 451@yahoo.com,@Brendan 45,MALE,NORTHERN CAPE,BLACK,30,25-34,3
821631,Abel ,Mastrangelo,Abel 185@mailxyz.com,@Abel 18,MALE,GAUTENG,BLACK,31,25-34,3
821653,Eli ,Hier,Eli 295@mailxyz.com,@Eli 29,MALE,KWAZULU NATAL,BLACK,39,35-44,4
821657,Abel ,Mastrangelo,Abel 184@abcmail.com,@Abel 18,MALE,KWAZULU NATAL,UNKNOWN,21,18-24,2
821662,Yong ,Bilyeu,Yong 483@mail.com,@Yong 48,MALE,GAUTENG,BLACK,37,35-44,4
821676,Eula ,Mccown,Eula 375@mailxyz.com,@Eula 37,FEMALE,LIMPOPO,BLACK,40,35-44,4
821692,Bernardo ,Fudge,Bernardo 325@mailxyz.com,@Bernardo 32,MALE,EASTERN CAPE,COLOURED,28,25-34,3
821702,Michel ,Biggers,Michel 202@gmail.com,@Michel 20,MALE,WESTERN CAPE,BLACK,31,25-34,3
821709,Brendan ,Caves,Brendan 451@yahoo.com,@Brendan 45,MALE,KWAZULU NATAL,INDIAN_ASIAN,28,25-34,3
821710,Filiberto ,Gettys,Filiberto 44@abcmail.com,@Filiberto 4,MALE,GAUTENG,BLACK,30,25-34,3
821721,Meghann ,Curran,Meghann 191@yahoo.com,@Meghann 19,FEMALE,GAUTENG,WHITE,25,25-34,3
821730,Bernardo ,Styer,Bernardo 323@mail.com,@Bernardo 32,MALE,GAUTENG,BLACK,38,35-44,4
821734,Earl ,Luthy,Earl 423@mail.com,@Earl 42,MALE,GAUTENG,BLACK,27,25-34,3
821735,Efren ,Marek,Efren 131@yahoo.com,@Efren 13,MALE,GAUTENG,WHITE,36,35-44,4
821736,Garry ,Hier,Garry 284@abcmail.com,@Garry 28,MALE,LIMPOPO,INDIAN_ASIAN,25,25-34,3
821746,Lucas ,Curran,Lucas 233@mail.com,@Lucas 23,MALE,NORTH WEST,BLACK,30,25-34,3
821747,Kyle ,Deblois,Kyle 63@mail.com,@Kyle 6,MALE,WESTERN CAPE,COLOURED,30,25-34,3
821773,Valentine ,Vital,Valentine 474@abcmail.com,@Valentine 47,MALE,EASTERN CAPE,COLOURED,26,25-34,3
821788,Donald ,Mcculloch,Donald 222@gmail.com,@Donald 22,MALE,WESTERN CAPE,WHITE,45,45-54,5
821816,Randy ,Arrieta,Randy 395@mailxyz.com,@Randy 39,MALE,GAUTENG,BLACK,35,35-44,4
821820,Donald ,Nicholls,Donald 221@yahoo.com,@Donald 22,MALE,MPUMALANGA,BLACK,23,18-24,2
821843,Brendan ,Biggers,Brendan 451@yahoo.com,@Brendan 45,MALE,LIMPOPO,BLACK,30,25-34,3
821866,Earl ,Leicht,Earl 423@mail.com,@Earl 42,MALE,WESTERN CAPE,COLOURED,44,35-44,4
821877,Michel ,Pool,Michel 201@yahoo.com,@Michel 20,MALE,GAUTENG,BLACK,28,25-34,3
821878,Eli ,Mosser,Eli 293@mail.com,@Eli 29,MALE,GAUTENG,WHITE,27,25-34,3
821879,Efren ,Arrieta,Efren 132@gmail.com,@Efren 13,MALE,WESTERN CAPE,COLOURED,30,25-34,3
821893,Art ,Reisinger,Art 402@gmail.com,@Art 40,MALE,GAUTENG,WHITE,33,25-34,3
821908,Cody ,Slane,Cody 122@gmail.com,@Cody 12,MALE,NORTHERN CAPE,COLOURED,24,18-24,2
821926,Carter ,Vital,Carter 33@mail.com,@Carter 3,MALE,WESTERN CAPE,WHITE,28,25-34,3
821930,Wilburn ,Martello,Wilburn 302@gmail.com,@Wilburn 30,MALE,LIMPOPO,BLACK,25,25-34,3
821936,Earl ,Restivo,Earl 423@mail.com,@Earl 42,MALE,GAUTENG,BLACK,27,25-34,3
821939,Desirae ,Luthy,Desirae 202@gmail.com,@Desirae 20,FEMALE,GAUTENG,BLACK,36,35-44,4
821943,Kip ,Restivo,Kip 141@yahoo.com,@Kip 14,MALE,GAUTENG,WHITE,28,25-34,3
821952,Hollis ,Bilyeu,Hollis 385@mailxyz.com,@Hollis 38,MALE,EASTERN CAPE,COLOURED,33,25-34,3
821956,Valentine ,Paradis,Valentine 473@mail.com,@Valentine 47,MALE,GAUTENG,BLACK,22,18-24,2
821963,Shelley ,Reisinger,Shelley 472@gmail.com,@Shelley 47,FEMALE,KWAZULU NATAL,BLACK,32,25-34,3
821975,Charlie ,Leicht,Charlie 365@mailxyz.com,@Charlie 36,MALE,GAUTENG,BLACK,22,18-24,2
821993,Wilburn ,Condie,Wilburn 305@mailxyz.com,@Wilburn 30,MALE,MPUMALANGA,INDIAN_ASIAN,23,18-24,2
821994,Dion ,Martello,Dion 332@gmail.com,@Dion 33,MALE,FREE STATE,BLACK,23,18-24,2
821997,Hollis ,Wigfall,Hollis 383@mail.com,@Hollis 38,MALE,GAUTENG,BLACK,27,25-34,3
822008,Lloyd ,Roquemore,Lloyd 71@yahoo.com,@Lloyd 7,MALE,GAUTENG,COLOURED,14,<18,1
822018,Filiberto ,Bilyeu,Filiberto 42@gmail.com,@Filiberto 4,MALE,WESTERN CAPE,WHITE,35,35-44,4
822027,Yolonda ,Pascarella,Yolonda 294@abcmail.com,@Yolonda 29,FEMALE,GAUTENG,BLACK,24,18-24,2
822033,Hyman ,Beville,Hyman 85@mailxyz.com,@Hyman 8,MALE,KWAZULU NATAL,BLACK,40,35-44,4
822036,Kyle ,Singer,Kyle 61@yahoo.com,@Kyle 6,MALE,GAUTENG,BLACK,40,35-44,4
822040,Samuel ,Singer,Samuel 265@mailxyz.com,@Samuel 26,MALE,LIMPOPO,INDIAN_ASIAN,30,25-34,3
822062,Irving ,Caves,Irving 54@abcmail.com,@Irving 5,MALE,FREE STATE,COLOURED,27,25-34,3
822063,Randy ,Mccown,Randy 391@yahoo.com,@Randy 39,MALE,WESTERN CAPE,UNKNOWN,36,35-44,4
822066,Romeo ,Arrieta,Romeo 373@mail.com,@Romeo 37,MALE,LIMPOPO,INDIAN_ASIAN,38,35-44,4
822067,Charlie ,Condie,Charlie 365@mailxyz.com,@Charlie 36,MALE,GAUTENG,COLOURED,38,35-44,4
822070,Earline ,Zweifel,Earline 501@yahoo.com,@Earline 50,FEMALE,GAUTENG,BLACK,33,25-34,3
822075,Emerson ,Woolard,Emerson 241@yahoo.com,@Emerson 24,MALE,GAUTENG,BLACK,23,18-24,2
822076,Carter ,Jacox,Carter 34@abcmail.com,@Carter 3,MALE,FREE STATE,UNKNOWN,50,45-54,5
822089,Yong ,Mosser,Yong 481@yahoo.com,@Yong 48,MALE,KWAZULU NATAL,WHITE,31,25-34,3
822091,Royal ,Styer,Royal 171@yahoo.com,@Royal 17,MALE,GAUTENG,INDIAN_ASIAN,30,25-34,3
822111,Dee ,Biggers,Dee 214@abcmail.com,@Dee 21,MALE,WESTERN CAPE,WHITE,30,25-34,3
822116,Markus ,Roquemore,Markus 194@abcmail.com,@Markus 19,MALE,MPUMALANGA,WHITE,42,35-44,4
822136,Claud ,Borelli,Claud 344@abcmail.com,@Claud 34,MALE,NORTHERN CAPE,BLACK,36,35-44,4
822141,Kip ,Beville,Kip 144@abcmail.com,@Kip 14,MALE,GAUTENG,WHITE,41,35-44,4
822142,Shane ,Roquemore,Shane 23@mail.com,@Shane 2,MALE,GAUTENG,BLACK,33,25-34,3
822152,Lane ,Martello,Lane 111@yahoo.com,@Lane 11,MALE,GAUTENG,INDIAN_ASIAN,39,35-44,4
822163,Kyle ,Wigfall,Kyle 61@yahoo.com,@Kyle 6,MALE,GAUTENG,BLACK,37,35-44,4
822174,Kyle ,Styer,Kyle 64@abcmail.com,@Kyle 6,MALE,GAUTENG,BLACK,39,35-44,4
822182,Haywood ,Pool,Haywood 93@mail.com,@Haywood 9,MALE,KWAZULU NATAL,WHITE,56,55+,6
822187,Wilburn ,Mccown,Wilburn 302@gmail.com,@Wilburn 30,MALE,GAUTENG,WHITE,49,45-54,5
822190,Len ,Crotty,Len 442@gmail.com,@Len 44,MALE,WESTERN CAPE,COLOURED,39,35-44,4
822193,Charlie ,Singer,Charlie 361@yahoo.com,@Charlie 36,MALE,WESTERN CAPE,COLOURED,27,25-34,3
822205,Emerson ,Mastrangelo,Emerson 242@gmail.com,@Emerson 24,MALE,GAUTENG,WHITE,44,35-44,4
822211,Dion ,Singer,Dion 335@mailxyz.com,@Dion 33,MALE,EASTERN CAPE,BLACK,43,35-44,4
822212,Samuel ,Pascarella,Samuel 263@mail.com,@Samuel 26,MALE,GAUTENG,WHITE,47,45-54,5
822215,Shane ,Vital,Shane 24@abcmail.com,@Shane 2,MALE,GAUTENG,BLACK,31,25-34,3
822249,Stefan ,Fudge,Stefan 463@mail.com,@Stefan 46,MALE,WESTERN CAPE,COLOURED,29,25-34,3
822250,Efren ,Crotty,Efren 134@abcmail.com,@Efren 13,MALE,WESTERN CAPE,COLOURED,31,25-34,3
822256,Loyd ,Leicht,Loyd 491@yahoo.com,@Loyd 49,MALE,KWAZULU NATAL,BLACK,10,<18,1
822258,Shane ,Slane,Shane 25@mailxyz.com,@Shane 2,MALE,KWAZULU NATAL,COLOURED,35,35-44,4
822265,Hugh,Pilot,Hugh15@mailxyz.com,@Hugh1,MALE,GAUTENG,INDIAN_ASIAN,36,35-44,4
822267,Garry ,Luthy,Garry 284@abcmail.com,@Garry 28,MALE,GAUTENG,BLACK,42,35-44,4
822277,Stefan ,Deblois,Stefan 462@gmail.com,@Stefan 46,MALE,GAUTENG,BLACK,50,45-54,5
822289,Royal ,Zweifel,Royal 171@yahoo.com,@Royal 17,MALE,GAUTENG,BLACK,40,35-44,4
822319,Roxana ,Nicholls,Roxana 114@abcmail.com,@Roxana 11,FEMALE,GAUTENG,BLACK,64,55+,6
822328,Earl ,Gettys,Earl 425@mailxyz.com,@Earl 42,MALE,KWAZULU NATAL,BLACK,33,25-34,3
822334,Hugh,Lavoie,Hugh14@abcmail.com,@Hugh1,MALE,GAUTENG,INDIAN_ASIAN,22,18-24,2
822342,Donald ,Beville,Donald 224@abcmail.com,@Donald 22,MALE,WESTERN CAPE,INDIAN_ASIAN,22,18-24,2
822343,Jacinto ,Borelli,Jacinto 251@yahoo.com,@Jacinto 25,MALE,GAUTENG,UNKNOWN,41,35-44,4
822358,Loyd ,Tancredi,Loyd 494@abcmail.com,@Loyd 49,MALE,GAUTENG,INDIAN_ASIAN,29,25-34,3
822361,Romeo ,Beville,Romeo 373@mail.com,@Romeo 37,MALE,GAUTENG,BLACK,36,35-44,4
822366,Adela ,Vital,Adela 182@gmail.com,@Adela 18,FEMALE,MPUMALANGA,BLACK,40,35-44,4
822368,Lucas ,Borelli,Lucas 232@gmail.com,@Lucas 23,MALE,MPUMALANGA,WHITE,44,35-44,4
822372,Efren ,Deblois,Efren 132@gmail.com,@Efren 13,MALE,EASTERN CAPE,BLACK,36,35-44,4
822373,Dion ,Gettys,Dion 334@abcmail.com,@Dion 33,MALE,NORTH WEST,BLACK,27,25-34,3
822376,Chas ,Singer,Chas 352@gmail.com,@Chas 35,MALE,WESTERN CAPE,COLOURED,38,35-44,4
822377,Carter ,Biggers,Carter 32@gmail.com,@Carter 3,MALE,WESTERN CAPE,COLOURED,37,35-44,4
822382,Earl ,Deblois,Earl 422@gmail.com,@Earl 42,MALE,GAUTENG,BLACK,35,35-44,4
822395,Claud ,Gettys,Claud 344@abcmail.com,@Claud 34,MALE,GAUTENG,WHITE,28,25-34,3
822409,Stacy ,Paradis,Stacy 272@gmail.com,@Stacy 27,MALE,GAUTENG,WHITE,44,35-44,4
822416,Donald ,Curran,Donald 223@mail.com,@Donald 22,MALE,GAUTENG,INDIAN_ASIAN,51,45-54,5
822420,Markus ,Woolard,Markus 191@yahoo.com,@Markus 19,MALE,WESTERN CAPE,COLOURED,27,25-34,3
822429,Samuel ,Slane,Samuel 263@mail.com,@Samuel 26,MALE,GAUTENG,BLACK,9,<18,1
822432,Michel ,Arrieta,Michel 204@abcmail.com,@Michel 20,MALE,KWAZULU NATAL,UNKNOWN,20,18-24,2
822436,Haywood ,Hier,Haywood 95@mailxyz.com,@Haywood 9,MALE,GAUTENG,UNKNOWN,29,25-34,3
822441,Loris ,Hier,Loris 271@yahoo.com,@Loris 27,FEMALE,FREE STATE,BLACK,38,35-44,4
822450,Chas ,Borelli,Chas 351@yahoo.com,@Chas 35,MALE,GAUTENG,WHITE,32,25-34,3
822455,Emerson ,Sieren,Emerson 242@gmail.com,@Emerson 24,MALE,WESTERN CAPE,UNKNOWN,35,35-44,4
822457,Hugh,Luthy,Hugh15@mailxyz.com,@Hugh1,MALE,GAUTENG,UNKNOWN,30,25-34,3
822459,Lucas ,Reisinger,Lucas 235@mailxyz.com,@Lucas 23,MALE,GAUTENG,WHITE,21,18-24,2
822460,Samuel ,Marek,Samuel 263@mail.com,@Samuel 26,MALE,GAUTENG,WHITE,44,35-44,4
822466,Wilburn ,Caves,Wilburn 301@yahoo.com,@Wilburn 30,MALE,WESTERN CAPE,UNKNOWN,58,55+,6
822467,Wilton ,Jacox,Wilton 412@gmail.com,@Wilton 41,MALE,FREE STATE,INDIAN_ASIAN,46,45-54,5
822472,Efren ,Singer,Efren 132@gmail.com,@Efren 13,MALE,WESTERN CAPE,COLOURED,40,35-44,4
822477,Donald ,Mccollum,Donald 225@mailxyz.com,@Donald 22,MALE,GAUTENG,INDIAN_ASIAN,45,45-54,5
822497,Hyman ,Nicholls,Hyman 82@gmail.com,@Hyman 8,MALE,WESTERN CAPE,COLOURED,35,35-44,4
822502,Eli ,Mina,Eli 293@mail.com,@Eli 29,MALE,WESTERN CAPE,WHITE,32,25-34,3
822505,Abel ,Mosser,Abel 181@yahoo.com,@Abel 18,MALE,WESTERN CAPE,COLOURED,45,45-54,5
822511,Loyd ,Leicht,Loyd 495@mailxyz.com,@Loyd 49,MALE,WESTERN CAPE,BLACK,28,25-34,3
822513,Raymundo ,Biggers,Raymundo 434@abcmail.com,@Raymundo 43,MALE,GAUTENG,BLACK,45,45-54,5
822526,Cody ,Langenfeld,Cody 122@gmail.com,@Cody 12,MALE,EASTERN CAPE,COLOURED,37,35-44,4
822534,Lane ,Slane,Lane 113@mail.com,@Lane 11,MALE,WESTERN CAPE,UNKNOWN,38,35-44,4
822538,Romeo ,Pilot,Romeo 374@abcmail.com,@Romeo 37,MALE,WESTERN CAPE,INDIAN_ASIAN,37,35-44,4
822539,Bernardo ,Wigfall,Bernardo 322@gmail.com,@Bernardo 32,MALE,GAUTENG,BLACK,23,18-24,2
822542,Filiberto ,Reisinger,Filiberto 44@abcmail.com,@Filiberto 4,MALE,GAUTENG,BLACK,21,18-24,2
822555,Loyd ,Roquemore,Loyd 491@yahoo.com,@Loyd 49,MALE,NORTH WEST,WHITE,33,25-34,3
822557,Wilton ,Nicholls,Wilton 411@yahoo.com,@Wilton 41,MALE,LIMPOPO,BLACK,27,25-34,3
822560,Romeo ,Hier,Romeo 372@gmail.com,@Romeo 37,MALE,EASTERN CAPE,WHITE,23,18-24,2
830836,Yong ,Holt,Yong 485@mailxyz.com,@Yong 48,MALE,FREE STATE,UNKNOWN,21,18-24,2
830884,Carter ,Beville,Carter 31@yahoo.com,@Carter 3,MALE,GAUTENG,WHITE,50,45-54,5
830921,Shane ,Mcculloch,Shane 24@abcmail.com,@Shane 2,MALE,EASTERN CAPE,WHITE,22,18-24,2
830923,Lloyd ,Tancredi,Lloyd 74@abcmail.com,@Lloyd 7,MALE,WESTERN CAPE,COLOURED,31,25-34,3
830980,Jared ,Zweifel,Jared 502@gmail.com,@Jared 50,MALE,KWAZULU NATAL,INDIAN_ASIAN,42,35-44,4
831030,Wilton ,Tancredi,Wilton 414@abcmail.com,@Wilton 41,MALE,WESTERN CAPE,COLOURED,26,25-34,3
831111,Stacy ,Beville,Stacy 275@mailxyz.com,@Stacy 27,MALE,KWAZULU NATAL,INDIAN_ASIAN,35,35-44,4
831117,Stacy ,Woolard,Stacy 271@yahoo.com,@Stacy 27,MALE,MPUMALANGA,BLACK,20,18-24,2
831147,Michel ,Leicht,Michel 202@gmail.com,@Michel 20,MALE,GAUTENG,UNKNOWN,27,25-34,3
831150,Cody ,Sytsma,Cody 123@mail.com,@Cody 12,MALE,WESTERN CAPE,UNKNOWN,39,35-44,4
831231,Markus ,Nicholls,Markus 195@mailxyz.com,@Markus 19,MALE,MPUMALANGA,BLACK,33,25-34,3
831250,Dee ,Mcculloch,Dee 215@mailxyz.com,@Dee 21,MALE,LIMPOPO,INDIAN_ASIAN,33,25-34,3
831314,Chas ,Mastrangelo,Chas 351@yahoo.com,@Chas 35,MALE,NORTH WEST,BLACK,19,18-24,2
831349,Dee ,Mccollum,Dee 213@mail.com,@Dee 21,MALE,FREE STATE,BLACK,32,25-34,3
831413,Hyman ,Martello,Hyman 83@mail.com,@Hyman 8,MALE,NORTH WEST,BLACK,25,25-34,3
831446,Stefan ,Bilyeu,Stefan 462@gmail.com,@Stefan 46,MALE,GAUTENG,WHITE,22,18-24,2
831500,Eli ,Woolard,Eli 292@gmail.com,@Eli 29,MALE,KWAZULU NATAL,BLACK,40,35-44,4
831510,Stacy ,Tatham,Stacy 275@mailxyz.com,@Stacy 27,MALE,KWAZULU NATAL,INDIAN_ASIAN,40,35-44,4
831514,Emerson ,Langenfeld,Emerson 241@yahoo.com,@Emerson 24,MALE,GAUTENG,BLACK,29,25-34,3
831515,Shane ,Tatham,Shane 24@abcmail.com,@Shane 2,MALE,LIMPOPO,WHITE,37,35-44,4
831559,Dee ,Slane,Dee 214@abcmail.com,@Dee 21,MALE,GAUTENG,UNKNOWN,34,25-34,3
831563,Dia ,Arrieta,Dia 223@mail.com,@Dia 22,FEMALE,GAUTENG,INDIAN_ASIAN,23,18-24,2
831588,Valentine ,Pascarella,Valentine 472@gmail.com,@Valentine 47,MALE,GAUTENG,WHITE,18,18-24,2
831604,Samuel ,Wigfall,Samuel 264@abcmail.com,@Samuel 26,MALE,WESTERN CAPE,UNKNOWN,36,35-44,4
831650,Cory ,Langenfeld,Cory 104@abcmail.com,@Cory 10,MALE,WESTERN CAPE,COLOURED,51,45-54,5
831654,Lloyd ,Martello,Lloyd 75@mailxyz.com,@Lloyd 7,MALE,GAUTENG,UNKNOWN,47,45-54,5
831660,Chas ,Singer,Chas 353@mail.com,@Chas 35,MALE,GAUTENG,WHITE,39,35-44,4
831670,Lucas ,Tatham,Lucas 233@mail.com,@Lucas 23,MALE,GAUTENG,WHITE,39,35-44,4
831679,Hugh,Luthy,Hugh13@mail.com,@Hugh1,MALE,GAUTENG,COLOURED,27,25-34,3
831683,Len ,Paradis,Len 443@mail.com,@Len 44,MALE,KWAZULU NATAL,INDIAN_ASIAN,36,35-44,4
831694,Filiberto ,Tancredi,Filiberto 41@yahoo.com,@Filiberto 4,MALE,LIMPOPO,UNKNOWN,25,25-34,3
831713,Katharina ,Condie,Katharina 265@mailxyz.com,@Katharina 26,FEMALE,NORTH WEST,BLACK,26,25-34,3
831720,Donald ,Creager,Donald 221@yahoo.com,@Donald 22,MALE,WESTERN CAPE,COLOURED,29,25-34,3
831721,Lane ,Hier,Lane 111@yahoo.com,@Lane 11,MALE,LIMPOPO,BLACK,22,18-24,2
831728,Nakita ,Pool,Nakita 133@mail.com,@Nakita 13,FEMALE,EASTERN CAPE,BLACK,35,35-44,4
831732,Chas ,Vital,Chas 355@mailxyz.com,@Chas 35,MALE,GAUTENG,COLOURED,22,18-24,2
831755,Eli ,Tancredi,Eli 294@abcmail.com,@Eli 29,MALE,GAUTENG,BLACK,30,25-34,3
831766,Lane ,Leicht,Lane 113@mail.com,@Lane 11,MALE,GAUTENG,BLACK,29,25-34,3
831775,Hugh,Condie,Hugh15@mailxyz.com,@Hugh1,MALE,EASTERN CAPE,COLOURED,34,25-34,3
831788,Jacinto ,Mina,Jacinto 251@yahoo.com,@Jacinto 25,MALE,WESTERN CAPE,COLOURED,46,45-54,5
831789,Romeo ,Beville,Romeo 372@gmail.com,@Romeo 37,MALE,WESTERN CAPE,COLOURED,28,25-34,3
831810,Chas ,Luthy,Chas 355@mailxyz.com,@Chas 35,MALE,KWAZULU NATAL,INDIAN_ASIAN,24,18-24,2
831815,Yong ,Mccown,Yong 482@gmail.com,@Yong 48,MALE,KWAZULU NATAL,INDIAN_ASIAN,36,35-44,4
831820,Valentine ,Pool,Valentine 474@abcmail.com,@Valentine 47,MALE,KWAZULU NATAL,COLOURED,27,25-34,3
831826,Wilburn ,Hoadley,Wilburn 301@yahoo.com,@Wilburn 30,MALE,EASTERN CAPE,INDIAN_ASIAN,31,25-34,3
831878,Charlie ,Tatham,Charlie 362@gmail.com,@Charlie 36,MALE,MPUMALANGA,BLACK,24,18-24,2
831888,Jacinto ,Woolard,Jacinto 255@mailxyz.com,@Jacinto 25,MALE,WESTERN CAPE,COLOURED,26,25-34,3
831909,Wilburn ,Hoadley,Wilburn 304@abcmail.com,@Wilburn 30,MALE,GAUTENG,BLACK,24,18-24,2
831913,Reagan ,Biggers,Reagan 303@mail.com,@Reagan 30,FEMALE,KWAZULU NATAL,BLACK,30,25-34,3
831939,Randy ,Roquemore,Randy 393@mail.com,@Randy 39,MALE,LIMPOPO,INDIAN_ASIAN,24,18-24,2
831969,Teresia ,Beville,Teresia 145@mailxyz.com,@Teresia 14,FEMALE,WESTERN CAPE,COLOURED,33,25-34,3
832005,Irving ,Luthy,Irving 52@gmail.com,@Irving 5,MALE,MPUMALANGA,WHITE,43,35-44,4
832021,Katharina ,Condie,Katharina 12@gmail.com,@Katharina 1,FEMALE,GAUTENG,BLACK,32,25-34,3
832036,Robby ,Borelli,Robby 163@mail.com,@Robby 16,MALE,MPUMALANGA,BLACK,46,45-54,5
832040,Alecia ,Roquemore,Alecia 143@mail.com,@Alecia 14,FEMALE,EASTERN CAPE,UNKNOWN,41,35-44,4
832080,Brendan ,Reisinger,Brendan 453@mail.com,@Brendan 45,MALE,WESTERN CAPE,WHITE,40,35-44,4
832090,Earl ,Hoadley,Earl 424@abcmail.com,@Earl 42,MALE,KWAZULU NATAL,INDIAN_ASIAN,27,25-34,3
832127,Charlie ,Biggers,Charlie 363@mail.com,@Charlie 36,MALE,WESTERN CAPE,COLOURED,40,35-44,4
832147,Lane ,Crotty,Lane 111@yahoo.com,@Lane 11,MALE,MPUMALANGA,BLACK,40,35-44,4
832217,Donald ,Fudge,Donald 222@gmail.com,@Donald 22,MALE,LIMPOPO,BLACK,42,35-44,4
832218,Emerson ,Holt,Emerson 242@gmail.com,@Emerson 24,MALE,WESTERN CAPE,COLOURED,39,35-44,4
832225,Roxana ,Nicholls,Roxana 241@yahoo.com,@Roxana 24,FEMALE,MPUMALANGA,BLACK,28,25-34,3
832272,Michel ,Fudge,Michel 205@mailxyz.com,@Michel 20,MALE,GAUTENG,WHITE,41,35-44,4
832298,Hugh,Beville,Hugh14@abcmail.com,@Hugh1,MALE,GAUTENG,INDIAN_ASIAN,26,25-34,3
832310,Bret ,Singer,Bret 312@gmail.com,@Bret 31,MALE,KWAZULU NATAL,INDIAN_ASIAN,37,35-44,4
832320,Lesli ,Martello,Lesli 252@gmail.com,@Lesli 25,FEMALE,GAUTENG,BLACK,32,25-34,3
832337,Efren ,Langenfeld,Efren 135@mailxyz.com,@Efren 13,MALE,MPUMALANGA,BLACK,28,25-34,3
832400,Hollis ,Mosser,Hollis 382@gmail.com,@Hollis 38,MALE,MPUMALANGA,BLACK,30,25-34,3
832404,Earl ,Mcculloch,Earl 421@yahoo.com,@Earl 42,MALE,GAUTENG,BLACK,32,25-34,3
832405,Yolonda ,Pascarella,Yolonda 355@mailxyz.com,@Yolonda 35,FEMALE,GAUTENG,UNKNOWN,28,25-34,3
832412,Garry ,Holt,Garry 285@mailxyz.com,@Garry 28,MALE,EASTERN CAPE,BLACK,44,35-44,4
832433,Hollis ,Zweifel,Hollis 383@mail.com,@Hollis 38,MALE,MPUMALANGA,BLACK,29,25-34,3
832483,Emerson ,Deblois,Emerson 243@mail.com,@Emerson 24,MALE,EASTERN CAPE,WHITE,56,55+,6
832488,Kyle ,Mccollum,Kyle 65@mailxyz.com,@Kyle 6,MALE,GAUTENG,BLACK,36,35-44,4
832495,Samuel ,Hoadley,Samuel 265@mailxyz.com,@Samuel 26,MALE,LIMPOPO,INDIAN_ASIAN,27,25-34,3
832504,Michel ,Lavoie,Michel 205@mailxyz.com,@Michel 20,MALE,GAUTENG,WHITE,25,25-34,3
832509,Raymundo ,Leicht,Raymundo 431@yahoo.com,@Raymundo 43,MALE,NORTH WEST,BLACK,40,35-44,4
832512,Samuel ,Sieren,Samuel 263@mail.com,@Samuel 26,MALE,GAUTENG,BLACK,37,35-44,4
832520,Stacy ,Arrieta,Stacy 271@yahoo.com,@Stacy 27,MALE,WESTERN CAPE,COLOURED,28,25-34,3
832560,Charlie ,Biggers,Charlie 362@gmail.com,@Charlie 36,MALE,GAUTENG,BLACK,32,25-34,3
832573,Chas ,Deblois,Chas 352@gmail.com,@Chas 35,MALE,EASTERN CAPE,WHITE,20,18-24,2
832577,Stephen ,Biggers,Stephen 153@mail.com,@Stephen 15,MALE,MPUMALANGA,BLACK,27,25-34,3
832596,Kyle ,Pilot,Kyle 63@mail.com,@Kyle 6,MALE,EASTERN CAPE,COLOURED,25,25-34,3
832609,Samuel ,Holt,Samuel 261@yahoo.com,@Samuel 26,MALE,MPUMALANGA,BLACK,22,18-24,2
832622,Robby ,Marek,Robby 163@mail.com,@Robby 16,MALE,EASTERN CAPE,UNKNOWN,22,18-24,2
832627,Mellie ,Creager,Mellie 415@mailxyz.com,@Mellie 41,FEMALE,MPUMALANGA,BLACK,26,25-34,3
832641,Dion ,Curran,Dion 333@mail.com,@Dion 33,MALE,WESTERN CAPE,BLACK,30,25-34,3
832676,Jacinto ,Arrieta,Jacinto 254@abcmail.com,@Jacinto 25,MALE,GAUTENG,WHITE,26,25-34,3
832678,Hollis ,Tancredi,Hollis 384@abcmail.com,@Hollis 38,MALE,FREE STATE,BLACK,33,25-34,3
832685,Stacy ,Biggers,Stacy 274@abcmail.com,@Stacy 27,MALE,KWAZULU NATAL,BLACK,25,25-34,3
832719,Dion ,Roquemore,Dion 333@mail.com,@Dion 33,MALE,LIMPOPO,INDIAN_ASIAN,28,25-34,3
832727,Randy ,Curran,Randy 394@abcmail.com,@Randy 39,MALE,WESTERN CAPE,UNKNOWN,30,25-34,3
832729,Lloyd ,Marek,Lloyd 71@yahoo.com,@Lloyd 7,MALE,FREE STATE,BLACK,29,25-34,3
832745,Len ,Woolard,Len 445@mailxyz.com,@Len 44,MALE,GAUTENG,BLACK,37,35-44,4
832751,Lloyd ,Biggers,Lloyd 71@yahoo.com,@Lloyd 7,MALE,KWAZULU NATAL,INDIAN_ASIAN,22,18-24,2
832763,Chas ,Hier,Chas 352@gmail.com,@Chas 35,MALE,GAUTENG,WHITE,19,18-24,2
832831,Raymundo ,Restivo,Raymundo 431@yahoo.com,@Raymundo 43,MALE,LIMPOPO,BLACK,26,25-34,3
832832,Len ,Roquemore,Len 442@gmail.com,@Len 44,MALE,EASTERN CAPE,WHITE,45,45-54,5
832844,Epifania ,Crotty,Epifania 481@yahoo.com,@Epifania 48,FEMALE,GAUTENG,UNKNOWN,22,18-24,2
832862,Michel ,Woolard,Michel 202@gmail.com,@Michel 20,MALE,GAUTENG,BLACK,33,25-34,3
832876,Wilton ,Borelli,Wilton 413@mail.com,@Wilton 41,MALE,GAUTENG,INDIAN_ASIAN,38,35-44,4
832939,Shane ,Mcclaine,Shane 24@abcmail.com,@Shane 2,MALE,GAUTENG,INDIAN_ASIAN,49,45-54,5
832976,Donald ,Fudge,Donald 224@abcmail.com,@Donald 22,MALE,GAUTENG,INDIAN_ASIAN,50,45-54,5
833001,Samuel ,Langenfeld,Samuel 262@gmail.com,@Samuel 26,MALE,LIMPOPO,COLOURED,25,25-34,3
833014,Stefan ,Tancredi,Stefan 462@gmail.com,@Stefan 46,MALE,MPUMALANGA,UNKNOWN,33,25-34,3
833017,Brendan ,Roquemore,Brendan 454@abcmail.com,@Brendan 45,MALE,GAUTENG,WHITE,32,25-34,3
833022,Randy ,Lavoie,Randy 392@gmail.com,@Randy 39,MALE,WESTERN CAPE,COLOURED,23,18-24,2
833036,Kyle ,Roquemore,Kyle 61@yahoo.com,@Kyle 6,MALE,LIMPOPO,INDIAN_ASIAN,34,25-34,3
833059,Bret ,Tancredi,Bret 313@mail.com,@Bret 31,MALE,MPUMALANGA,UNKNOWN,33,25-34,3
833106,Lucas ,Hoadley,Lucas 235@mailxyz.com,@Lucas 23,MALE,FREE STATE,WHITE,24,18-24,2
833128,Charlie ,Leicht,Charlie 364@abcmail.com,@Charlie 36,MALE,GAUTENG,BLACK,30,25-34,3
833157,Brendan ,Mcculloch,Brendan 454@abcmail.com,@Brendan 45,MALE,GAUTENG,BLACK,30,25-34,3
833161,Abel ,Slane,Abel 182@gmail.com,@Abel 18,MALE,WESTERN CAPE,COLOURED,32,25-34,3
833185,Epifania ,Crotty,Epifania 422@gmail.com,@Epifania 42,FEMALE,FREE STATE,WHITE,31,25-34,3
833191,Michel ,Paradis,Michel 202@gmail.com,@Michel 20,MALE,GAUTENG,BLACK,33,25-34,3
833204,Bret ,Mcculloch,Bret 314@abcmail.com,@Bret 31,MALE,WESTERN CAPE,UNKNOWN,22,18-24,2
833215,Hyman ,Gettys,Hyman 83@mail.com,@Hyman 8,MALE,WESTERN CAPE,UNKNOWN,45,45-54,5
833221,Len ,Creager,Len 443@mail.com,@Len 44,MALE,NORTHERN CAPE,BLACK,33,25-34,3
833222,Donald ,Styer,Donald 225@mailxyz.com,@Donald 22,MALE,LIMPOPO,BLACK,25,25-34,3
833248,Abel ,Slane,Abel 185@mailxyz.com,@Abel 18,MALE,GAUTENG,COLOURED,22,18-24,2
833257,Robby ,Wigfall,Robby 162@gmail.com,@Robby 16,MALE,KWAZULU NATAL,INDIAN_ASIAN,30,25-34,3
833277,Lucas ,Sieren,Lucas 233@mail.com,@Lucas 23,MALE,GAUTENG,INDIAN_ASIAN,27,25-34,3
833279,Lloyd ,Arrieta,Lloyd 72@gmail.com,@Lloyd 7,MALE,KWAZULU NATAL,INDIAN_ASIAN,36,35-44,4
833280,Eli ,Reisinger,Eli 293@mail.com,@Eli 29,MALE,WESTERN CAPE,COLOURED,27,25-34,3
833313,Donald ,Pilot,Donald 221@yahoo.com,@Donald 22,MALE,GAUTENG,UNKNOWN,24,18-24,2
833324,Stephen ,Lavoie,Stephen 151@yahoo.com,@Stephen 15,MALE,GAUTENG,WHITE,28,25-34,3
833364,Dion ,Sieren,Dion 335@mailxyz.com,@Dion 33,MALE,KWAZULU NATAL,INDIAN_ASIAN,19,18-24,2
833399,Garry ,Beville,Garry 285@mailxyz.com,@Garry 28,MALE,GAUTENG,WHITE,32,25-34,3
833401,Jacinto ,Mccollum,Jacinto 254@abcmail.com,@Jacinto 25,MALE,WESTERN CAPE,WHITE,21,18-24,2
833412,Cory ,Reisinger,Cory 105@mailxyz.com,@Cory 10,MALE,KWAZULU NATAL,INDIAN_ASIAN,27,25-34,3
833436,Jacinto ,Mastrangelo,Jacinto 251@yahoo.com,@Jacinto 25,MALE,WESTERN CAPE,WHITE,29,25-34,3
833457,Dion ,Slane,Dion 333@mail.com,@Dion 33,MALE,WESTERN CAPE,UNKNOWN,37,35-44,4
833468,Hyman ,Restivo,Hyman 84@abcmail.com,@Hyman 8,MALE,GAUTENG,WHITE,28,25-34,3
833471,Mellie ,Creager,Mellie 125@mailxyz.com,@Mellie 12,FEMALE,GAUTENG,UNKNOWN,27,25-34,3
833479,Brendan ,Fudge,Brendan 451@yahoo.com,@Brendan 45,MALE,MPUMALANGA,WHITE,32,25-34,3
833489,Emerson ,Luthy,Emerson 244@abcmail.com,@Emerson 24,MALE,KWAZULU NATAL,BLACK,35,35-44,4
833493,Jacinto ,Sytsma,Jacinto 255@mailxyz.com,@Jacinto 25,MALE,LIMPOPO,BLACK,28,25-34,3
833495,Emerson ,Mccollum,Emerson 242@gmail.com,@Emerson 24,MALE,WESTERN CAPE,COLOURED,34,25-34,3
833513,Hyman ,Condie,Hyman 81@yahoo.com,@Hyman 8,MALE,KWAZULU NATAL,COLOURED,44,35-44,4
833519,Anette ,Leicht,Anette 34@abcmail.com,@Anette 3,FEMALE,GAUTENG,BLACK,26,25-34,3
833521,Hyman ,Jacox,Hyman 85@mailxyz.com,@Hyman 8,MALE,NORTH WEST,BLACK,33,25-34,3
833528,Earl ,Bilyeu,Earl 425@mailxyz.com,@Earl 42,MALE,GAUTENG,BLACK,42,35-44,4
833542,Hyman ,Hier,Hyman 83@mail.com,@Hyman 8,MALE,GAUTENG,INDIAN_ASIAN,49,45-54,5
833543,Efren ,Deblois,Efren 131@yahoo.com,@Efren 13,MALE,GAUTENG,INDIAN_ASIAN,24,18-24,2
833563,Valentine ,Hier,Valentine 475@mailxyz.com,@Valentine 47,MALE,GAUTENG,COLOURED,28,25-34,3
833571,Len ,Sieren,Len 445@mailxyz.com,@Len 44,MALE,EASTERN CAPE,WHITE,25,25-34,3
833575,Kip ,Pool,Kip 143@mail.com,@Kip 14,MALE,WESTERN CAPE,COLOURED,43,35-44,4
833576,Jared ,Gettys,Jared 504@abcmail.com,@Jared 50,MALE,KWAZULU NATAL,BLACK,37,35-44,4
833584,Samuel ,Leicht,Samuel 264@abcmail.com,@Samuel 26,MALE,GAUTENG,BLACK,28,25-34,3
833597,Art ,Hier,Art 402@gmail.com,@Art 40,MALE,GAUTENG,BLACK,40,35-44,4
833600,Romeo ,Mastrangelo,Romeo 374@abcmail.com,@Romeo 37,MALE,GAUTENG,BLACK,40,35-44,4
833663,Valentine ,Marek,Valentine 475@mailxyz.com,@Valentine 47,MALE,WESTERN CAPE,UNKNOWN,25,25-34,3
833668,Art ,Jacox,Art 404@abcmail.com,@Art 40,MALE,MPUMALANGA,WHITE,43,35-44,4
833673,Samuel ,Condie,Samuel 262@gmail.com,@Samuel 26,MALE,GAUTENG,WHITE,56,55+,6
833692,Hollis ,Slane,Hollis 385@mailxyz.com,@Hollis 38,MALE,GAUTENG,BLACK,39,35-44,4
833730,Eli ,Shkreli,Eli 294@abcmail.com,@Eli 29,MALE,FREE STATE,BLACK,40,35-44,4
833758,Randy ,Caves,Randy 392@gmail.com,@Randy 39,MALE,GAUTENG,WHITE,29,25-34,3
833760,Hollis ,Borelli,Hollis 381@yahoo.com,@Hollis 38,MALE,KWAZULU NATAL,BLACK,27,25-34,3
833766,Wilton ,Reisinger,Wilton 411@yahoo.com,@Wilton 41,MALE,GAUTENG,BLACK,44,35-44,4
834552,Kyle ,Mcclaine,Kyle 63@mail.com,@Kyle 6,MALE,GAUTENG,INDIAN_ASIAN,34,25-34,3
837551,Donald ,Deblois,Donald 223@mail.com,@Donald 22,MALE,NORTH WEST,WHITE,45,45-54,5
838032,Loyd ,Roquemore,Loyd 495@mailxyz.com,@Loyd 49,MALE,WESTERN CAPE,COLOURED,46,45-54,5
838042,Michel ,Lavoie,Michel 205@mailxyz.com,@Michel 20,MALE,GAUTENG,UNKNOWN,56,55+,6
838054,Royal ,Nicholls,Royal 172@gmail.com,@Royal 17,MALE,KWAZULU NATAL,BLACK,34,25-34,3
838697,Lloyd ,Arrieta,Lloyd 71@yahoo.com,@Lloyd 7,MALE,GAUTENG,BLACK,29,25-34,3
838932,Valentine ,Pascarella,Valentine 473@mail.com,@Valentine 47,MALE,GAUTENG,WHITE,37,35-44,4
839488,Carter ,Curran,Carter 31@yahoo.com,@Carter 3,MALE,NORTH WEST,UNKNOWN,37,35-44,4
839930,Samuel ,Sytsma,Samuel 265@mailxyz.com,@Samuel 26,MALE,KWAZULU NATAL,UNKNOWN,22,18-24,2
839938,Earline ,Zweifel,Earline 394@abcmail.com,@Earline 39,FEMALE,EASTERN CAPE,COLOURED,30,25-34,3
840081,Chas ,Sytsma,Chas 352@gmail.com,@Chas 35,MALE,GAUTENG,BLACK,26,25-34,3
840235,Art ,Tatham,Art 405@mailxyz.com,@Art 40,MALE,GAUTENG,BLACK,42,35-44,4
840343,Romeo ,Creager,Romeo 375@mailxyz.com,@Romeo 37,MALE,LIMPOPO,WHITE,36,35-44,4
840878,Jacinto ,Luthy,Jacinto 251@yahoo.com,@Jacinto 25,MALE,MPUMALANGA,BLACK,17,<18,1
841064,Stefan ,Curran,Stefan 462@gmail.com,@Stefan 46,MALE,LIMPOPO,INDIAN_ASIAN,30,25-34,3
841097,Claud ,Vital,Claud 345@mailxyz.com,@Claud 34,MALE,WESTERN CAPE,WHITE,30,25-34,3
841197,Chas ,Condie,Chas 354@abcmail.com,@Chas 35,MALE,MPUMALANGA,UNKNOWN,47,45-54,5
841890,Len ,Arrieta,Len 443@mail.com,@Len 44,MALE,GAUTENG,BLACK,30,25-34,3
841929,Jared ,Luthy,Jared 501@yahoo.com,@Jared 50,MALE,LIMPOPO,WHITE,48,45-54,5
844125,Alecia ,Roquemore,Alecia 425@mailxyz.com,@Alecia 42,FEMALE,GAUTENG,WHITE,27,25-34,3
845245,Filiberto ,Nicholls,Filiberto 44@abcmail.com,@Filiberto 4,MALE,GAUTENG,UNKNOWN,26,25-34,3
850538,Irving ,Sieren,Irving 55@mailxyz.com,@Irving 5,MALE,GAUTENG,BLACK,33,25-34,3
850656,Carter ,Hoadley,Carter 33@mail.com,@Carter 3,MALE,MPUMALANGA,BLACK,26,25-34,3
850779,Dion ,Arrieta,Dion 332@gmail.com,@Dion 33,MALE,GAUTENG,COLOURED,31,25-34,3
850897,Williemae ,Holt,Williemae 131@yahoo.com,@Williemae 13,FEMALE,WESTERN CAPE,BLACK,29,25-34,3
850900,Yolonda ,Pascarella,Yolonda 294@abcmail.com,@Yolonda 29,FEMALE,GAUTENG,BLACK,29,25-34,3
850903,Robby ,Hier,Robby 162@gmail.com,@Robby 16,MALE,GAUTENG,BLACK,35,35-44,4
851066,Eli ,Styer,Eli 292@gmail.com,@Eli 29,MALE,GAUTENG,WHITE,36,35-44,4
851227,Irving ,Mastrangelo,Irving 51@yahoo.com,@Irving 5,MALE,GAUTENG,BLACK,32,25-34,3
851273,Cory ,Shkreli,Cory 104@abcmail.com,@Cory 10,MALE,KWAZULU NATAL,BLACK,39,35-44,4
851334,Eli ,Sytsma,Eli 291@yahoo.com,@Eli 29,MALE,FREE STATE,WHITE,49,45-54,5
851376,Charlie ,Hier,Charlie 365@mailxyz.com,@Charlie 36,MALE,EASTERN CAPE,WHITE,19,18-24,2
851410,Malika ,Sieren,Malika 135@mailxyz.com,@Malika 13,FEMALE,KWAZULU NATAL,INDIAN_ASIAN,27,25-34,3
851478,Carter ,Mccollum,Carter 32@gmail.com,@Carter 3,MALE,LIMPOPO,INDIAN_ASIAN,39,35-44,4
851705,Valentine ,Paradis,Valentine 475@mailxyz.com,@Valentine 47,MALE,EASTERN CAPE,BLACK,40,35-44,4
851706,Wilton ,Sieren,Wilton 412@gmail.com,@Wilton 41,MALE,LIMPOPO,INDIAN_ASIAN,31,25-34,3
851871,Dion ,Crotty,Dion 333@mail.com,@Dion 33,MALE,FREE STATE,BLACK,25,25-34,3
851942,Royal ,Gettys,Royal 174@abcmail.com,@Royal 17,MALE,GAUTENG,BLACK,29,25-34,3
852000,Jacinto ,Wigfall,Jacinto 255@mailxyz.com,@Jacinto 25,MALE,GAUTENG,WHITE,25,25-34,3
852161,Yong ,Mina,Yong 483@mail.com,@Yong 48,MALE,GAUTENG,INDIAN_ASIAN,32,25-34,3
852179,Haywood ,Slane,Haywood 95@mailxyz.com,@Haywood 9,MALE,GAUTENG,BLACK,26,25-34,3
852384,Charlie ,Luthy,Charlie 361@yahoo.com,@Charlie 36,MALE,GAUTENG,WHITE,18,18-24,2
852419,Irmgard ,Bilyeu,Irmgard 15@mailxyz.com,@Irmgard 1,FEMALE,KWAZULU NATAL,UNKNOWN,28,25-34,3
852420,Cody ,Lavoie,Cody 122@gmail.com,@Cody 12,MALE,KWAZULU NATAL,BLACK,39,35-44,4
852495,Robby ,Paradis,Robby 163@mail.com,@Robby 16,MALE,WESTERN CAPE,COLOURED,27,25-34,3
852610,Loyd ,Paradis,Loyd 494@abcmail.com,@Loyd 49,MALE,KWAZULU NATAL,INDIAN_ASIAN,26,25-34,3
852611,Raymundo ,Crotty,Raymundo 433@mail.com,@Raymundo 43,MALE,GAUTENG,WHITE,20,18-24,2
852644,Art ,Hoadley,Art 403@mail.com,@Art 40,MALE,GAUTENG,WHITE,30,25-34,3
852672,Stephen ,Mcculloch,Stephen 153@mail.com,@Stephen 15,MALE,MPUMALANGA,BLACK,45,45-54,5
852681,Lane ,Tatham,Lane 114@abcmail.com,@Lane 11,MALE,FREE STATE,WHITE,29,25-34,3
852815,Brendan ,Wigfall,Brendan 454@abcmail.com,@Brendan 45,MALE,GAUTENG,INDIAN_ASIAN,38,35-44,4
853573,Stacy ,Marek,Stacy 275@mailxyz.com,@Stacy 27,MALE,GAUTENG,OTHER,40,35-44,4
855864,Krysta ,Mastrangelo,Krysta 415@mailxyz.com,@Krysta 41,FEMALE,KWAZULU NATAL,COLOURED,26,25-34,3
856641,Wilton ,Mina,Wilton 412@gmail.com,@Wilton 41,MALE,GAUTENG,COLOURED,43,35-44,4
858707,Jacinto ,Jacox,Jacinto 251@yahoo.com,@Jacinto 25,MALE,GAUTENG,WHITE,20,18-24,2
858881,Kyle ,Shkreli,Kyle 65@mailxyz.com,@Kyle 6,MALE,MPUMALANGA,BLACK,19,18-24,2
859157,Abel ,Tatham,Abel 184@abcmail.com,@Abel 18,MALE,MPUMALANGA,INDIAN_ASIAN,29,25-34,3
859174,Efren ,Crotty,Efren 132@gmail.com,@Efren 13,MALE,NORTHERN CAPE,WHITE,28,25-34,3
859212,Raymundo ,Bilyeu,Raymundo 431@yahoo.com,@Raymundo 43,MALE,EASTERN CAPE,WHITE,35,35-44,4
859311,Royal ,Restivo,Royal 175@mailxyz.com,@Royal 17,MALE,KWAZULU NATAL,INDIAN_ASIAN,21,18-24,2
859379,Chas ,Tancredi,Chas 351@yahoo.com,@Chas 35,MALE,GAUTENG,COLOURED,20,18-24,2
859389,Chas ,Pascarella,Chas 355@mailxyz.com,@Chas 35,MALE,MPUMALANGA,WHITE,42,35-44,4
859416,Brendan ,Mosser,Brendan 454@abcmail.com,@Brendan 45,MALE,WESTERN CAPE,COLOURED,25,25-34,3
859431,Hyman ,Langenfeld,Hyman 81@yahoo.com,@Hyman 8,MALE,WESTERN CAPE,BLACK,42,35-44,4
859438,Abel ,Caves,Abel 184@abcmail.com,@Abel 18,MALE,WESTERN CAPE,COLOURED,26,25-34,3
859460,Michel ,Mccown,Michel 201@yahoo.com,@Michel 20,MALE,WESTERN CAPE,WHITE,55,55+,6
859548,Zetta ,Gettys,Zetta 414@abcmail.com,@Zetta 41,FEMALE,WESTERN CAPE,UNKNOWN,32,25-34,3
859641,Randy ,Restivo,Randy 394@abcmail.com,@Randy 39,MALE,KWAZULU NATAL,INDIAN_ASIAN,37,35-44,4
859790,Hyman ,Gettys,Hyman 84@abcmail.com,@Hyman 8,MALE,WESTERN CAPE,WHITE,33,25-34,3
859872,Abel ,Mosser,Abel 182@gmail.com,@Abel 18,MALE,GAUTENG,INDIAN_ASIAN,39,35-44,4
859941,Cody ,Reisinger,Cody 124@abcmail.com,@Cody 12,MALE,GAUTENG,BLACK,52,45-54,5
859951,Carter ,Reisinger,Carter 35@mailxyz.com,@Carter 3,MALE,GAUTENG,BLACK,26,25-34,3
860018,Jared ,Deblois,Jared 504@abcmail.com,@Jared 50,MALE,EASTERN CAPE,INDIAN_ASIAN,43,35-44,4
860020,Emerson ,Holt,Emerson 241@yahoo.com,@Emerson 24,MALE,GAUTENG,BLACK,35,35-44,4
860028,Loyd ,Arrieta,Loyd 494@abcmail.com,@Loyd 49,MALE,EASTERN CAPE,WHITE,38,35-44,4
860029,Samuel ,Biggers,Samuel 261@yahoo.com,@Samuel 26,MALE,GAUTENG,INDIAN_ASIAN,36,35-44,4
860044,Art ,Martello,Art 402@gmail.com,@Art 40,MALE,LIMPOPO,INDIAN_ASIAN,37,35-44,4
860058,Charlie ,Vital,Charlie 364@abcmail.com,@Charlie 36,MALE,MPUMALANGA,INDIAN_ASIAN,30,25-34,3
860111,Jared ,Woolard,Jared 501@yahoo.com,@Jared 50,MALE,MPUMALANGA,INDIAN_ASIAN,29,25-34,3
860115,Chas ,Pilot,Chas 354@abcmail.com,@Chas 35,MALE,GAUTENG,BLACK,25,25-34,3
860128,Jacinto ,Tancredi,Jacinto 255@mailxyz.com,@Jacinto 25,MALE,NORTHERN CAPE,INDIAN_ASIAN,35,35-44,4
860147,Brendan ,Lavoie,Brendan 454@abcmail.com,@Brendan 45,MALE,WESTERN CAPE,COLOURED,37,35-44,4
860188,Hollis ,Leicht,Hollis 382@gmail.com,@Hollis 38,MALE,WESTERN CAPE,COLOURED,39,35-44,4
860206,Claud ,Mastrangelo,Claud 343@mail.com,@Claud 34,MALE,NORTHERN CAPE,COLOURED,26,25-34,3
860213,Eli ,Mccown,Eli 291@yahoo.com,@Eli 29,MALE,EASTERN CAPE,COLOURED,18,18-24,2
860230,Valentine ,Sieren,Valentine 475@mailxyz.com,@Valentine 47,MALE,EASTERN CAPE,WHITE,31,25-34,3
860451,Donald ,Beville,Donald 224@abcmail.com,@Donald 22,MALE,WESTERN CAPE,UNKNOWN,112,55+,6
860469,Haywood ,Reisinger,Haywood 94@abcmail.com,@Haywood 9,MALE,GAUTENG,BLACK,21,18-24,2
860506,Bernardo ,Slane,Bernardo 322@gmail.com,@Bernardo 32,MALE,EASTERN CAPE,COLOURED,30,25-34,3
860572,Art ,Gettys,Art 402@gmail.com,@Art 40,MALE,KWAZULU NATAL,WHITE,39,35-44,4
860648,Lane ,Langenfeld,Lane 115@mailxyz.com,@Lane 11,MALE,WESTERN CAPE,COLOURED,30,25-34,3
860670,Brendan ,Langenfeld,Brendan 452@gmail.com,@Brendan 45,MALE,FREE STATE,BLACK,19,18-24,2
860672,Michel ,Pool,Michel 201@yahoo.com,@Michel 20,MALE,NORTH WEST,WHITE,26,25-34,3
860784,Lane ,Marek,Lane 112@gmail.com,@Lane 11,MALE,EASTERN CAPE,WHITE,33,25-34,3
860786,Abel ,Curran,Abel 182@gmail.com,@Abel 18,MALE,EASTERN CAPE,BLACK,63,55+,6
860800,Markus ,Curran,Markus 195@mailxyz.com,@Markus 19,MALE,GAUTENG,WHITE,21,18-24,2
860858,Dee ,Holt,Dee 214@abcmail.com,@Dee 21,MALE,LIMPOPO,BLACK,34,25-34,3
861119,Teresia ,Beville,Teresia 471@yahoo.com,@Teresia 47,FEMALE,GAUTENG,WHITE,50,45-54,5
861202,Stefan ,Vital,Stefan 465@mailxyz.com,@Stefan 46,MALE,GAUTENG,WHITE,62,55+,6
861217,Bess ,Jacox,Bess 232@gmail.com,@Bess 23,FEMALE,KWAZULU NATAL,UNKNOWN,47,45-54,5
861227,Royal ,Martello,Royal 173@mail.com,@Royal 17,MALE,WESTERN CAPE,WHITE,31,25-34,3
861235,Stacy ,Deblois,Stacy 275@mailxyz.com,@Stacy 27,MALE,WESTERN CAPE,COLOURED,18,18-24,2
861249,Jared ,Bilyeu,Jared 503@mail.com,@Jared 50,MALE,WESTERN CAPE,UNKNOWN,34,25-34,3
861276,Carter ,Langenfeld,Carter 32@gmail.com,@Carter 3,MALE,EASTERN CAPE,BLACK,35,35-44,4
861287,Randy ,Biggers,Randy 395@mailxyz.com,@Randy 39,MALE,WESTERN CAPE,COLOURED,40,35-44,4
861336,Garry ,Marek,Garry 285@mailxyz.com,@Garry 28,MALE,MPUMALANGA,WHITE,31,25-34,3
861451,Hollis ,Vital,Hollis 383@mail.com,@Hollis 38,MALE,GAUTENG,UNKNOWN,55,55+,6
861539,Hyman ,Condie,Hyman 85@mailxyz.com,@Hyman 8,MALE,GAUTENG,INDIAN_ASIAN,58,55+,6
861568,Wilton ,Tancredi,Wilton 411@yahoo.com,@Wilton 41,MALE,GAUTENG,WHITE,30,25-34,3
861585,Eli ,Woolard,Eli 293@mail.com,@Eli 29,MALE,GAUTENG,BLACK,33,25-34,3
861590,Filiberto ,Singer,Filiberto 42@gmail.com,@Filiberto 4,MALE,GAUTENG,WHITE,45,45-54,5
861612,Stefan ,Mcclaine,Stefan 462@gmail.com,@Stefan 46,MALE,GAUTENG,OTHER,114,55+,6
861637,Bernardo ,Zweifel,Bernardo 321@yahoo.com,@Bernardo 32,MALE,WESTERN CAPE,BLACK,37,35-44,4
865372,Mellie ,Creager,Mellie 395@mailxyz.com,@Mellie 39,FEMALE,KWAZULU NATAL,COLOURED,29,25-34,3
865408,Cory ,Shkreli,Cory 101@yahoo.com,@Cory 10,MALE,NORTH WEST,BLACK,37,35-44,4
865413,Valentine ,Tancredi,Valentine 474@abcmail.com,@Valentine 47,MALE,MPUMALANGA,UNKNOWN,35,35-44,4
865440,Hollis ,Mcculloch,Hollis 384@abcmail.com,@Hollis 38,MALE,GAUTENG,INDIAN_ASIAN,31,25-34,3
865482,Raymundo ,Styer,Raymundo 434@abcmail.com,@Raymundo 43,MALE,GAUTENG,BLACK,22,18-24,2
865485,Bret ,Jacox,Bret 315@mailxyz.com,@Bret 31,MALE,GAUTENG,BLACK,29,25-34,3
865604,Eli ,Paradis,Eli 294@abcmail.com,@Eli 29,MALE,EASTERN CAPE,BLACK,41,35-44,4
865745,Stacy ,Gettys,Stacy 275@mailxyz.com,@Stacy 27,MALE,KWAZULU NATAL,INDIAN_ASIAN,35,35-44,4
865768,Bernardo ,Bilyeu,Bernardo 325@mailxyz.com,@Bernardo 32,MALE,GAUTENG,WHITE,49,45-54,5
865774,Abel ,Borelli,Abel 185@mailxyz.com,@Abel 18,MALE,GAUTENG,INDIAN_ASIAN,30,25-34,3
865955,Charlie ,Paradis,Charlie 363@mail.com,@Charlie 36,MALE,WESTERN CAPE,WHITE,26,25-34,3
865962,Cory ,Mccollum,Cory 102@gmail.com,@Cory 10,MALE,EASTERN CAPE,COLOURED,24,18-24,2
866122,Charlie ,Mccollum,Charlie 365@mailxyz.com,@Charlie 36,MALE,MPUMALANGA,BLACK,33,25-34,3
866125,Emerson ,Mccollum,Emerson 243@mail.com,@Emerson 24,MALE,GAUTENG,INDIAN_ASIAN,30,25-34,3
866131,Len ,Gettys,Len 445@mailxyz.com,@Len 44,MALE,WESTERN CAPE,BLACK,44,35-44,4
866195,Kyle ,Fudge,Kyle 64@abcmail.com,@Kyle 6,MALE,EASTERN CAPE,WHITE,32,25-34,3
866197,Epifania ,Crotty,Epifania 234@abcmail.com,@Epifania 23,FEMALE,KWAZULU NATAL,COLOURED,10,<18,1
866202,Carter ,Bilyeu,Carter 31@yahoo.com,@Carter 3,MALE,GAUTENG,INDIAN_ASIAN,24,18-24,2
866205,Charlie ,Mcclaine,Charlie 364@abcmail.com,@Charlie 36,MALE,GAUTENG,INDIAN_ASIAN,36,35-44,4
866215,Shane ,Mccown,Shane 24@abcmail.com,@Shane 2,MALE,KWAZULU NATAL,BLACK,22,18-24,2
866231,Markus ,Pascarella,Markus 195@mailxyz.com,@Markus 19,MALE,WESTERN CAPE,COLOURED,35,35-44,4
866244,Efren ,Sieren,Efren 135@mailxyz.com,@Efren 13,MALE,WESTERN CAPE,BLACK,26,25-34,3
866251,Filiberto ,Mina,Filiberto 41@yahoo.com,@Filiberto 4,MALE,GAUTENG,BLACK,30,25-34,3
866255,Cory ,Mccown,Cory 105@mailxyz.com,@Cory 10,MALE,NORTH WEST,WHITE,24,18-24,2
866270,Jared ,Caves,Jared 502@gmail.com,@Jared 50,MALE,GAUTENG,INDIAN_ASIAN,32,25-34,3
866295,Randy ,Hoadley,Randy 391@yahoo.com,@Randy 39,MALE,GAUTENG,UNKNOWN,43,35-44,4
866302,Charlie ,Sieren,Charlie 364@abcmail.com,@Charlie 36,MALE,WESTERN CAPE,COLOURED,45,45-54,5
866310,Cody ,Pascarella,Cody 121@yahoo.com,@Cody 12,MALE,GAUTENG,BLACK,35,35-44,4
866315,Loyd ,Vital,Loyd 495@mailxyz.com,@Loyd 49,MALE,GAUTENG,BLACK,35,35-44,4
866335,Art ,Styer,Art 402@gmail.com,@Art 40,MALE,GAUTENG,BLACK,32,25-34,3
866344,Carter ,Arrieta,Carter 33@mail.com,@Carter 3,MALE,WESTERN CAPE,INDIAN_ASIAN,42,35-44,4
866345,Romeo ,Beville,Romeo 373@mail.com,@Romeo 37,MALE,KWAZULU NATAL,BLACK,18,18-24,2
866372,Bernardo ,Restivo,Bernardo 323@mail.com,@Bernardo 32,MALE,WESTERN CAPE,UNKNOWN,22,18-24,2
866377,Valentine ,Arrieta,Valentine 474@abcmail.com,@Valentine 47,MALE,GAUTENG,BLACK,25,25-34,3
866380,Randy ,Beville,Randy 392@gmail.com,@Randy 39,MALE,MPUMALANGA,BLACK,38,35-44,4
866381,Sharri ,Tatham,Sharri 31@yahoo.com,@Sharri 3,FEMALE,MPUMALANGA,UNKNOWN,39,35-44,4
866389,Chas ,Luthy,Chas 352@gmail.com,@Chas 35,MALE,GAUTENG,BLACK,15,<18,1
866393,Charlie ,Woolard,Charlie 361@yahoo.com,@Charlie 36,MALE,GAUTENG,BLACK,19,18-24,2
866394,Donald ,Beville,Donald 222@gmail.com,@Donald 22,MALE,GAUTENG,BLACK,29,25-34,3
866405,Samuel ,Tatham,Samuel 263@mail.com,@Samuel 26,MALE,GAUTENG,WHITE,34,25-34,3
866417,Lesli ,Martello,Lesli 304@abcmail.com,@Lesli 30,FEMALE,NORTH WEST,BLACK,31,25-34,3
866427,Brendan ,Woolard,Brendan 454@abcmail.com,@Brendan 45,MALE,GAUTENG,BLACK,25,25-34,3
866478,Hyman ,Vital,Hyman 85@mailxyz.com,@Hyman 8,MALE,WESTERN CAPE,WHITE,31,25-34,3
866512,Shane ,Luthy,Shane 21@yahoo.com,@Shane 2,MALE,GAUTENG,WHITE,31,25-34,3
866524,Royal ,Condie,Royal 175@mailxyz.com,@Royal 17,MALE,GAUTENG,BLACK,45,45-54,5
866527,Desirae ,Luthy,Desirae 215@mailxyz.com,@Desirae 21,FEMALE,FREE STATE,UNKNOWN,26,25-34,3
866540,Lucas ,Beville,Lucas 234@abcmail.com,@Lucas 23,MALE,WESTERN CAPE,COLOURED,33,25-34,3
866564,Cody ,Styer,Cody 123@mail.com,@Cody 12,MALE,GAUTENG,INDIAN_ASIAN,30,25-34,3
866577,Raymundo ,Gettys,Raymundo 433@mail.com,@Raymundo 43,MALE,GAUTENG,WHITE,33,25-34,3
866582,Stefan ,Mcculloch,Stefan 461@yahoo.com,@Stefan 46,MALE,FREE STATE,BLACK,39,35-44,4
866592,Chas ,Sytsma,Chas 353@mail.com,@Chas 35,MALE,GAUTENG,INDIAN_ASIAN,28,25-34,3
866623,Markus ,Pilot,Markus 195@mailxyz.com,@Markus 19,MALE,WESTERN CAPE,OTHER,40,35-44,4
866624,Claud ,Mastrangelo,Claud 341@yahoo.com,@Claud 34,MALE,FREE STATE,WHITE,19,18-24,2
866626,Raymundo ,Luthy,Raymundo 434@abcmail.com,@Raymundo 43,MALE,FREE STATE,BLACK,26,25-34,3
866643,Irving ,Wigfall,Irving 52@gmail.com,@Irving 5,MALE,MPUMALANGA,BLACK,22,18-24,2
866660,Garry ,Pool,Garry 285@mailxyz.com,@Garry 28,MALE,NORTH WEST,BLACK,20,18-24,2
866691,Stacy ,Singer,Stacy 274@abcmail.com,@Stacy 27,MALE,GAUTENG,COLOURED,40,35-44,4
866711,Shane ,Caves,Shane 23@mail.com,@Shane 2,MALE,GAUTENG,INDIAN_ASIAN,24,18-24,2
866733,Len ,Caves,Len 444@abcmail.com,@Len 44,MALE,WESTERN CAPE,BLACK,38,35-44,4
866746,Efren ,Hoadley,Efren 131@yahoo.com,@Efren 13,MALE,MPUMALANGA,BLACK,27,25-34,3
866781,Robby ,Leicht,Robby 161@yahoo.com,@Robby 16,MALE,GAUTENG,WHITE,26,25-34,3
866785,Chas ,Shkreli,Chas 352@gmail.com,@Chas 35,MALE,LIMPOPO,INDIAN_ASIAN,35,35-44,4
866798,Samuel ,Hier,Samuel 264@abcmail.com,@Samuel 26,MALE,KWAZULU NATAL,COLOURED,31,25-34,3
866809,Chas ,Hier,Chas 354@abcmail.com,@Chas 35,MALE,GAUTENG,BLACK,29,25-34,3
866828,Garry ,Mccollum,Garry 282@gmail.com,@Garry 28,MALE,MPUMALANGA,COLOURED,43,35-44,4
866836,Lane ,Singer,Lane 111@yahoo.com,@Lane 11,MALE,GAUTENG,INDIAN_ASIAN,42,35-44,4
866847,Wilton ,Mccown,Wilton 412@gmail.com,@Wilton 41,MALE,GAUTENG,UNKNOWN,19,18-24,2
866862,Cody ,Gettys,Cody 124@abcmail.com,@Cody 12,MALE,NORTHERN CAPE,UNKNOWN,43,35-44,4
866864,Haywood ,Styer,Haywood 94@abcmail.com,@Haywood 9,MALE,GAUTENG,INDIAN_ASIAN,29,25-34,3
866878,Stacy ,Styer,Stacy 272@gmail.com,@Stacy 27,MALE,EASTERN CAPE,WHITE,36,35-44,4
866880,Cody ,Restivo,Cody 122@gmail.com,@Cody 12,MALE,GAUTENG,INDIAN_ASIAN,9,<18,1
866885,Romeo ,Lavoie,Romeo 373@mail.com,@Romeo 37,MALE,GAUTENG,BLACK,27,25-34,3
866891,Michel ,Mcculloch,Michel 205@mailxyz.com,@Michel 20,MALE,KWAZULU NATAL,INDIAN_ASIAN,37,35-44,4
866893,Robby ,Slane,Robby 163@mail.com,@Robby 16,MALE,GAUTENG,COLOURED,36,35-44,4
866901,Cory ,Jacox,Cory 103@mail.com,@Cory 10,MALE,GAUTENG,WHITE,39,35-44,4
866908,Wilton ,Hoadley,Wilton 411@yahoo.com,@Wilton 41,MALE,GAUTENG,COLOURED,27,25-34,3
866912,Carter ,Deblois,Carter 31@yahoo.com,@Carter 3,MALE,GAUTENG,COLOURED,28,25-34,3
866922,Lucas ,Bilyeu,Lucas 231@yahoo.com,@Lucas 23,MALE,WESTERN CAPE,COLOURED,22,18-24,2
866941,Royal ,Jacox,Royal 174@abcmail.com,@Royal 17,MALE,KWAZULU NATAL,BLACK,29,25-34,3
866949,Samuel ,Hoadley,Samuel 262@gmail.com,@Samuel 26,MALE,KWAZULU NATAL,UNKNOWN,36,35-44,4
866983,Chas ,Hoadley,Chas 353@mail.com,@Chas 35,MALE,FREE STATE,INDIAN_ASIAN,23,18-24,2
867016,Stefan ,Biggers,Stefan 465@mailxyz.com,@Stefan 46,MALE,KWAZULU NATAL,BLACK,30,25-34,3
867034,Haywood ,Slane,Haywood 94@abcmail.com,@Haywood 9,MALE,GAUTENG,UNKNOWN,26,25-34,3
867044,Haywood ,Pascarella,Haywood 93@mail.com,@Haywood 9,MALE,GAUTENG,WHITE,36,35-44,4
867055,Lloyd ,Restivo,Lloyd 75@mailxyz.com,@Lloyd 7,MALE,WESTERN CAPE,BLACK,37,35-44,4
867058,Randy ,Hoadley,Randy 394@abcmail.com,@Randy 39,MALE,LIMPOPO,BLACK,18,18-24,2
867080,Len ,Pilot,Len 442@gmail.com,@Len 44,MALE,GAUTENG,WHITE,18,18-24,2
867086,Alecia ,Roquemore,Alecia 333@mail.com,@Alecia 33,FEMALE,FREE STATE,BLACK,29,25-34,3
867091,Trudie ,Restivo,Trudie 64@abcmail.com,@Trudie 6,FEMALE,GAUTENG,BLACK,30,25-34,3
867105,Shane ,Fudge,Shane 22@gmail.com,@Shane 2,MALE,NORTH WEST,BLACK,34,25-34,3
867111,Art ,Tatham,Art 402@gmail.com,@Art 40,MALE,WESTERN CAPE,WHITE,47,45-54,5
867137,Jared ,Shkreli,Jared 501@yahoo.com,@Jared 50,MALE,GAUTENG,BLACK,29,25-34,3
867138,Filiberto ,Tancredi,Filiberto 45@mailxyz.com,@Filiberto 4,MALE,GAUTENG,BLACK,32,25-34,3
867193,Cory ,Mastrangelo,Cory 104@abcmail.com,@Cory 10,MALE,GAUTENG,BLACK,42,35-44,4
867197,Abel ,Tancredi,Abel 184@abcmail.com,@Abel 18,MALE,LIMPOPO,INDIAN_ASIAN,32,25-34,3
867210,Donald ,Mina,Donald 224@abcmail.com,@Donald 22,MALE,WESTERN CAPE,WHITE,44,35-44,4
867215,Brendan ,Pilot,Brendan 454@abcmail.com,@Brendan 45,MALE,LIMPOPO,INDIAN_ASIAN,38,35-44,4
867216,Dion ,Holt,Dion 332@gmail.com,@Dion 33,MALE,EASTERN CAPE,COLOURED,29,25-34,3
867230,Art ,Bilyeu,Art 403@mail.com,@Art 40,MALE,GAUTENG,BLACK,36,35-44,4
867234,Loyd ,Fudge,Loyd 493@mail.com,@Loyd 49,MALE,WESTERN CAPE,COLOURED,25,25-34,3
867238,Earl ,Langenfeld,Earl 424@abcmail.com,@Earl 42,MALE,GAUTENG,UNKNOWN,17,<18,1
867252,Earl ,Sytsma,Earl 421@yahoo.com,@Earl 42,MALE,GAUTENG,INDIAN_ASIAN,22,18-24,2
867257,Royal ,Shkreli,Royal 174@abcmail.com,@Royal 17,MALE,LIMPOPO,BLACK,34,25-34,3
867261,Carlota ,Tancredi,Carlota 63@mail.com,@Carlota 6,FEMALE,GAUTENG,BLACK,31,25-34,3
867283,Eli ,Restivo,Eli 292@gmail.com,@Eli 29,MALE,LIMPOPO,INDIAN_ASIAN,28,25-34,3
867310,Stephen ,Styer,Stephen 153@mail.com,@Stephen 15,MALE,NORTHERN CAPE,COLOURED,24,18-24,2
867333,Earl ,Zweifel,Earl 423@mail.com,@Earl 42,MALE,LIMPOPO,INDIAN_ASIAN,23,18-24,2
867338,Kip ,Creager,Kip 142@gmail.com,@Kip 14,MALE,GAUTENG,BLACK,23,18-24,2
867340,Kyle ,Gettys,Kyle 61@yahoo.com,@Kyle 6,MALE,GAUTENG,BLACK,27,25-34,3
867349,Wilburn ,Zweifel,Wilburn 301@yahoo.com,@Wilburn 30,MALE,KWAZULU NATAL,COLOURED,23,18-24,2
867351,Stephen ,Vital,Stephen 151@yahoo.com,@Stephen 15,MALE,LIMPOPO,BLACK,26,25-34,3
867373,Minerva ,Marek,Minerva 54@abcmail.com,@Minerva 5,FEMALE,WESTERN CAPE,COLOURED,24,18-24,2
867375,Shane ,Sytsma,Shane 21@yahoo.com,@Shane 2,MALE,NORTH WEST,BLACK,27,25-34,3
867378,Earl ,Deblois,Earl 424@abcmail.com,@Earl 42,MALE,MPUMALANGA,WHITE,41,35-44,4
867380,Chas ,Bilyeu,Chas 351@yahoo.com,@Chas 35,MALE,GAUTENG,INDIAN_ASIAN,26,25-34,3
867397,Hyman ,Marek,Hyman 84@abcmail.com,@Hyman 8,MALE,GAUTENG,INDIAN_ASIAN,25,25-34,3
867403,Jacinto ,Martello,Jacinto 253@mail.com,@Jacinto 25,MALE,WESTERN CAPE,WHITE,43,35-44,4
867404,Robby ,Beville,Robby 163@mail.com,@Robby 16,MALE,GAUTENG,INDIAN_ASIAN,37,35-44,4
867414,Cody ,Tatham,Cody 124@abcmail.com,@Cody 12,MALE,MPUMALANGA,WHITE,32,25-34,3
867419,Katharina ,Condie,Katharina 44@abcmail.com,@Katharina 4,FEMALE,FREE STATE,WHITE,34,25-34,3
867451,Emerson ,Roquemore,Emerson 244@abcmail.com,@Emerson 24,MALE,GAUTENG,UNKNOWN,36,35-44,4
867457,Haywood ,Zweifel,Haywood 91@yahoo.com,@Haywood 9,MALE,GAUTENG,INDIAN_ASIAN,28,25-34,3
867459,Hollis ,Mastrangelo,Hollis 384@abcmail.com,@Hollis 38,MALE,GAUTENG,WHITE,19,18-24,2
867486,Meghann ,Curran,Meghann 462@gmail.com,@Meghann 46,FEMALE,LIMPOPO,BLACK,39,35-44,4
867497,Shane ,Mcclaine,Shane 22@gmail.com,@Shane 2,MALE,NORTH WEST,WHITE,26,25-34,3
867498,Art ,Arrieta,Art 404@abcmail.com,@Art 40,MALE,GAUTENG,WHITE,26,25-34,3
867504,Lillian ,Borelli,Lillian 202@gmail.com,@Lillian 20,FEMALE,KWAZULU NATAL,INDIAN_ASIAN,48,45-54,5
867506,Bret ,Deblois,Bret 315@mailxyz.com,@Bret 31,MALE,GAUTENG,BLACK,35,35-44,4
867555,Hollis ,Deblois,Hollis 381@yahoo.com,@Hollis 38,MALE,WESTERN CAPE,UNKNOWN,38,35-44,4
867564,Markus ,Pascarella,Markus 194@abcmail.com,@Markus 19,MALE,KWAZULU NATAL,UNKNOWN,30,25-34,3
867572,Cody ,Fudge,Cody 124@abcmail.com,@Cody 12,MALE,LIMPOPO,BLACK,38,35-44,4
867604,Kyle ,Hoadley,Kyle 64@abcmail.com,@Kyle 6,MALE,LIMPOPO,INDIAN_ASIAN,32,25-34,3
867613,Stacy ,Mastrangelo,Stacy 275@mailxyz.com,@Stacy 27,MALE,KWAZULU NATAL,INDIAN_ASIAN,48,45-54,5
867616,Haywood ,Tatham,Haywood 95@mailxyz.com,@Haywood 9,MALE,GAUTENG,BLACK,31,25-34,3
867624,Randy ,Singer,Randy 393@mail.com,@Randy 39,MALE,GAUTENG,INDIAN_ASIAN,32,25-34,3
867642,Stephen ,Paradis,Stephen 155@mailxyz.com,@Stephen 15,MALE,GAUTENG,COLOURED,21,18-24,2
867658,Stacy ,Slane,Stacy 271@yahoo.com,@Stacy 27,MALE,GAUTENG,INDIAN_ASIAN,28,25-34,3
867703,Charlie ,Curran,Charlie 365@mailxyz.com,@Charlie 36,MALE,GAUTENG,COLOURED,21,18-24,2
867704,Donald ,Crotty,Donald 223@mail.com,@Donald 22,MALE,FREE STATE,BLACK,49,45-54,5
867718,Yong ,Deblois,Yong 484@abcmail.com,@Yong 48,MALE,GAUTENG,BLACK,38,35-44,4
867736,Robby ,Mccollum,Robby 165@mailxyz.com,@Robby 16,MALE,GAUTENG,COLOURED,15,<18,1
867784,Trudie ,Restivo,Trudie 304@abcmail.com,@Trudie 30,FEMALE,GAUTENG,UNKNOWN,36,35-44,4
867790,Hollis ,Borelli,Hollis 381@yahoo.com,@Hollis 38,MALE,WESTERN CAPE,WHITE,18,18-24,2
867791,Carter ,Vital,Carter 32@gmail.com,@Carter 3,MALE,GAUTENG,INDIAN_ASIAN,35,35-44,4
867809,Bret ,Mastrangelo,Bret 311@yahoo.com,@Bret 31,MALE,MPUMALANGA,WHITE,24,18-24,2
867856,Abel ,Arrieta,Abel 185@mailxyz.com,@Abel 18,MALE,LIMPOPO,BLACK,30,25-34,3
867870,Filiberto ,Marek,Filiberto 45@mailxyz.com,@Filiberto 4,MALE,GAUTENG,WHITE,48,45-54,5
867890,Samuel ,Creager,Samuel 265@mailxyz.com,@Samuel 26,MALE,MPUMALANGA,INDIAN_ASIAN,36,35-44,4
867895,Luanna ,Hoadley,Luanna 25@mailxyz.com,@Luanna 2,FEMALE,GAUTENG,BLACK,31,25-34,3
867915,Michel ,Tatham,Michel 202@gmail.com,@Michel 20,MALE,GAUTENG,BLACK,46,45-54,5
867952,Romeo ,Hier,Romeo 375@mailxyz.com,@Romeo 37,MALE,FREE STATE,WHITE,48,45-54,5
867955,Samuel ,Borelli,Samuel 261@yahoo.com,@Samuel 26,MALE,NORTHERN CAPE,COLOURED,44,35-44,4
867958,Valentine ,Styer,Valentine 472@gmail.com,@Valentine 47,MALE,NORTHERN CAPE,WHITE,22,18-24,2
867973,Dion ,Wigfall,Dion 334@abcmail.com,@Dion 33,MALE,WESTERN CAPE,BLACK,39,35-44,4
867981,Hugh,Borelli,Hugh15@mailxyz.com,@Hugh1,MALE,WESTERN CAPE,COLOURED,36,35-44,4
867990,Wilton ,Zweifel,Wilton 412@gmail.com,@Wilton 41,MALE,MPUMALANGA,BLACK,22,18-24,2
867994,Claud ,Mcclaine,Claud 342@gmail.com,@Claud 34,MALE,WESTERN CAPE,COLOURED,26,25-34,3
867998,Romeo ,Nicholls,Romeo 374@abcmail.com,@Romeo 37,MALE,LIMPOPO,UNKNOWN,42,35-44,4
868007,Lane ,Caves,Lane 111@yahoo.com,@Lane 11,MALE,GAUTENG,UNKNOWN,38,35-44,4
868024,Emerson ,Zweifel,Emerson 242@gmail.com,@Emerson 24,MALE,GAUTENG,BLACK,27,25-34,3
868038,Robby ,Sytsma,Robby 165@mailxyz.com,@Robby 16,MALE,GAUTENG,WHITE,40,35-44,4
868043,Loyd ,Mina,Loyd 495@mailxyz.com,@Loyd 49,MALE,GAUTENG,WHITE,19,18-24,2
868055,Romeo ,Mosser,Romeo 374@abcmail.com,@Romeo 37,MALE,GAUTENG,WHITE,39,35-44,4
868056,Cody ,Sieren,Cody 123@mail.com,@Cody 12,MALE,GAUTENG,INDIAN_ASIAN,39,35-44,4
868069,Brendan ,Holt,Brendan 455@mailxyz.com,@Brendan 45,MALE,EASTERN CAPE,UNKNOWN,33,25-34,3
868093,Art ,Arrieta,Art 401@yahoo.com,@Art 40,MALE,WESTERN CAPE,UNKNOWN,34,25-34,3
868096,Romeo ,Pool,Romeo 374@abcmail.com,@Romeo 37,MALE,GAUTENG,UNKNOWN,27,25-34,3
868097,Kyle ,Mina,Kyle 63@mail.com,@Kyle 6,MALE,GAUTENG,WHITE,36,35-44,4
868113,Donald ,Mastrangelo,Donald 222@gmail.com,@Donald 22,MALE,WESTERN CAPE,COLOURED,35,35-44,4
868136,Emerson ,Zweifel,Emerson 243@mail.com,@Emerson 24,MALE,WESTERN CAPE,UNKNOWN,35,35-44,4
868137,Kyle ,Sieren,Kyle 63@mail.com,@Kyle 6,MALE,GAUTENG,BLACK,23,18-24,2
868144,Len ,Leicht,Len 445@mailxyz.com,@Len 44,MALE,GAUTENG,BLACK,40,35-44,4
868484,Blanca ,Slane,Blanca 14@abcmail.com,@Blanca 1,FEMALE,FREE STATE,WHITE,19,18-24,2
868572,Chas ,Lavoie,Chas 354@abcmail.com,@Chas 35,MALE,GAUTENG,BLACK,28,25-34,3
868613,Hugh,Mcculloch,Hugh14@abcmail.com,@Hugh1,MALE,GAUTENG,BLACK,21,18-24,2
868844,Royal ,Caves,Royal 173@mail.com,@Royal 17,MALE,NORTH WEST,BLACK,35,35-44,4
868888,Donald ,Mccown,Donald 223@mail.com,@Donald 22,MALE,GAUTENG,INDIAN_ASIAN,21,18-24,2
868892,Raymundo ,Creager,Raymundo 432@gmail.com,@Raymundo 43,MALE,GAUTENG,BLACK,20,18-24,2
868895,Kip ,Paradis,Kip 144@abcmail.com,@Kip 14,MALE,WESTERN CAPE,COLOURED,23,18-24,2
868925,Markus ,Pilot,Markus 194@abcmail.com,@Markus 19,MALE,GAUTENG,INDIAN_ASIAN,28,25-34,3
868961,Loyd ,Fudge,Loyd 492@gmail.com,@Loyd 49,MALE,GAUTENG,BLACK,35,35-44,4
868982,Lloyd ,Singer,Lloyd 71@yahoo.com,@Lloyd 7,MALE,GAUTENG,BLACK,23,18-24,2
868986,Kyle ,Sytsma,Kyle 63@mail.com,@Kyle 6,MALE,LIMPOPO,WHITE,38,35-44,4
869019,Raymundo ,Reisinger,Raymundo 433@mail.com,@Raymundo 43,MALE,GAUTENG,WHITE,42,35-44,4
869060,Reagan ,Biggers,Reagan 42@gmail.com,@Reagan 4,FEMALE,MPUMALANGA,BLACK,33,25-34,3
869062,Brendan ,Paradis,Brendan 453@mail.com,@Brendan 45,MALE,EASTERN CAPE,WHITE,32,25-34,3
869239,Krysta ,Mastrangelo,Krysta 171@yahoo.com,@Krysta 17,FEMALE,GAUTENG,UNKNOWN,34,25-34,3
869282,Jacinto ,Nicholls,Jacinto 254@abcmail.com,@Jacinto 25,MALE,GAUTENG,BLACK,25,25-34,3
869301,Meghann ,Curran,Meghann 52@gmail.com,@Meghann 5,FEMALE,EASTERN CAPE,COLOURED,40,35-44,4
869328,Irmgard ,Bilyeu,Irmgard 304@abcmail.com,@Irmgard 30,FEMALE,GAUTENG,INDIAN_ASIAN,42,35-44,4
869372,Eli ,Gettys,Eli 291@yahoo.com,@Eli 29,MALE,GAUTENG,BLACK,25,25-34,3
869391,Felipa ,Mcculloch,Felipa 244@abcmail.com,@Felipa 24,FEMALE,GAUTENG,INDIAN_ASIAN,30,25-34,3
869425,Dion ,Martello,Dion 335@mailxyz.com,@Dion 33,MALE,GAUTENG,INDIAN_ASIAN,32,25-34,3
869588,Shandra ,Mccollum,Shandra 191@yahoo.com,@Shandra 19,FEMALE,WESTERN CAPE,COLOURED,27,25-34,3
869632,Wilton ,Lavoie,Wilton 412@gmail.com,@Wilton 41,MALE,GAUTENG,BLACK,28,25-34,3
869662,Eli ,Roquemore,Eli 295@mailxyz.com,@Eli 29,MALE,GAUTENG,WHITE,21,18-24,2
869798,Robby ,Singer,Robby 164@abcmail.com,@Robby 16,MALE,GAUTENG,UNKNOWN,36,35-44,4
869812,Eli ,Holt,Eli 291@yahoo.com,@Eli 29,MALE,GAUTENG,BLACK,26,25-34,3
869867,Earl ,Tancredi,Earl 421@yahoo.com,@Earl 42,MALE,GAUTENG,WHITE,19,18-24,2
869889,Raymundo ,Bilyeu,Raymundo 433@mail.com,@Raymundo 43,MALE,LIMPOPO,BLACK,35,35-44,4
869901,Hugh,Crotty,Hugh13@mail.com,@Hugh1,MALE,LIMPOPO,INDIAN_ASIAN,29,25-34,3
869936,Bret ,Caves,Bret 314@abcmail.com,@Bret 31,MALE,EASTERN CAPE,BLACK,23,18-24,2
869944,Dee ,Hier,Dee 211@yahoo.com,@Dee 21,MALE,WESTERN CAPE,COLOURED,43,35-44,4
870004,Filiberto ,Reisinger,Filiberto 41@yahoo.com,@Filiberto 4,MALE,GAUTENG,BLACK,38,35-44,4
870025,Chas ,Borelli,Chas 351@yahoo.com,@Chas 35,MALE,GAUTENG,INDIAN_ASIAN,25,25-34,3
870098,Claud ,Bilyeu,Claud 344@abcmail.com,@Claud 34,MALE,KWAZULU NATAL,WHITE,31,25-34,3
870104,Filiberto ,Paradis,Filiberto 41@yahoo.com,@Filiberto 4,MALE,GAUTENG,INDIAN_ASIAN,26,25-34,3
870157,Valentine ,Lavoie,Valentine 475@mailxyz.com,@Valentine 47,MALE,GAUTENG,INDIAN_ASIAN,30,25-34,3
870195,Garry ,Reisinger,Garry 282@gmail.com,@Garry 28,MALE,GAUTENG,WHITE,37,35-44,4
870217,Dion ,Martello,Dion 335@mailxyz.com,@Dion 33,MALE,WESTERN CAPE,COLOURED,16,<18,1
870287,Chas ,Mina,Chas 353@mail.com,@Chas 35,MALE,GAUTENG,BLACK,22,18-24,2
870332,Hollis ,Sieren,Hollis 383@mail.com,@Hollis 38,MALE,LIMPOPO,UNKNOWN,24,18-24,2
870480,Lane ,Crotty,Lane 113@mail.com,@Lane 11,MALE,NORTH WEST,UNKNOWN,38,35-44,4
870488,Robby ,Slane,Robby 161@yahoo.com,@Robby 16,MALE,WESTERN CAPE,COLOURED,18,18-24,2
870626,Cory ,Borelli,Cory 101@yahoo.com,@Cory 10,MALE,MPUMALANGA,WHITE,27,25-34,3
870631,Hollis ,Wigfall,Hollis 385@mailxyz.com,@Hollis 38,MALE,GAUTENG,BLACK,36,35-44,4
870677,Jacinto ,Lavoie,Jacinto 253@mail.com,@Jacinto 25,MALE,GAUTENG,WHITE,27,25-34,3
870696,Brendan ,Paradis,Brendan 451@yahoo.com,@Brendan 45,MALE,EASTERN CAPE,UNKNOWN,33,25-34,3
870699,Wilburn ,Hoadley,Wilburn 302@gmail.com,@Wilburn 30,MALE,KWAZULU NATAL,BLACK,31,25-34,3
870709,Lloyd ,Shkreli,Lloyd 75@mailxyz.com,@Lloyd 7,MALE,EASTERN CAPE,UNKNOWN,36,35-44,4
870746,Jacinto ,Condie,Jacinto 252@gmail.com,@Jacinto 25,MALE,GAUTENG,WHITE,45,45-54,5
871615,Samuel ,Pilot,Samuel 263@mail.com,@Samuel 26,MALE,GAUTENG,WHITE,51,45-54,5
873445,Kyle ,Sytsma,Kyle 64@abcmail.com,@Kyle 6,MALE,GAUTENG,WHITE,24,18-24,2
874437,Cory ,Lavoie,Cory 103@mail.com,@Cory 10,MALE,GAUTENG,BLACK,32,25-34,3
877249,Claud ,Mastrangelo,Claud 343@mail.com,@Claud 34,MALE,GAUTENG,WHITE,20,18-24,2
879414,Loyd ,Caves,Loyd 495@mailxyz.com,@Loyd 49,MALE,WESTERN CAPE,COLOURED,30,25-34,3
879801,Lloyd ,Paradis,Lloyd 74@abcmail.com,@Lloyd 7,MALE,LIMPOPO,OTHER,22,18-24,2
879990,Haywood ,Borelli,Haywood 95@mailxyz.com,@Haywood 9,MALE,LIMPOPO,INDIAN_ASIAN,35,35-44,4
880213,Samuel ,Wigfall,Samuel 265@mailxyz.com,@Samuel 26,MALE,GAUTENG,INDIAN_ASIAN,33,25-34,3
880234,Art ,Condie,Art 401@yahoo.com,@Art 40,MALE,WESTERN CAPE,COLOURED,31,25-34,3
880514,Dee ,Hier,Dee 214@abcmail.com,@Dee 21,MALE,GAUTENG,INDIAN_ASIAN,26,25-34,3
880855,Dion ,Luthy,Dion 334@abcmail.com,@Dion 33,MALE,WESTERN CAPE,COLOURED,35,35-44,4
880898,Robby ,Langenfeld,Robby 163@mail.com,@Robby 16,MALE,LIMPOPO,INDIAN_ASIAN,59,55+,6
880965,Kyle ,Sytsma,Kyle 64@abcmail.com,@Kyle 6,MALE,EASTERN CAPE,BLACK,32,25-34,3
881027,Michel ,Mccown,Michel 203@mail.com,@Michel 20,MALE,MPUMALANGA,WHITE,25,25-34,3
881041,Len ,Jacox,Len 442@gmail.com,@Len 44,MALE,GAUTENG,WHITE,30,25-34,3
881496,Stacy ,Curran,Stacy 272@gmail.com,@Stacy 27,MALE,KWAZULU NATAL,INDIAN_ASIAN,42,35-44,4
881538,Stephen ,Hoadley,Stephen 155@mailxyz.com,@Stephen 15,MALE,KWAZULU NATAL,INDIAN_ASIAN,20,18-24,2
881565,Cory ,Paradis,Cory 102@gmail.com,@Cory 10,MALE,KWAZULU NATAL,BLACK,41,35-44,4
881861,Donald ,Shkreli,Donald 225@mailxyz.com,@Donald 22,MALE,GAUTENG,WHITE,44,35-44,4
882068,Loyd ,Tancredi,Loyd 493@mail.com,@Loyd 49,MALE,WESTERN CAPE,COLOURED,33,25-34,3
882169,Randy ,Leicht,Randy 394@abcmail.com,@Randy 39,MALE,WESTERN CAPE,COLOURED,22,18-24,2
882188,Yolonda ,Pascarella,Yolonda 62@gmail.com,@Yolonda 6,FEMALE,GAUTENG,WHITE,37,35-44,4
882193,Luanna ,Hoadley,Luanna 334@abcmail.com,@Luanna 33,FEMALE,GAUTENG,INDIAN_ASIAN,33,25-34,3
882376,Len ,Sieren,Len 442@gmail.com,@Len 44,MALE,GAUTENG,WHITE,54,45-54,5
882400,Stacy ,Luthy,Stacy 273@mail.com,@Stacy 27,MALE,GAUTENG,WHITE,24,18-24,2
882520,Bernardo ,Mccown,Bernardo 324@abcmail.com,@Bernardo 32,MALE,MPUMALANGA,BLACK,40,35-44,4
882584,Len ,Langenfeld,Len 441@yahoo.com,@Len 44,MALE,GAUTENG,INDIAN_ASIAN,30,25-34,3
882688,Filiberto ,Condie,Filiberto 45@mailxyz.com,@Filiberto 4,MALE,LIMPOPO,INDIAN_ASIAN,36,35-44,4
882721,Jacinto ,Hier,Jacinto 251@yahoo.com,@Jacinto 25,MALE,EASTERN CAPE,COLOURED,26,25-34,3
882998,Hugh,Mcclaine,Hugh15@mailxyz.com,@Hugh1,MALE,KWAZULU NATAL,WHITE,17,<18,1
883021,Jared ,Biggers,Jared 503@mail.com,@Jared 50,MALE,GAUTENG,INDIAN_ASIAN,33,25-34,3
883186,Cody ,Slane,Cody 125@mailxyz.com,@Cody 12,MALE,WESTERN CAPE,BLACK,45,45-54,5
883295,Emilie ,Deblois,Emilie 325@mailxyz.com,@Emilie 32,FEMALE,GAUTENG,BLACK,43,35-44,4
884342,Tiffani ,Pilot,Tiffani 415@mailxyz.com,@Tiffani 41,FEMALE,WESTERN CAPE,WHITE,38,35-44,4
884879,Wilburn ,Styer,Wilburn 304@abcmail.com,@Wilburn 30,MALE,KWAZULU NATAL,INDIAN_ASIAN,25,25-34,3
885392,Alissa ,Woolard,Alissa 211@yahoo.com,@Alissa 21,FEMALE,GAUTENG,UNKNOWN,35,35-44,4
885837,Wilburn ,Crotty,Wilburn 303@mail.com,@Wilburn 30,MALE,KWAZULU NATAL,INDIAN_ASIAN,30,25-34,3
886109,Bret ,Arrieta,Bret 311@yahoo.com,@Bret 31,MALE,EASTERN CAPE,INDIAN_ASIAN,31,25-34,3
886671,Bret ,Restivo,Bret 313@mail.com,@Bret 31,MALE,GAUTENG,INDIAN_ASIAN,37,35-44,4
886685,Cory ,Borelli,Cory 102@gmail.com,@Cory 10,MALE,GAUTENG,INDIAN_ASIAN,34,25-34,3
886721,Robby ,Langenfeld,Robby 163@mail.com,@Robby 16,MALE,GAUTENG,INDIAN_ASIAN,30,25-34,3
886722,Randy ,Zweifel,Randy 394@abcmail.com,@Randy 39,MALE,GAUTENG,INDIAN_ASIAN,38,35-44,4
891747,Efren ,Sytsma,Efren 133@mail.com,@Efren 13,MALE,GAUTENG,COLOURED,46,45-54,5
891865,Markus ,Mcculloch,Markus 192@gmail.com,@Markus 19,MALE,NORTH WEST,INDIAN_ASIAN,36,35-44,4
891877,Chas ,Singer,Chas 355@mailxyz.com,@Chas 35,MALE,GAUTENG,INDIAN_ASIAN,30,25-34,3
891969,Abel ,Bilyeu,Abel 184@abcmail.com,@Abel 18,MALE,GAUTENG,INDIAN_ASIAN,33,25-34,3
892055,Len ,Pilot,Len 441@yahoo.com,@Len 44,MALE,GAUTENG,INDIAN_ASIAN,31,25-34,3
892112,Samuel ,Mastrangelo,Samuel 263@mail.com,@Samuel 26,MALE,WESTERN CAPE,INDIAN_ASIAN,35,35-44,4
892133,Valentine ,Tancredi,Valentine 474@abcmail.com,@Valentine 47,MALE,WESTERN CAPE,BLACK,31,25-34,3
892138,Len ,Nicholls,Len 445@mailxyz.com,@Len 44,MALE,MPUMALANGA,BLACK,35,35-44,4
892168,Jacinto ,Mastrangelo,Jacinto 255@mailxyz.com,@Jacinto 25,MALE,WESTERN CAPE,COLOURED,29,25-34,3
892173,Kyle ,Biggers,Kyle 62@gmail.com,@Kyle 6,MALE,GAUTENG,INDIAN_ASIAN,25,25-34,3
892225,Hugh,Shkreli,Hugh14@abcmail.com,@Hugh1,MALE,WESTERN CAPE,UNKNOWN,36,35-44,4
892297,Kip ,Hoadley,Kip 145@mailxyz.com,@Kip 14,MALE,KWAZULU NATAL,INDIAN_ASIAN,29,25-34,3
892344,Minerva ,Marek,Minerva 53@mail.com,@Minerva 5,FEMALE,LIMPOPO,WHITE,17,<18,1
892453,Eli ,Caves,Eli 291@yahoo.com,@Eli 29,MALE,GAUTENG,INDIAN_ASIAN,34,25-34,3
892461,Bernardo ,Paradis,Bernardo 323@mail.com,@Bernardo 32,MALE,KWAZULU NATAL,INDIAN_ASIAN,30,25-34,3
892465,Bret ,Luthy,Bret 314@abcmail.com,@Bret 31,MALE,GAUTENG,BLACK,36,35-44,4
892515,Loyd ,Martello,Loyd 491@yahoo.com,@Loyd 49,MALE,WESTERN CAPE,WHITE,34,25-34,3
892523,Romeo ,Woolard,Romeo 374@abcmail.com,@Romeo 37,MALE,LIMPOPO,COLOURED,29,25-34,3
892532,Donald ,Paradis,Donald 224@abcmail.com,@Donald 22,MALE,GAUTENG,WHITE,38,35-44,4
892554,Dee ,Biggers,Dee 214@abcmail.com,@Dee 21,MALE,WESTERN CAPE,COLOURED,31,25-34,3
892557,Stacy ,Gettys,Stacy 272@gmail.com,@Stacy 27,MALE,GAUTENG,BLACK,20,18-24,2
892558,Shelley ,Reisinger,Shelley 355@mailxyz.com,@Shelley 35,FEMALE,GAUTENG,BLACK,29,25-34,3
892573,Abel ,Woolard,Abel 183@mail.com,@Abel 18,MALE,MPUMALANGA,UNKNOWN,47,45-54,5
892577,Lloyd ,Fudge,Lloyd 75@mailxyz.com,@Lloyd 7,MALE,MPUMALANGA,BLACK,30,25-34,3
892587,Lane ,Tatham,Lane 111@yahoo.com,@Lane 11,MALE,GAUTENG,INDIAN_ASIAN,32,25-34,3
892603,Brendan ,Arrieta,Brendan 453@mail.com,@Brendan 45,MALE,EASTERN CAPE,BLACK,39,35-44,4
892643,Valentine ,Borelli,Valentine 471@yahoo.com,@Valentine 47,MALE,WESTERN CAPE,COLOURED,28,25-34,3
892644,Haywood ,Mccown,Haywood 95@mailxyz.com,@Haywood 9,MALE,GAUTENG,BLACK,18,18-24,2
892659,Valentine ,Mastrangelo,Valentine 472@gmail.com,@Valentine 47,MALE,NORTH WEST,BLACK,45,45-54,5
892661,Charlie ,Mina,Charlie 365@mailxyz.com,@Charlie 36,MALE,EASTERN CAPE,BLACK,22,18-24,2
892687,Michel ,Deblois,Michel 204@abcmail.com,@Michel 20,MALE,GAUTENG,INDIAN_ASIAN,38,35-44,4
892698,Malika ,Sieren,Malika 461@yahoo.com,@Malika 46,FEMALE,WESTERN CAPE,INDIAN_ASIAN,48,45-54,5
892702,Filiberto ,Restivo,Filiberto 42@gmail.com,@Filiberto 4,MALE,MPUMALANGA,BLACK,26,25-34,3
892706,Eli ,Hoadley,Eli 295@mailxyz.com,@Eli 29,MALE,NORTH WEST,BLACK,23,18-24,2
892715,Emerson ,Slane,Emerson 241@yahoo.com,@Emerson 24,MALE,GAUTENG,BLACK,32,25-34,3
892729,Dia ,Arrieta,Dia 84@abcmail.com,@Dia 8,FEMALE,GAUTENG,BLACK,32,25-34,3
892732,Bret ,Tancredi,Bret 315@mailxyz.com,@Bret 31,MALE,GAUTENG,BLACK,25,25-34,3
892747,Irving ,Sytsma,Irving 52@gmail.com,@Irving 5,MALE,GAUTENG,BLACK,44,35-44,4
892770,Brendan ,Tatham,Brendan 453@mail.com,@Brendan 45,MALE,MPUMALANGA,WHITE,24,18-24,2
892783,Rebekah ,Paradis,Rebekah 135@mailxyz.com,@Rebekah 13,FEMALE,KWAZULU NATAL,INDIAN_ASIAN,34,25-34,3
892787,Lucas ,Biggers,Lucas 231@yahoo.com,@Lucas 23,MALE,GAUTENG,BLACK,28,25-34,3
892807,Irving ,Pool,Irving 53@mail.com,@Irving 5,MALE,MPUMALANGA,INDIAN_ASIAN,28,25-34,3
892821,Efren ,Hier,Efren 134@abcmail.com,@Efren 13,MALE,GAUTENG,WHITE,34,25-34,3
892826,Brendan ,Styer,Brendan 454@abcmail.com,@Brendan 45,MALE,GAUTENG,BLACK,28,25-34,3
892844,Lloyd ,Luthy,Lloyd 73@mail.com,@Lloyd 7,MALE,GAUTENG,WHITE,29,25-34,3
892856,Hyman ,Zweifel,Hyman 82@gmail.com,@Hyman 8,MALE,MPUMALANGA,BLACK,44,35-44,4
892878,Jacinto ,Holt,Jacinto 255@mailxyz.com,@Jacinto 25,MALE,KWAZULU NATAL,BLACK,29,25-34,3
892880,Alecia ,Roquemore,Alecia 495@mailxyz.com,@Alecia 49,FEMALE,GAUTENG,BLACK,21,18-24,2
892883,Randy ,Paradis,Randy 395@mailxyz.com,@Randy 39,MALE,WESTERN CAPE,UNKNOWN,24,18-24,2
892890,Markus ,Sytsma,Markus 194@abcmail.com,@Markus 19,MALE,KWAZULU NATAL,INDIAN_ASIAN,26,25-34,3
892903,Carter ,Martello,Carter 34@abcmail.com,@Carter 3,MALE,WESTERN CAPE,COLOURED,31,25-34,3
892936,Dee ,Martello,Dee 214@abcmail.com,@Dee 21,MALE,NORTHERN CAPE,BLACK,32,25-34,3
892947,Michel ,Hier,Michel 204@abcmail.com,@Michel 20,MALE,MPUMALANGA,BLACK,28,25-34,3
892954,Efren ,Roquemore,Efren 131@yahoo.com,@Efren 13,MALE,MPUMALANGA,BLACK,35,35-44,4
892975,Shelley ,Reisinger,Shelley 73@mail.com,@Shelley 7,FEMALE,KWAZULU NATAL,INDIAN_ASIAN,45,45-54,5
892979,Earl ,Hoadley,Earl 422@gmail.com,@Earl 42,MALE,GAUTENG,BLACK,48,45-54,5
893019,Lane ,Mccown,Lane 112@gmail.com,@Lane 11,MALE,KWAZULU NATAL,WHITE,53,45-54,5
893020,Robby ,Luthy,Robby 164@abcmail.com,@Robby 16,MALE,GAUTENG,BLACK,22,18-24,2
893026,Lucas ,Deblois,Lucas 233@mail.com,@Lucas 23,MALE,GAUTENG,INDIAN_ASIAN,32,25-34,3
893029,Bernardo ,Vital,Bernardo 324@abcmail.com,@Bernardo 32,MALE,WESTERN CAPE,UNKNOWN,43,35-44,4
893042,Cory ,Bilyeu,Cory 101@yahoo.com,@Cory 10,MALE,WESTERN CAPE,COLOURED,32,25-34,3
893060,Cory ,Gettys,Cory 104@abcmail.com,@Cory 10,MALE,EASTERN CAPE,BLACK,29,25-34,3
893061,Haywood ,Jacox,Haywood 95@mailxyz.com,@Haywood 9,MALE,GAUTENG,BLACK,28,25-34,3
893063,Samuel ,Wigfall,Samuel 263@mail.com,@Samuel 26,MALE,GAUTENG,WHITE,24,18-24,2
893076,Efren ,Styer,Efren 131@yahoo.com,@Efren 13,MALE,GAUTENG,WHITE,31,25-34,3
893081,Jacinto ,Holt,Jacinto 255@mailxyz.com,@Jacinto 25,MALE,LIMPOPO,BLACK,27,25-34,3
893094,Torrie ,Mcclaine,Torrie 245@mailxyz.com,@Torrie 24,FEMALE,GAUTENG,COLOURED,33,25-34,3
893105,Garry ,Gettys,Garry 283@mail.com,@Garry 28,MALE,WESTERN CAPE,WHITE,42,35-44,4
893107,Lane ,Singer,Lane 112@gmail.com,@Lane 11,MALE,GAUTENG,WHITE,24,18-24,2
893138,Bernardo ,Nicholls,Bernardo 323@mail.com,@Bernardo 32,MALE,WESTERN CAPE,COLOURED,32,25-34,3
893168,Charlie ,Roquemore,Charlie 365@mailxyz.com,@Charlie 36,MALE,EASTERN CAPE,COLOURED,20,18-24,2
893176,Stacy ,Sytsma,Stacy 273@mail.com,@Stacy 27,MALE,GAUTENG,WHITE,41,35-44,4
893183,Kyle ,Martello,Kyle 62@gmail.com,@Kyle 6,MALE,GAUTENG,INDIAN_ASIAN,32,25-34,3
893191,Robby ,Langenfeld,Robby 163@mail.com,@Robby 16,MALE,WESTERN CAPE,WHITE,64,55+,6
893201,Romeo ,Creager,Romeo 373@mail.com,@Romeo 37,MALE,GAUTENG,WHITE,35,35-44,4
893220,Randy ,Leicht,Randy 393@mail.com,@Randy 39,MALE,GAUTENG,BLACK,21,18-24,2
893227,Wilton ,Curran,Wilton 412@gmail.com,@Wilton 41,MALE,EASTERN CAPE,BLACK,27,25-34,3
893233,Carter ,Tancredi,Carter 34@abcmail.com,@Carter 3,MALE,NORTHERN CAPE,COLOURED,26,25-34,3
893256,Roxane ,Lavoie,Roxane 193@mail.com,@Roxane 19,FEMALE,GAUTENG,BLACK,37,35-44,4
893279,Chas ,Curran,Chas 353@mail.com,@Chas 35,MALE,GAUTENG,COLOURED,41,35-44,4
893287,Romeo ,Deblois,Romeo 375@mailxyz.com,@Romeo 37,MALE,LIMPOPO,BLACK,36,35-44,4
893304,Bernardo ,Creager,Bernardo 321@yahoo.com,@Bernardo 32,MALE,MPUMALANGA,INDIAN_ASIAN,24,18-24,2
893309,Gretta ,Mosser,Gretta 482@gmail.com,@Gretta 48,FEMALE,WESTERN CAPE,INDIAN_ASIAN,42,35-44,4
893325,Earl ,Tancredi,Earl 421@yahoo.com,@Earl 42,MALE,GAUTENG,INDIAN_ASIAN,34,25-34,3
893337,Len ,Woolard,Len 444@abcmail.com,@Len 44,MALE,GAUTENG,INDIAN_ASIAN,33,25-34,3
893341,Brendan ,Mosser,Brendan 454@abcmail.com,@Brendan 45,MALE,KWAZULU NATAL,WHITE,9,<18,1
893356,Emerson ,Gettys,Emerson 245@mailxyz.com,@Emerson 24,MALE,EASTERN CAPE,INDIAN_ASIAN,33,25-34,3
893373,Len ,Gettys,Len 444@abcmail.com,@Len 44,MALE,WESTERN CAPE,BLACK,24,18-24,2
893387,Raymundo ,Mccollum,Raymundo 433@mail.com,@Raymundo 43,MALE,GAUTENG,WHITE,22,18-24,2
893388,Bret ,Crotty,Bret 313@mail.com,@Bret 31,MALE,GAUTENG,INDIAN_ASIAN,34,25-34,3
893389,Cory ,Hier,Cory 104@abcmail.com,@Cory 10,MALE,KWAZULU NATAL,BLACK,28,25-34,3
893392,Claud ,Marek,Claud 341@yahoo.com,@Claud 34,MALE,LIMPOPO,INDIAN_ASIAN,28,25-34,3
893396,Stephen ,Tatham,Stephen 154@abcmail.com,@Stephen 15,MALE,GAUTENG,INDIAN_ASIAN,32,25-34,3
893432,Filiberto ,Jacox,Filiberto 44@abcmail.com,@Filiberto 4,MALE,WESTERN CAPE,WHITE,35,35-44,4
893434,Filiberto ,Singer,Filiberto 42@gmail.com,@Filiberto 4,MALE,LIMPOPO,BLACK,28,25-34,3
893436,Robby ,Martello,Robby 164@abcmail.com,@Robby 16,MALE,GAUTENG,INDIAN_ASIAN,32,25-34,3
893442,Shane ,Leicht,Shane 25@mailxyz.com,@Shane 2,MALE,GAUTENG,BLACK,30,25-34,3
893445,Eli ,Condie,Eli 295@mailxyz.com,@Eli 29,MALE,WESTERN CAPE,COLOURED,33,25-34,3
893446,Kyle ,Curran,Kyle 61@yahoo.com,@Kyle 6,MALE,WESTERN CAPE,COLOURED,23,18-24,2
893450,Stefan ,Mcclaine,Stefan 464@abcmail.com,@Stefan 46,MALE,GAUTENG,BLACK,33,25-34,3
893458,Michel ,Vital,Michel 205@mailxyz.com,@Michel 20,MALE,GAUTENG,INDIAN_ASIAN,30,25-34,3
893464,Shelley ,Reisinger,Shelley 361@yahoo.com,@Shelley 36,FEMALE,GAUTENG,WHITE,38,35-44,4
893466,Shandra ,Mccollum,Shandra 282@gmail.com,@Shandra 28,FEMALE,WESTERN CAPE,COLOURED,36,35-44,4
893475,Cody ,Mcclaine,Cody 124@abcmail.com,@Cody 12,MALE,NORTH WEST,BLACK,44,35-44,4
893476,Valentine ,Restivo,Valentine 472@gmail.com,@Valentine 47,MALE,GAUTENG,INDIAN_ASIAN,29,25-34,3
893483,Hyman ,Restivo,Hyman 84@abcmail.com,@Hyman 8,MALE,LIMPOPO,INDIAN_ASIAN,37,35-44,4
893492,Wilton ,Slane,Wilton 411@yahoo.com,@Wilton 41,MALE,GAUTENG,INDIAN_ASIAN,31,25-34,3
893497,Stacy ,Restivo,Stacy 275@mailxyz.com,@Stacy 27,MALE,EASTERN CAPE,INDIAN_ASIAN,29,25-34,3
893501,Garry ,Hier,Garry 282@gmail.com,@Garry 28,MALE,KWAZULU NATAL,INDIAN_ASIAN,30,25-34,3
893520,Luanna ,Hoadley,Luanna 111@yahoo.com,@Luanna 11,FEMALE,EASTERN CAPE,WHITE,40,35-44,4
893536,Valentine ,Leicht,Valentine 472@gmail.com,@Valentine 47,MALE,NORTHERN CAPE,BLACK,26,25-34,3
893557,Brendan ,Paradis,Brendan 452@gmail.com,@Brendan 45,MALE,MPUMALANGA,INDIAN_ASIAN,27,25-34,3
893562,Cory ,Borelli,Cory 104@abcmail.com,@Cory 10,MALE,GAUTENG,BLACK,37,35-44,4
893565,Abel ,Mastrangelo,Abel 185@mailxyz.com,@Abel 18,MALE,EASTERN CAPE,BLACK,25,25-34,3
893566,Bernardo ,Styer,Bernardo 324@abcmail.com,@Bernardo 32,MALE,WESTERN CAPE,BLACK,25,25-34,3
893568,Bess ,Jacox,Bess 13@mail.com,@Bess 1,FEMALE,EASTERN CAPE,BLACK,23,18-24,2
893573,Claud ,Zweifel,Claud 345@mailxyz.com,@Claud 34,MALE,WESTERN CAPE,WHITE,21,18-24,2
893585,Malika ,Sieren,Malika 205@mailxyz.com,@Malika 20,FEMALE,KWAZULU NATAL,WHITE,28,25-34,3
893588,Jacinto ,Mastrangelo,Jacinto 252@gmail.com,@Jacinto 25,MALE,WESTERN CAPE,OTHER,24,18-24,2
893599,Royal ,Fudge,Royal 174@abcmail.com,@Royal 17,MALE,GAUTENG,BLACK,33,25-34,3
893615,Efren ,Styer,Efren 132@gmail.com,@Efren 13,MALE,WESTERN CAPE,COLOURED,26,25-34,3
893619,Earline ,Zweifel,Earline 115@mailxyz.com,@Earline 11,FEMALE,WESTERN CAPE,BLACK,40,35-44,4
893635,Chas ,Tatham,Chas 355@mailxyz.com,@Chas 35,MALE,GAUTENG,WHITE,27,25-34,3
893645,Jared ,Nicholls,Jared 502@gmail.com,@Jared 50,MALE,MPUMALANGA,WHITE,26,25-34,3
893649,Wilton ,Gettys,Wilton 414@abcmail.com,@Wilton 41,MALE,MPUMALANGA,BLACK,40,35-44,4
893651,Samuel ,Gettys,Samuel 265@mailxyz.com,@Samuel 26,MALE,KWAZULU NATAL,BLACK,40,35-44,4
893657,Lane ,Roquemore,Lane 111@yahoo.com,@Lane 11,MALE,KWAZULU NATAL,WHITE,52,45-54,5
893674,Tiffani ,Pilot,Tiffani 344@abcmail.com,@Tiffani 34,FEMALE,GAUTENG,BLACK,39,35-44,4
893681,Kyle ,Marek,Kyle 61@yahoo.com,@Kyle 6,MALE,MPUMALANGA,BLACK,24,18-24,2
893686,Cory ,Martello,Cory 105@mailxyz.com,@Cory 10,MALE,FREE STATE,INDIAN_ASIAN,9,<18,1
893694,Shane ,Mccollum,Shane 24@abcmail.com,@Shane 2,MALE,NORTH WEST,INDIAN_ASIAN,17,<18,1
893717,Bret ,Deblois,Bret 315@mailxyz.com,@Bret 31,MALE,LIMPOPO,BLACK,23,18-24,2
893730,Earl ,Deblois,Earl 422@gmail.com,@Earl 42,MALE,EASTERN CAPE,BLACK,25,25-34,3
893742,Samuel ,Condie,Samuel 264@abcmail.com,@Samuel 26,MALE,GAUTENG,INDIAN_ASIAN,71,55+,6
893745,Lucas ,Biggers,Lucas 235@mailxyz.com,@Lucas 23,MALE,MPUMALANGA,INDIAN_ASIAN,39,35-44,4
893747,Eli ,Holt,Eli 293@mail.com,@Eli 29,MALE,KWAZULU NATAL,WHITE,38,35-44,4
893771,Robby ,Wigfall,Robby 163@mail.com,@Robby 16,MALE,GAUTENG,INDIAN_ASIAN,39,35-44,4
893783,Brendan ,Arrieta,Brendan 453@mail.com,@Brendan 45,MALE,KWAZULU NATAL,INDIAN_ASIAN,31,25-34,3
893789,Jacinto ,Singer,Jacinto 251@yahoo.com,@Jacinto 25,MALE,WESTERN CAPE,COLOURED,28,25-34,3
893791,Hyman ,Styer,Hyman 81@yahoo.com,@Hyman 8,MALE,WESTERN CAPE,UNKNOWN,29,25-34,3
893792,Loyd ,Martello,Loyd 491@yahoo.com,@Loyd 49,MALE,MPUMALANGA,BLACK,42,35-44,4
893794,Irving ,Borelli,Irving 52@gmail.com,@Irving 5,MALE,NORTH WEST,BLACK,25,25-34,3
893801,Cory ,Lavoie,Cory 103@mail.com,@Cory 10,MALE,KWAZULU NATAL,INDIAN_ASIAN,40,35-44,4
893814,Romeo ,Lavoie,Romeo 375@mailxyz.com,@Romeo 37,MALE,WESTERN CAPE,COLOURED,25,25-34,3
893819,Wilton ,Leicht,Wilton 412@gmail.com,@Wilton 41,MALE,GAUTENG,INDIAN_ASIAN,26,25-34,3
893829,Valentine ,Caves,Valentine 472@gmail.com,@Valentine 47,MALE,MPUMALANGA,INDIAN_ASIAN,40,35-44,4
893832,Wilton ,Mccown,Wilton 411@yahoo.com,@Wilton 41,MALE,LIMPOPO,BLACK,24,18-24,2
893834,Stacy ,Singer,Stacy 273@mail.com,@Stacy 27,MALE,LIMPOPO,BLACK,25,25-34,3
893852,Gretta ,Mosser,Gretta 81@yahoo.com,@Gretta 8,FEMALE,MPUMALANGA,BLACK,33,25-34,3
893861,Cory ,Luthy,Cory 104@abcmail.com,@Cory 10,MALE,MPUMALANGA,BLACK,30,25-34,3
893873,Trudie ,Restivo,Trudie 303@mail.com,@Trudie 30,FEMALE,NORTH WEST,BLACK,22,18-24,2
893882,Jacinto ,Condie,Jacinto 255@mailxyz.com,@Jacinto 25,MALE,KWAZULU NATAL,INDIAN_ASIAN,33,25-34,3
893885,Emerson ,Pilot,Emerson 241@yahoo.com,@Emerson 24,MALE,GAUTENG,INDIAN_ASIAN,21,18-24,2
893902,Kip ,Shkreli,Kip 141@yahoo.com,@Kip 14,MALE,FREE STATE,BLACK,38,35-44,4
893914,Lloyd ,Mccollum,Lloyd 74@abcmail.com,@Lloyd 7,MALE,MPUMALANGA,BLACK,39,35-44,4
893916,Samuel ,Crotty,Samuel 263@mail.com,@Samuel 26,MALE,GAUTENG,UNKNOWN,68,55+,6
893932,Yolonda ,Pascarella,Yolonda 201@yahoo.com,@Yolonda 20,FEMALE,NORTH WEST,WHITE,33,25-34,3
893948,Yong ,Nicholls,Yong 484@abcmail.com,@Yong 48,MALE,WESTERN CAPE,WHITE,22,18-24,2
893953,Randy ,Hier,Randy 393@mail.com,@Randy 39,MALE,WESTERN CAPE,WHITE,38,35-44,4
893957,Bret ,Paradis,Bret 315@mailxyz.com,@Bret 31,MALE,KWAZULU NATAL,INDIAN_ASIAN,35,35-44,4
893959,Donald ,Woolard,Donald 222@gmail.com,@Donald 22,MALE,KWAZULU NATAL,INDIAN_ASIAN,18,18-24,2
893979,Efren ,Vital,Efren 134@abcmail.com,@Efren 13,MALE,FREE STATE,INDIAN_ASIAN,33,25-34,3
893981,Cory ,Langenfeld,Cory 102@gmail.com,@Cory 10,MALE,EASTERN CAPE,BLACK,41,35-44,4
893986,Jared ,Mina,Jared 503@mail.com,@Jared 50,MALE,KWAZULU NATAL,BLACK,40,35-44,4
893992,Claud ,Pool,Claud 343@mail.com,@Claud 34,MALE,GAUTENG,UNKNOWN,32,25-34,3
894009,Dee ,Langenfeld,Dee 212@gmail.com,@Dee 21,MALE,MPUMALANGA,WHITE,23,18-24,2
894022,Raymundo ,Tatham,Raymundo 433@mail.com,@Raymundo 43,MALE,LIMPOPO,WHITE,32,25-34,3
894023,Robby ,Condie,Robby 161@yahoo.com,@Robby 16,MALE,FREE STATE,COLOURED,40,35-44,4
894037,Lucas ,Jacox,Lucas 231@yahoo.com,@Lucas 23,MALE,WESTERN CAPE,UNKNOWN,34,25-34,3
894054,Emerson ,Singer,Emerson 243@mail.com,@Emerson 24,MALE,KWAZULU NATAL,BLACK,43,35-44,4
894055,Cory ,Martello,Cory 102@gmail.com,@Cory 10,MALE,MPUMALANGA,BLACK,40,35-44,4
894056,Filiberto ,Vital,Filiberto 41@yahoo.com,@Filiberto 4,MALE,EASTERN CAPE,UNKNOWN,34,25-34,3
894061,Michel ,Mccown,Michel 203@mail.com,@Michel 20,MALE,GAUTENG,INDIAN_ASIAN,36,35-44,4
894062,Earl ,Martello,Earl 425@mailxyz.com,@Earl 42,MALE,MPUMALANGA,BLACK,52,45-54,5
894072,Stephen ,Nicholls,Stephen 154@abcmail.com,@Stephen 15,MALE,GAUTENG,COLOURED,43,35-44,4
894086,Sharri ,Tatham,Sharri 421@yahoo.com,@Sharri 42,FEMALE,MPUMALANGA,BLACK,30,25-34,3
894090,Bret ,Leicht,Bret 311@yahoo.com,@Bret 31,MALE,MPUMALANGA,UNKNOWN,37,35-44,4
894091,Cory ,Langenfeld,Cory 105@mailxyz.com,@Cory 10,MALE,WESTERN CAPE,COLOURED,28,25-34,3
894097,Earl ,Fudge,Earl 423@mail.com,@Earl 42,MALE,GAUTENG,UNKNOWN,33,25-34,3
894103,Royal ,Vital,Royal 173@mail.com,@Royal 17,MALE,GAUTENG,INDIAN_ASIAN,44,35-44,4
894104,Jared ,Mina,Jared 501@yahoo.com,@Jared 50,MALE,WESTERN CAPE,COLOURED,25,25-34,3
894107,Robby ,Mosser,Robby 165@mailxyz.com,@Robby 16,MALE,GAUTENG,BLACK,27,25-34,3
894137,Earl ,Hoadley,Earl 424@abcmail.com,@Earl 42,MALE,KWAZULU NATAL,INDIAN_ASIAN,42,35-44,4
894176,Shane ,Mina,Shane 25@mailxyz.com,@Shane 2,MALE,WESTERN CAPE,COLOURED,47,45-54,5
894183,Dia ,Arrieta,Dia 331@yahoo.com,@Dia 33,FEMALE,GAUTENG,BLACK,34,25-34,3
894209,Tiffani ,Pilot,Tiffani 492@gmail.com,@Tiffani 49,FEMALE,KWAZULU NATAL,BLACK,37,35-44,4
894215,Chas ,Lavoie,Chas 351@yahoo.com,@Chas 35,MALE,GAUTENG,INDIAN_ASIAN,67,55+,6
894216,Len ,Styer,Len 444@abcmail.com,@Len 44,MALE,GAUTENG,WHITE,43,35-44,4
894225,Earl ,Mccown,Earl 425@mailxyz.com,@Earl 42,MALE,GAUTENG,INDIAN_ASIAN,32,25-34,3
894256,Irving ,Mccown,Irving 52@gmail.com,@Irving 5,MALE,GAUTENG,WHITE,56,55+,6
894260,Michel ,Marek,Michel 202@gmail.com,@Michel 20,MALE,WESTERN CAPE,WHITE,39,35-44,4
894263,Brendan ,Mastrangelo,Brendan 451@yahoo.com,@Brendan 45,MALE,KWAZULU NATAL,INDIAN_ASIAN,58,55+,6
894398,Stacy ,Singer,Stacy 271@yahoo.com,@Stacy 27,MALE,WESTERN CAPE,COLOURED,27,25-34,3
894435,Bret ,Holt,Bret 315@mailxyz.com,@Bret 31,MALE,MPUMALANGA,BLACK,25,25-34,3
894447,Len ,Woolard,Len 443@mail.com,@Len 44,MALE,WESTERN CAPE,UNKNOWN,30,25-34,3
894473,Michel ,Mosser,Michel 201@yahoo.com,@Michel 20,MALE,MPUMALANGA,INDIAN_ASIAN,38,35-44,4
894558,Jacinto ,Tancredi,Jacinto 251@yahoo.com,@Jacinto 25,MALE,GAUTENG,INDIAN_ASIAN,32,25-34,3
894569,Wilton ,Tatham,Wilton 415@mailxyz.com,@Wilton 41,MALE,MPUMALANGA,INDIAN_ASIAN,45,45-54,5
894605,Earl ,Marek,Earl 424@abcmail.com,@Earl 42,MALE,GAUTENG,BLACK,29,25-34,3
894649,Donald ,Pool,Donald 224@abcmail.com,@Donald 22,MALE,MPUMALANGA,WHITE,26,25-34,3
894658,Kyle ,Caves,Kyle 63@mail.com,@Kyle 6,MALE,GAUTENG,INDIAN_ASIAN,30,25-34,3
894674,Hugh,Pascarella,Hugh11@yahoo.com,@Hugh1,MALE,LIMPOPO,INDIAN_ASIAN,28,25-34,3
894690,Hyman ,Caves,Hyman 82@gmail.com,@Hyman 8,MALE,LIMPOPO,INDIAN_ASIAN,29,25-34,3
894706,Abel ,Martello,Abel 185@mailxyz.com,@Abel 18,MALE,MPUMALANGA,INDIAN_ASIAN,31,25-34,3
895078,Hollis ,Deblois,Hollis 384@abcmail.com,@Hollis 38,MALE,GAUTENG,INDIAN_ASIAN,39,35-44,4
895103,Yong ,Bilyeu,Yong 483@mail.com,@Yong 48,MALE,GAUTENG,INDIAN_ASIAN,31,25-34,3
895195,Romeo ,Wigfall,Romeo 371@yahoo.com,@Romeo 37,MALE,LIMPOPO,WHITE,21,18-24,2
895427,Wilburn ,Bilyeu,Wilburn 302@gmail.com,@Wilburn 30,MALE,GAUTENG,INDIAN_ASIAN,38,35-44,4
895624,Shandra ,Mccollum,Shandra 282@gmail.com,@Shandra 28,FEMALE,KWAZULU NATAL,BLACK,42,35-44,4
896122,Earl ,Creager,Earl 425@mailxyz.com,@Earl 42,MALE,KWAZULU NATAL,UNKNOWN,33,25-34,3
896477,Jared ,Wigfall,Jared 505@mailxyz.com,@Jared 50,MALE,GAUTENG,INDIAN_ASIAN,24,18-24,2
896654,Cory ,Reisinger,Cory 103@mail.com,@Cory 10,MALE,GAUTENG,INDIAN_ASIAN,16,<18,1
897314,Robby ,Slane,Robby 162@gmail.com,@Robby 16,MALE,GAUTENG,BLACK,32,25-34,3
897770,Romeo ,Slane,Romeo 372@gmail.com,@Romeo 37,MALE,GAUTENG,BLACK,45,45-54,5
901272,Katharina ,Condie,Katharina 465@mailxyz.com,@Katharina 46,FEMALE,GAUTENG,UNKNOWN,28,25-34,3
901312,Royal ,Curran,Royal 174@abcmail.com,@Royal 17,MALE,GAUTENG,BLACK,35,35-44,4
901691,Kip ,Crotty,Kip 142@gmail.com,@Kip 14,MALE,KWAZULU NATAL,WHITE,33,25-34,3
901726,Filiberto ,Mccollum,Filiberto 45@mailxyz.com,@Filiberto 4,MALE,GAUTENG,INDIAN_ASIAN,31,25-34,3
902099,Royal ,Holt,Royal 174@abcmail.com,@Royal 17,MALE,GAUTENG,WHITE,56,55+,6
902125,Dee ,Hier,Dee 212@gmail.com,@Dee 21,MALE,WESTERN CAPE,COLOURED,36,35-44,4
902545,Garry ,Biggers,Garry 281@yahoo.com,@Garry 28,MALE,KWAZULU NATAL,WHITE,29,25-34,3
902609,Cory ,Mccown,Cory 105@mailxyz.com,@Cory 10,MALE,GAUTENG,BLACK,30,25-34,3
903455,Hyman ,Mina,Hyman 83@mail.com,@Hyman 8,MALE,GAUTENG,UNKNOWN,68,55+,6
903467,Briana ,Caves,Briana 14@abcmail.com,@Briana 1,FEMALE,WESTERN CAPE,WHITE,47,45-54,5
903476,Art ,Condie,Art 403@mail.com,@Art 40,MALE,FREE STATE,COLOURED,43,35-44,4
903523,Stefan ,Hoadley,Stefan 463@mail.com,@Stefan 46,MALE,GAUTENG,INDIAN_ASIAN,41,35-44,4
903695,Jacinto ,Biggers,Jacinto 251@yahoo.com,@Jacinto 25,MALE,KWAZULU NATAL,UNKNOWN,63,55+,6
903840,Kip ,Singer,Kip 141@yahoo.com,@Kip 14,MALE,GAUTENG,UNKNOWN,32,25-34,3
903917,Earl ,Borelli,Earl 421@yahoo.com,@Earl 42,MALE,GAUTENG,UNKNOWN,38,35-44,4
903994,Bernardo ,Hier,Bernardo 323@mail.com,@Bernardo 32,MALE,WESTERN CAPE,COLOURED,33,25-34,3
904019,Cordie ,Singer,Cordie 345@mailxyz.com,@Cordie 34,FEMALE,GAUTENG,BLACK,25,25-34,3
904035,Jacinto ,Hier,Jacinto 252@gmail.com,@Jacinto 25,MALE,GAUTENG,BLACK,23,18-24,2
904063,Emerson ,Luthy,Emerson 241@yahoo.com,@Emerson 24,MALE,GAUTENG,BLACK,34,25-34,3
904090,Stephen ,Gettys,Stephen 153@mail.com,@Stephen 15,MALE,KWAZULU NATAL,UNKNOWN,25,25-34,3
904101,Romeo ,Creager,Romeo 375@mailxyz.com,@Romeo 37,MALE,GAUTENG,INDIAN_ASIAN,29,25-34,3
904173,Roxane ,Lavoie,Roxane 285@mailxyz.com,@Roxane 28,FEMALE,MPUMALANGA,BLACK,29,25-34,3
904174,Claud ,Tancredi,Claud 342@gmail.com,@Claud 34,MALE,LIMPOPO,INDIAN_ASIAN,30,25-34,3
904273,Filiberto ,Sieren,Filiberto 45@mailxyz.com,@Filiberto 4,MALE,GAUTENG,WHITE,31,25-34,3
904274,Eli ,Creager,Eli 292@gmail.com,@Eli 29,MALE,GAUTENG,UNKNOWN,23,18-24,2
904295,Bernardo ,Slane,Bernardo 323@mail.com,@Bernardo 32,MALE,WESTERN CAPE,INDIAN_ASIAN,41,35-44,4
904299,Stephen ,Holt,Stephen 152@gmail.com,@Stephen 15,MALE,FREE STATE,INDIAN_ASIAN,9,<18,1
904340,Wilton ,Mosser,Wilton 412@gmail.com,@Wilton 41,MALE,GAUTENG,INDIAN_ASIAN,28,25-34,3
904411,Royal ,Borelli,Royal 173@mail.com,@Royal 17,MALE,GAUTENG,INDIAN_ASIAN,26,25-34,3
904424,Kip ,Mccollum,Kip 143@mail.com,@Kip 14,MALE,LIMPOPO,INDIAN_ASIAN,33,25-34,3
904463,Emerson ,Tatham,Emerson 245@mailxyz.com,@Emerson 24,MALE,EASTERN CAPE,COLOURED,41,35-44,4
904480,Samuel ,Shkreli,Samuel 265@mailxyz.com,@Samuel 26,MALE,KWAZULU NATAL,INDIAN_ASIAN,37,35-44,4
904484,Michel ,Restivo,Michel 201@yahoo.com,@Michel 20,MALE,GAUTENG,INDIAN_ASIAN,9,<18,1
904526,Cody ,Shkreli,Cody 122@gmail.com,@Cody 12,MALE,GAUTENG,COLOURED,33,25-34,3
904542,Loyd ,Restivo,Loyd 494@abcmail.com,@Loyd 49,MALE,GAUTENG,INDIAN_ASIAN,45,45-54,5
904933,Royal ,Paradis,Royal 175@mailxyz.com,@Royal 17,MALE,WESTERN CAPE,INDIAN_ASIAN,28,25-34,3
904945,Emerson ,Marek,Emerson 244@abcmail.com,@Emerson 24,MALE,KWAZULU NATAL,UNKNOWN,31,25-34,3
905064,Donald ,Mina,Donald 224@abcmail.com,@Donald 22,MALE,LIMPOPO,INDIAN_ASIAN,47,45-54,5
905127,Stefan ,Vital,Stefan 463@mail.com,@Stefan 46,MALE,EASTERN CAPE,WHITE,37,35-44,4
905271,Abel ,Langenfeld,Abel 185@mailxyz.com,@Abel 18,MALE,EASTERN CAPE,COLOURED,35,35-44,4
905281,Jacinto ,Mosser,Jacinto 253@mail.com,@Jacinto 25,MALE,WESTERN CAPE,WHITE,51,45-54,5
905367,Abel ,Creager,Abel 182@gmail.com,@Abel 18,MALE,GAUTENG,INDIAN_ASIAN,27,25-34,3
905393,Abel ,Beville,Abel 182@gmail.com,@Abel 18,MALE,LIMPOPO,BLACK,25,25-34,3
905533,Filiberto ,Sytsma,Filiberto 43@mail.com,@Filiberto 4,MALE,FREE STATE,INDIAN_ASIAN,27,25-34,3
906296,Robby ,Marek,Robby 163@mail.com,@Robby 16,MALE,GAUTENG,INDIAN_ASIAN,24,18-24,2
906328,Lloyd ,Pascarella,Lloyd 75@mailxyz.com,@Lloyd 7,MALE,LIMPOPO,INDIAN_ASIAN,23,18-24,2
906341,Jacinto ,Mccown,Jacinto 252@gmail.com,@Jacinto 25,MALE,GAUTENG,COLOURED,22,18-24,2
906369,Bret ,Pascarella,Bret 313@mail.com,@Bret 31,MALE,GAUTENG,UNKNOWN,51,45-54,5
906463,Art ,Mcculloch,Art 402@gmail.com,@Art 40,MALE,LIMPOPO,INDIAN_ASIAN,36,35-44,4
906496,Shane ,Styer,Shane 25@mailxyz.com,@Shane 2,MALE,LIMPOPO,INDIAN_ASIAN,34,25-34,3
906517,Hyman ,Leicht,Hyman 82@gmail.com,@Hyman 8,MALE,WESTERN CAPE,INDIAN_ASIAN,39,35-44,4
906568,Stacy ,Tancredi,Stacy 271@yahoo.com,@Stacy 27,MALE,LIMPOPO,INDIAN_ASIAN,27,25-34,3
906608,Valentine ,Tatham,Valentine 474@abcmail.com,@Valentine 47,MALE,GAUTENG,OTHER,25,25-34,3
906640,Eli ,Sytsma,Eli 294@abcmail.com,@Eli 29,MALE,KWAZULU NATAL,INDIAN_ASIAN,34,25-34,3
906650,Donald ,Zweifel,Donald 222@gmail.com,@Donald 22,MALE,GAUTENG,INDIAN_ASIAN,32,25-34,3
906654,Garry ,Beville,Garry 285@mailxyz.com,@Garry 28,MALE,NORTH WEST,COLOURED,40,35-44,4
906667,Shane ,Roquemore,Shane 25@mailxyz.com,@Shane 2,MALE,GAUTENG,BLACK,35,35-44,4
906691,Earl ,Beville,Earl 424@abcmail.com,@Earl 42,MALE,GAUTENG,INDIAN_ASIAN,31,25-34,3
906693,Art ,Nicholls,Art 404@abcmail.com,@Art 40,MALE,NORTH WEST,INDIAN_ASIAN,31,25-34,3
906709,Irving ,Sytsma,Irving 53@mail.com,@Irving 5,MALE,LIMPOPO,INDIAN_ASIAN,32,25-34,3
906714,Romeo ,Jacox,Romeo 375@mailxyz.com,@Romeo 37,MALE,LIMPOPO,INDIAN_ASIAN,26,25-34,3
906717,Randy ,Pascarella,Randy 393@mail.com,@Randy 39,MALE,WESTERN CAPE,COLOURED,26,25-34,3
906728,Haywood ,Fudge,Haywood 91@yahoo.com,@Haywood 9,MALE,WESTERN CAPE,COLOURED,43,35-44,4
906812,Robby ,Luthy,Robby 163@mail.com,@Robby 16,MALE,KWAZULU NATAL,INDIAN_ASIAN,30,25-34,3
906850,Stefan ,Reisinger,Stefan 465@mailxyz.com,@Stefan 46,MALE,GAUTENG,UNKNOWN,23,18-24,2
906855,Haywood ,Pascarella,Haywood 93@mail.com,@Haywood 9,MALE,GAUTENG,WHITE,18,18-24,2
906875,Donald ,Caves,Donald 222@gmail.com,@Donald 22,MALE,LIMPOPO,BLACK,36,35-44,4
906884,Kyle ,Singer,Kyle 62@gmail.com,@Kyle 6,MALE,WESTERN CAPE,WHITE,32,25-34,3
906925,Kip ,Wigfall,Kip 143@mail.com,@Kip 14,MALE,GAUTENG,INDIAN_ASIAN,31,25-34,3
906939,Nakita ,Pool,Nakita 142@gmail.com,@Nakita 14,FEMALE,GAUTENG,INDIAN_ASIAN,31,25-34,3
906945,Lucas ,Arrieta,Lucas 235@mailxyz.com,@Lucas 23,MALE,GAUTENG,UNKNOWN,29,25-34,3
906987,Royal ,Vital,Royal 173@mail.com,@Royal 17,MALE,MPUMALANGA,INDIAN_ASIAN,31,25-34,3
906996,Samuel ,Langenfeld,Samuel 263@mail.com,@Samuel 26,MALE,LIMPOPO,INDIAN_ASIAN,24,18-24,2
907017,Randy ,Sytsma,Randy 391@yahoo.com,@Randy 39,MALE,GAUTENG,INDIAN_ASIAN,30,25-34,3
907037,Chas ,Paradis,Chas 355@mailxyz.com,@Chas 35,MALE,GAUTENG,INDIAN_ASIAN,32,25-34,3
907060,Hugh,Lavoie,Hugh13@mail.com,@Hugh1,MALE,GAUTENG,INDIAN_ASIAN,24,18-24,2
907090,Carter ,Langenfeld,Carter 34@abcmail.com,@Carter 3,MALE,GAUTENG,INDIAN_ASIAN,25,25-34,3
907101,Loyd ,Hoadley,Loyd 491@yahoo.com,@Loyd 49,MALE,KWAZULU NATAL,INDIAN_ASIAN,37,35-44,4
907115,Hugh,Sytsma,Hugh14@abcmail.com,@Hugh1,MALE,GAUTENG,BLACK,33,25-34,3
907117,Earl ,Sytsma,Earl 421@yahoo.com,@Earl 42,MALE,GAUTENG,INDIAN_ASIAN,25,25-34,3
907138,Stacy ,Reisinger,Stacy 273@mail.com,@Stacy 27,MALE,GAUTENG,WHITE,31,25-34,3
907172,Markus ,Pascarella,Markus 194@abcmail.com,@Markus 19,MALE,FREE STATE,INDIAN_ASIAN,27,25-34,3
907186,Carter ,Deblois,Carter 34@abcmail.com,@Carter 3,MALE,GAUTENG,WHITE,26,25-34,3
907211,Luanna ,Hoadley,Luanna 233@mail.com,@Luanna 23,FEMALE,EASTERN CAPE,WHITE,43,35-44,4
907264,Emerson ,Reisinger,Emerson 245@mailxyz.com,@Emerson 24,MALE,GAUTENG,BLACK,32,25-34,3
907265,Charlie ,Singer,Charlie 364@abcmail.com,@Charlie 36,MALE,GAUTENG,INDIAN_ASIAN,19,18-24,2
907277,Valentine ,Styer,Valentine 474@abcmail.com,@Valentine 47,MALE,GAUTENG,INDIAN_ASIAN,28,25-34,3
907285,Hugh,Crotty,Hugh12@gmail.com,@Hugh1,MALE,KWAZULU NATAL,UNKNOWN,38,35-44,4
907292,Randy ,Martello,Randy 391@yahoo.com,@Randy 39,MALE,GAUTENG,INDIAN_ASIAN,30,25-34,3
907294,Jared ,Caves,Jared 503@mail.com,@Jared 50,MALE,GAUTENG,INDIAN_ASIAN,29,25-34,3
907313,Samuel ,Singer,Samuel 261@yahoo.com,@Samuel 26,MALE,GAUTENG,INDIAN_ASIAN,45,45-54,5
907322,Shane ,Mastrangelo,Shane 22@gmail.com,@Shane 2,MALE,LIMPOPO,INDIAN_ASIAN,33,25-34,3
907326,Valentine ,Tancredi,Valentine 473@mail.com,@Valentine 47,MALE,LIMPOPO,INDIAN_ASIAN,25,25-34,3
907350,Loyd ,Singer,Loyd 494@abcmail.com,@Loyd 49,MALE,FREE STATE,INDIAN_ASIAN,24,18-24,2
907384,Bernardo ,Bilyeu,Bernardo 322@gmail.com,@Bernardo 32,MALE,MPUMALANGA,BLACK,27,25-34,3
907399,Hugh,Mcclaine,Hugh14@abcmail.com,@Hugh1,MALE,KWAZULU NATAL,INDIAN_ASIAN,39,35-44,4
907441,Lucas ,Deblois,Lucas 234@abcmail.com,@Lucas 23,MALE,WESTERN CAPE,UNKNOWN,33,25-34,3
907479,Brendan ,Styer,Brendan 453@mail.com,@Brendan 45,MALE,GAUTENG,BLACK,25,25-34,3
907491,Haywood ,Singer,Haywood 91@yahoo.com,@Haywood 9,MALE,KWAZULU NATAL,UNKNOWN,41,35-44,4
907517,Lane ,Mcclaine,Lane 113@mail.com,@Lane 11,MALE,FREE STATE,COLOURED,36,35-44,4
907525,Brendan ,Mcculloch,Brendan 453@mail.com,@Brendan 45,MALE,GAUTENG,INDIAN_ASIAN,31,25-34,3
907539,Markus ,Mccollum,Markus 191@yahoo.com,@Markus 19,MALE,GAUTENG,BLACK,40,35-44,4
907557,Luanna ,Hoadley,Luanna 264@abcmail.com,@Luanna 26,FEMALE,GAUTENG,WHITE,40,35-44,4
907569,Hollis ,Mina,Hollis 383@mail.com,@Hollis 38,MALE,GAUTENG,WHITE,35,35-44,4
907573,Loyd ,Gettys,Loyd 494@abcmail.com,@Loyd 49,MALE,GAUTENG,WHITE,40,35-44,4
907574,Robby ,Gettys,Robby 162@gmail.com,@Robby 16,MALE,GAUTENG,WHITE,46,45-54,5
907627,Carter ,Deblois,Carter 31@yahoo.com,@Carter 3,MALE,GAUTENG,INDIAN_ASIAN,36,35-44,4
907637,Earl ,Marek,Earl 424@abcmail.com,@Earl 42,MALE,EASTERN CAPE,INDIAN_ASIAN,41,35-44,4
907648,Claud ,Arrieta,Claud 341@yahoo.com,@Claud 34,MALE,MPUMALANGA,WHITE,51,45-54,5
907703,Lloyd ,Jacox,Lloyd 71@yahoo.com,@Lloyd 7,MALE,NORTHERN CAPE,BLACK,37,35-44,4
907722,Jacinto ,Mccown,Jacinto 253@mail.com,@Jacinto 25,MALE,GAUTENG,WHITE,40,35-44,4
907742,Charlie ,Tancredi,Charlie 363@mail.com,@Charlie 36,MALE,GAUTENG,WHITE,29,25-34,3
907761,Chas ,Deblois,Chas 352@gmail.com,@Chas 35,MALE,GAUTENG,BLACK,34,25-34,3
907781,Kyle ,Zweifel,Kyle 61@yahoo.com,@Kyle 6,MALE,GAUTENG,WHITE,33,25-34,3
907835,Cody ,Caves,Cody 124@abcmail.com,@Cody 12,MALE,GAUTENG,INDIAN_ASIAN,39,35-44,4
907845,Mellie ,Creager,Mellie 15@mailxyz.com,@Mellie 1,FEMALE,WESTERN CAPE,UNKNOWN,47,45-54,5
907886,Earl ,Creager,Earl 421@yahoo.com,@Earl 42,MALE,GAUTENG,UNKNOWN,43,35-44,4
907908,Shane ,Langenfeld,Shane 24@abcmail.com,@Shane 2,MALE,EASTERN CAPE,BLACK,36,35-44,4
907958,Samuel ,Wigfall,Samuel 265@mailxyz.com,@Samuel 26,MALE,LIMPOPO,UNKNOWN,50,45-54,5
907961,Loyd ,Martello,Loyd 493@mail.com,@Loyd 49,MALE,GAUTENG,WHITE,38,35-44,4
908012,Haywood ,Restivo,Haywood 95@mailxyz.com,@Haywood 9,MALE,KWAZULU NATAL,BLACK,31,25-34,3
908022,Wilburn ,Bilyeu,Wilburn 303@mail.com,@Wilburn 30,MALE,LIMPOPO,INDIAN_ASIAN,39,35-44,4
908041,Loyd ,Singer,Loyd 493@mail.com,@Loyd 49,MALE,MPUMALANGA,INDIAN_ASIAN,28,25-34,3
908069,Shelley ,Reisinger,Shelley 325@mailxyz.com,@Shelley 32,FEMALE,GAUTENG,WHITE,49,45-54,5
908082,Lucas ,Curran,Lucas 232@gmail.com,@Lucas 23,MALE,GAUTENG,UNKNOWN,33,25-34,3
908088,Hollis ,Holt,Hollis 382@gmail.com,@Hollis 38,MALE,LIMPOPO,WHITE,28,25-34,3
908182,Hollis ,Leicht,Hollis 384@abcmail.com,@Hollis 38,MALE,FREE STATE,WHITE,54,45-54,5
908535,Donald ,Gettys,Donald 223@mail.com,@Donald 22,MALE,GAUTENG,BLACK,41,35-44,4
908568,Eli ,Reisinger,Eli 294@abcmail.com,@Eli 29,MALE,GAUTENG,BLACK,41,35-44,4
908595,Loyd ,Singer,Loyd 491@yahoo.com,@Loyd 49,MALE,GAUTENG,WHITE,39,35-44,4
908642,Kip ,Mosser,Kip 144@abcmail.com,@Kip 14,MALE,WESTERN CAPE,UNKNOWN,50,45-54,5
908646,Epifania ,Crotty,Epifania 481@yahoo.com,@Epifania 48,FEMALE,WESTERN CAPE,WHITE,51,45-54,5
908759,Cory ,Singer,Cory 102@gmail.com,@Cory 10,MALE,MPUMALANGA,WHITE,37,35-44,4
908764,Art ,Vital,Art 401@yahoo.com,@Art 40,MALE,LIMPOPO,INDIAN_ASIAN,38,35-44,4
909181,Earl ,Crotty,Earl 421@yahoo.com,@Earl 42,MALE,EASTERN CAPE,WHITE,36,35-44,4
909213,Bret ,Biggers,Bret 312@gmail.com,@Bret 31,MALE,LIMPOPO,UNKNOWN,30,25-34,3
909222,Stacy ,Nicholls,Stacy 273@mail.com,@Stacy 27,MALE,GAUTENG,WHITE,47,45-54,5
909505,Raymundo ,Paradis,Raymundo 432@gmail.com,@Raymundo 43,MALE,EASTERN CAPE,WHITE,36,35-44,4
909519,Samuel ,Holt,Samuel 263@mail.com,@Samuel 26,MALE,GAUTENG,WHITE,40,35-44,4
909630,Jared ,Tatham,Jared 504@abcmail.com,@Jared 50,MALE,GAUTENG,WHITE,46,45-54,5
909670,Cory ,Condie,Cory 103@mail.com,@Cory 10,MALE,GAUTENG,BLACK,44,35-44,4
909837,Art ,Holt,Art 403@mail.com,@Art 40,MALE,GAUTENG,BLACK,40,35-44,4
910632,Wilton ,Mastrangelo,Wilton 412@gmail.com,@Wilton 41,MALE,EASTERN CAPE,WHITE,47,45-54,5
910862,Hugh,Mccollum,Hugh15@mailxyz.com,@Hugh1,MALE,WESTERN CAPE,UNKNOWN,44,35-44,4
910881,Raymundo ,Shkreli,Raymundo 435@mailxyz.com,@Raymundo 43,MALE,WESTERN CAPE,WHITE,30,25-34,3
910883,Dion ,Caves,Dion 333@mail.com,@Dion 33,MALE,GAUTENG,UNKNOWN,34,25-34,3
911285,Romeo ,Mccown,Romeo 375@mailxyz.com,@Romeo 37,MALE,LIMPOPO,WHITE,16,<18,1
911967,Stefan ,Paradis,Stefan 465@mailxyz.com,@Stefan 46,MALE,GAUTENG,UNKNOWN,51,45-54,5
915298,Michel ,Gettys,Michel 205@mailxyz.com,@Michel 20,MALE,KWAZULU NATAL,INDIAN_ASIAN,27,25-34,3
916065,Eli ,Paradis,Eli 293@mail.com,@Eli 29,MALE,NORTH WEST,WHITE,16,<18,1
916735,Bret ,Mcculloch,Bret 313@mail.com,@Bret 31,MALE,KWAZULU NATAL,INDIAN_ASIAN,41,35-44,4
918104,Kip ,Woolard,Kip 144@abcmail.com,@Kip 14,MALE,EASTERN CAPE,WHITE,36,35-44,4
918332,Earline ,Zweifel,Earline 351@yahoo.com,@Earline 35,FEMALE,GAUTENG,INDIAN_ASIAN,23,18-24,2
918340,Raymundo ,Hoadley,Raymundo 432@gmail.com,@Raymundo 43,MALE,GAUTENG,INDIAN_ASIAN,30,25-34,3
918556,Cory ,Langenfeld,Cory 101@yahoo.com,@Cory 10,MALE,MPUMALANGA,INDIAN_ASIAN,34,25-34,3
918641,Robby ,Fudge,Robby 165@mailxyz.com,@Robby 16,MALE,GAUTENG,INDIAN_ASIAN,22,18-24,2
918882,Bernardo ,Zweifel,Bernardo 324@abcmail.com,@Bernardo 32,MALE,LIMPOPO,INDIAN_ASIAN,22,18-24,2
918892,Chas ,Leicht,Chas 354@abcmail.com,@Chas 35,MALE,GAUTENG,INDIAN_ASIAN,27,25-34,3
918943,Donald ,Langenfeld,Donald 221@yahoo.com,@Donald 22,MALE,GAUTENG,INDIAN_ASIAN,27,25-34,3
918956,Lane ,Tancredi,Lane 113@mail.com,@Lane 11,MALE,MPUMALANGA,INDIAN_ASIAN,28,25-34,3
918995,Loyd ,Leicht,Loyd 492@gmail.com,@Loyd 49,MALE,GAUTENG,WHITE,49,45-54,5
919031,Jacinto ,Vital,Jacinto 252@gmail.com,@Jacinto 25,MALE,NORTHERN CAPE,COLOURED,25,25-34,3
919180,Lane ,Mccollum,Lane 111@yahoo.com,@Lane 11,MALE,WESTERN CAPE,COLOURED,36,35-44,4
919220,Markus ,Biggers,Markus 195@mailxyz.com,@Markus 19,MALE,WESTERN CAPE,COLOURED,22,18-24,2
919229,Claud ,Tatham,Claud 345@mailxyz.com,@Claud 34,MALE,LIMPOPO,UNKNOWN,32,25-34,3
919359,Hugh,Pilot,Hugh13@mail.com,@Hugh1,MALE,WESTERN CAPE,INDIAN_ASIAN,29,25-34,3
919367,Eli ,Biggers,Eli 294@abcmail.com,@Eli 29,MALE,GAUTENG,INDIAN_ASIAN,38,35-44,4
919378,Claud ,Mccown,Claud 344@abcmail.com,@Claud 34,MALE,KWAZULU NATAL,BLACK,33,25-34,3
919490,Yong ,Reisinger,Yong 484@abcmail.com,@Yong 48,MALE,WESTERN CAPE,WHITE,44,35-44,4
919495,Cody ,Styer,Cody 125@mailxyz.com,@Cody 12,MALE,GAUTENG,INDIAN_ASIAN,33,25-34,3
919522,Samuel ,Mcclaine,Samuel 262@gmail.com,@Samuel 26,MALE,MPUMALANGA,INDIAN_ASIAN,41,35-44,4
919621,Stefan ,Tatham,Stefan 462@gmail.com,@Stefan 46,MALE,EASTERN CAPE,INDIAN_ASIAN,24,18-24,2
919622,Stefan ,Sytsma,Stefan 465@mailxyz.com,@Stefan 46,MALE,GAUTENG,WHITE,37,35-44,4
919677,Gretta ,Mosser,Gretta 375@mailxyz.com,@Gretta 37,FEMALE,GAUTENG,WHITE,26,25-34,3
919691,Lesli ,Martello,Lesli 184@abcmail.com,@Lesli 18,FEMALE,GAUTENG,UNKNOWN,25,25-34,3
919808,Markus ,Hoadley,Markus 192@gmail.com,@Markus 19,MALE,EASTERN CAPE,BLACK,20,18-24,2
919960,Irving ,Beville,Irving 52@gmail.com,@Irving 5,MALE,GAUTENG,INDIAN_ASIAN,36,35-44,4
920007,Royal ,Bilyeu,Royal 175@mailxyz.com,@Royal 17,MALE,MPUMALANGA,BLACK,29,25-34,3
920083,Emerson ,Mina,Emerson 244@abcmail.com,@Emerson 24,MALE,GAUTENG,INDIAN_ASIAN,37,35-44,4
920096,Markus ,Condie,Markus 191@yahoo.com,@Markus 19,MALE,WESTERN CAPE,COLOURED,25,25-34,3
920207,Wilton ,Paradis,Wilton 415@mailxyz.com,@Wilton 41,MALE,KWAZULU NATAL,BLACK,39,35-44,4
920222,Garry ,Luthy,Garry 284@abcmail.com,@Garry 28,MALE,MPUMALANGA,WHITE,15,<18,1
920645,Royal ,Borelli,Royal 174@abcmail.com,@Royal 17,MALE,GAUTENG,BLACK,39,35-44,4
920661,Jacinto ,Mcclaine,Jacinto 253@mail.com,@Jacinto 25,MALE,GAUTENG,BLACK,35,35-44,4
920663,Lane ,Mastrangelo,Lane 115@mailxyz.com,@Lane 11,MALE,GAUTENG,INDIAN_ASIAN,32,25-34,3
920843,Eli ,Borelli,Eli 292@gmail.com,@Eli 29,MALE,WESTERN CAPE,WHITE,24,18-24,2
924886,Michel ,Mccollum,Michel 201@yahoo.com,@Michel 20,MALE,GAUTENG,INDIAN_ASIAN,31,25-34,3
924896,Haywood ,Zweifel,Haywood 91@yahoo.com,@Haywood 9,MALE,GAUTENG,INDIAN_ASIAN,25,25-34,3
924899,Emerson ,Mcclaine,Emerson 242@gmail.com,@Emerson 24,MALE,GAUTENG,UNKNOWN,27,25-34,3
924998,Stacy ,Biggers,Stacy 273@mail.com,@Stacy 27,MALE,WESTERN CAPE,INDIAN_ASIAN,46,45-54,5
925034,Loyd ,Tancredi,Loyd 494@abcmail.com,@Loyd 49,MALE,GAUTENG,INDIAN_ASIAN,37,35-44,4
925104,Brendan ,Mosser,Brendan 454@abcmail.com,@Brendan 45,MALE,GAUTENG,INDIAN_ASIAN,34,25-34,3
925280,Shane ,Woolard,Shane 23@mail.com,@Shane 2,MALE,LIMPOPO,INDIAN_ASIAN,24,18-24,2
925373,Charlie ,Arrieta,Charlie 361@yahoo.com,@Charlie 36,MALE,GAUTENG,INDIAN_ASIAN,26,25-34,3
925398,Lane ,Tancredi,Lane 112@gmail.com,@Lane 11,MALE,GAUTENG,INDIAN_ASIAN,29,25-34,3
925404,Claud ,Vital,Claud 342@gmail.com,@Claud 34,MALE,LIMPOPO,INDIAN_ASIAN,34,25-34,3
925513,Stephen ,Deblois,Stephen 153@mail.com,@Stephen 15,MALE,LIMPOPO,INDIAN_ASIAN,34,25-34,3
925566,Raymundo ,Luthy,Raymundo 434@abcmail.com,@Raymundo 43,MALE,GAUTENG,INDIAN_ASIAN,29,25-34,3
925629,Hyman ,Mccown,Hyman 83@mail.com,@Hyman 8,MALE,GAUTENG,INDIAN_ASIAN,30,25-34,3
925648,Bret ,Wigfall,Bret 312@gmail.com,@Bret 31,MALE,GAUTENG,INDIAN_ASIAN,34,25-34,3
925751,Stephen ,Wigfall,Stephen 154@abcmail.com,@Stephen 15,MALE,GAUTENG,INDIAN_ASIAN,34,25-34,3
925816,Michel ,Mosser,Michel 205@mailxyz.com,@Michel 20,MALE,GAUTENG,INDIAN_ASIAN,33,25-34,3
925955,Brendan ,Condie,Brendan 452@gmail.com,@Brendan 45,MALE,GAUTENG,INDIAN_ASIAN,23,18-24,2
926209,Roxane ,Lavoie,Roxane 171@yahoo.com,@Roxane 17,FEMALE,NORTH WEST,INDIAN_ASIAN,24,18-24,2
926319,Wilton ,Mina,Wilton 414@abcmail.com,@Wilton 41,MALE,LIMPOPO,UNKNOWN,28,25-34,3
926512,Jacinto ,Tatham,Jacinto 251@yahoo.com,@Jacinto 25,MALE,LIMPOPO,INDIAN_ASIAN,29,25-34,3
926551,Michel ,Mcclaine,Michel 201@yahoo.com,@Michel 20,MALE,GAUTENG,INDIAN_ASIAN,29,25-34,3
926603,Brendan ,Paradis,Brendan 452@gmail.com,@Brendan 45,MALE,GAUTENG,INDIAN_ASIAN,28,25-34,3
926675,Carter ,Shkreli,Carter 35@mailxyz.com,@Carter 3,MALE,KWAZULU NATAL,INDIAN_ASIAN,27,25-34,3
926697,Filiberto ,Sytsma,Filiberto 44@abcmail.com,@Filiberto 4,MALE,KWAZULU NATAL,INDIAN_ASIAN,29,25-34,3
926860,Jacinto ,Gettys,Jacinto 253@mail.com,@Jacinto 25,MALE,GAUTENG,INDIAN_ASIAN,25,25-34,3
926998,Jacinto ,Mccown,Jacinto 252@gmail.com,@Jacinto 25,MALE,GAUTENG,INDIAN_ASIAN,29,25-34,3
927025,Valentine ,Caves,Valentine 472@gmail.com,@Valentine 47,MALE,GAUTENG,UNKNOWN,26,25-34,3
927116,Cory ,Arrieta,Cory 104@abcmail.com,@Cory 10,MALE,LIMPOPO,INDIAN_ASIAN,31,25-34,3
927119,Michel ,Tatham,Michel 205@mailxyz.com,@Michel 20,MALE,GAUTENG,INDIAN_ASIAN,28,25-34,3
927246,Claud ,Zweifel,Claud 345@mailxyz.com,@Claud 34,MALE,GAUTENG,INDIAN_ASIAN,29,25-34,3
927257,Abel ,Curran,Abel 183@mail.com,@Abel 18,MALE,GAUTENG,INDIAN_ASIAN,27,25-34,3
927311,Randy ,Hier,Randy 392@gmail.com,@Randy 39,MALE,GAUTENG,UNKNOWN,10,<18,1
927467,Bret ,Mccollum,Bret 311@yahoo.com,@Bret 31,MALE,GAUTENG,INDIAN_ASIAN,27,25-34,3
927501,Stefan ,Pascarella,Stefan 462@gmail.com,@Stefan 46,MALE,WESTERN CAPE,OTHER,17,<18,1
927552,Krysta ,Mastrangelo,Krysta 222@gmail.com,@Krysta 22,FEMALE,KWAZULU NATAL,UNKNOWN,46,45-54,5
927629,Jacinto ,Mcclaine,Jacinto 251@yahoo.com,@Jacinto 25,MALE,GAUTENG,INDIAN_ASIAN,25,25-34,3
927910,Yong ,Mina,Yong 481@yahoo.com,@Yong 48,MALE,GAUTENG,INDIAN_ASIAN,35,35-44,4
927986,Jacinto ,Holt,Jacinto 255@mailxyz.com,@Jacinto 25,MALE,KWAZULU NATAL,INDIAN_ASIAN,44,35-44,4
928017,Chas ,Bilyeu,Chas 352@gmail.com,@Chas 35,MALE,GAUTENG,INDIAN_ASIAN,34,25-34,3
928030,Romeo ,Mosser,Romeo 372@gmail.com,@Romeo 37,MALE,GAUTENG,INDIAN_ASIAN,15,<18,1
928133,Hyman ,Marek,Hyman 83@mail.com,@Hyman 8,MALE,NORTH WEST,INDIAN_ASIAN,46,45-54,5
928256,Donald ,Woolard,Donald 224@abcmail.com,@Donald 22,MALE,GAUTENG,COLOURED,20,18-24,2
928260,Hugh,Pascarella,Hugh14@abcmail.com,@Hugh1,MALE,GAUTENG,INDIAN_ASIAN,56,55+,6
928298,Stefan ,Mosser,Stefan 462@gmail.com,@Stefan 46,MALE,KWAZULU NATAL,WHITE,46,45-54,5
928317,Hollis ,Fudge,Hollis 384@abcmail.com,@Hollis 38,MALE,LIMPOPO,INDIAN_ASIAN,28,25-34,3
928343,Raymundo ,Curran,Raymundo 433@mail.com,@Raymundo 43,MALE,KWAZULU NATAL,INDIAN_ASIAN,37,35-44,4
928356,Claud ,Zweifel,Claud 342@gmail.com,@Claud 34,MALE,LIMPOPO,COLOURED,28,25-34,3
928574,Samuel ,Curran,Samuel 264@abcmail.com,@Samuel 26,MALE,GAUTENG,OTHER,24,18-24,2
928673,Wilton ,Singer,Wilton 413@mail.com,@Wilton 41,MALE,WESTERN CAPE,COLOURED,30,25-34,3
928768,Carlota ,Tancredi,Carlota 235@mailxyz.com,@Carlota 23,FEMALE,GAUTENG,UNKNOWN,32,25-34,3
929024,Abel ,Hoadley,Abel 184@abcmail.com,@Abel 18,MALE,GAUTENG,WHITE,68,55+,6
929723,Lane ,Leicht,Lane 112@gmail.com,@Lane 11,MALE,WESTERN CAPE,INDIAN_ASIAN,27,25-34,3
929871,Stephen ,Deblois,Stephen 151@yahoo.com,@Stephen 15,MALE,MPUMALANGA,WHITE,41,35-44,4
930014,Art ,Martello,Art 402@gmail.com,@Art 40,MALE,GAUTENG,INDIAN_ASIAN,33,25-34,3
930015,Emerson ,Luthy,Emerson 242@gmail.com,@Emerson 24,MALE,WESTERN CAPE,INDIAN_ASIAN,19,18-24,2
930047,Romeo ,Sieren,Romeo 371@yahoo.com,@Romeo 37,MALE,GAUTENG,INDIAN_ASIAN,40,35-44,4
930066,Emerson ,Jacox,Emerson 243@mail.com,@Emerson 24,MALE,EASTERN CAPE,INDIAN_ASIAN,32,25-34,3
930067,Efren ,Luthy,Efren 135@mailxyz.com,@Efren 13,MALE,KWAZULU NATAL,INDIAN_ASIAN,32,25-34,3
930093,Hyman ,Sieren,Hyman 85@mailxyz.com,@Hyman 8,MALE,GAUTENG,INDIAN_ASIAN,38,35-44,4
930094,Cody ,Styer,Cody 123@mail.com,@Cody 12,MALE,FREE STATE,OTHER,26,25-34,3
930097,Loyd ,Woolard,Loyd 491@yahoo.com,@Loyd 49,MALE,GAUTENG,INDIAN_ASIAN,26,25-34,3
930104,Len ,Pascarella,Len 442@gmail.com,@Len 44,MALE,LIMPOPO,INDIAN_ASIAN,23,18-24,2
930123,Len ,Restivo,Len 441@yahoo.com,@Len 44,MALE,GAUTENG,INDIAN_ASIAN,31,25-34,3
930160,Luanna ,Hoadley,Luanna 195@mailxyz.com,@Luanna 19,FEMALE,KWAZULU NATAL,INDIAN_ASIAN,28,25-34,3
930171,Loyd ,Beville,Loyd 491@yahoo.com,@Loyd 49,MALE,NORTHERN CAPE,COLOURED,22,18-24,2
930176,Jacinto ,Tatham,Jacinto 253@mail.com,@Jacinto 25,MALE,MPUMALANGA,INDIAN_ASIAN,35,35-44,4
930191,Reagan ,Biggers,Reagan 164@abcmail.com,@Reagan 16,FEMALE,KWAZULU NATAL,INDIAN_ASIAN,22,18-24,2
930206,Hugh,Jacox,Hugh14@abcmail.com,@Hugh1,MALE,MPUMALANGA,INDIAN_ASIAN,28,25-34,3
930241,Garry ,Luthy,Garry 284@abcmail.com,@Garry 28,MALE,WESTERN CAPE,COLOURED,42,35-44,4
930290,Hyman ,Gettys,Hyman 84@abcmail.com,@Hyman 8,MALE,GAUTENG,INDIAN_ASIAN,38,35-44,4
930307,Raymundo ,Vital,Raymundo 435@mailxyz.com,@Raymundo 43,MALE,WESTERN CAPE,INDIAN_ASIAN,36,35-44,4
930312,Markus ,Caves,Markus 191@yahoo.com,@Markus 19,MALE,LIMPOPO,INDIAN_ASIAN,24,18-24,2
930367,Bret ,Tatham,Bret 311@yahoo.com,@Bret 31,MALE,WESTERN CAPE,INDIAN_ASIAN,32,25-34,3
930401,Stacy ,Mccollum,Stacy 271@yahoo.com,@Stacy 27,MALE,MPUMALANGA,INDIAN_ASIAN,36,35-44,4
930433,Wilton ,Jacox,Wilton 413@mail.com,@Wilton 41,MALE,GAUTENG,INDIAN_ASIAN,34,25-34,3
930443,Seema ,Fudge,Seema 374@abcmail.com,@Seema 37,FEMALE,GAUTENG,INDIAN_ASIAN,47,45-54,5
930447,Claud ,Langenfeld,Claud 345@mailxyz.com,@Claud 34,MALE,GAUTENG,INDIAN_ASIAN,38,35-44,4
930462,Claud ,Mina,Claud 343@mail.com,@Claud 34,MALE,WESTERN CAPE,COLOURED,31,25-34,3
930477,Stephen ,Paradis,Stephen 155@mailxyz.com,@Stephen 15,MALE,GAUTENG,INDIAN_ASIAN,34,25-34,3
930540,Cody ,Mina,Cody 122@gmail.com,@Cody 12,MALE,WESTERN CAPE,INDIAN_ASIAN,23,18-24,2
930545,Cory ,Roquemore,Cory 103@mail.com,@Cory 10,MALE,MPUMALANGA,WHITE,48,45-54,5
930568,Brendan ,Caves,Brendan 452@gmail.com,@Brendan 45,MALE,GAUTENG,INDIAN_ASIAN,27,25-34,3
930586,Anette ,Leicht,Anette 281@yahoo.com,@Anette 28,FEMALE,KWAZULU NATAL,WHITE,27,25-34,3
930600,Nakita ,Pool,Nakita 503@mail.com,@Nakita 50,FEMALE,MPUMALANGA,INDIAN_ASIAN,28,25-34,3
930625,Brendan ,Wigfall,Brendan 453@mail.com,@Brendan 45,MALE,GAUTENG,INDIAN_ASIAN,33,25-34,3
930671,Len ,Wigfall,Len 444@abcmail.com,@Len 44,MALE,GAUTENG,INDIAN_ASIAN,44,35-44,4
930672,Loyd ,Paradis,Loyd 493@mail.com,@Loyd 49,MALE,LIMPOPO,INDIAN_ASIAN,48,45-54,5
930713,Randy ,Creager,Randy 392@gmail.com,@Randy 39,MALE,MPUMALANGA,WHITE,21,18-24,2
930730,Emerson ,Paradis,Emerson 243@mail.com,@Emerson 24,MALE,GAUTENG,INDIAN_ASIAN,48,45-54,5
930743,Carter ,Bilyeu,Carter 34@abcmail.com,@Carter 3,MALE,GAUTENG,INDIAN_ASIAN,25,25-34,3
930759,Loyd ,Jacox,Loyd 491@yahoo.com,@Loyd 49,MALE,GAUTENG,INDIAN_ASIAN,24,18-24,2
930775,Chas ,Roquemore,Chas 352@gmail.com,@Chas 35,MALE,KWAZULU NATAL,INDIAN_ASIAN,47,45-54,5
930781,Rebecka ,Shkreli,Rebecka 463@mail.com,@Rebecka 46,FEMALE,LIMPOPO,BLACK,30,25-34,3
930826,Claud ,Caves,Claud 343@mail.com,@Claud 34,MALE,GAUTENG,INDIAN_ASIAN,38,35-44,4
930842,Art ,Vital,Art 404@abcmail.com,@Art 40,MALE,KWAZULU NATAL,INDIAN_ASIAN,18,18-24,2
930844,Rebecka ,Shkreli,Rebecka 155@mailxyz.com,@Rebecka 15,FEMALE,WESTERN CAPE,COLOURED,30,25-34,3
930873,Donald ,Roquemore,Donald 222@gmail.com,@Donald 22,MALE,KWAZULU NATAL,INDIAN_ASIAN,28,25-34,3
930883,Donald ,Leicht,Donald 224@abcmail.com,@Donald 22,MALE,GAUTENG,INDIAN_ASIAN,28,25-34,3
930889,Chas ,Sytsma,Chas 351@yahoo.com,@Chas 35,MALE,LIMPOPO,INDIAN_ASIAN,30,25-34,3
930897,Hyman ,Paradis,Hyman 85@mailxyz.com,@Hyman 8,MALE,MPUMALANGA,WHITE,21,18-24,2
930928,Cory ,Mccollum,Cory 104@abcmail.com,@Cory 10,MALE,GAUTENG,INDIAN_ASIAN,24,18-24,2
930935,Hyman ,Crotty,Hyman 84@abcmail.com,@Hyman 8,MALE,GAUTENG,UNKNOWN,23,18-24,2
930950,Filiberto ,Vital,Filiberto 44@abcmail.com,@Filiberto 4,MALE,WESTERN CAPE,COLOURED,32,25-34,3
930955,Markus ,Marek,Markus 191@yahoo.com,@Markus 19,MALE,GAUTENG,BLACK,36,35-44,4
930990,Kip ,Gettys,Kip 145@mailxyz.com,@Kip 14,MALE,LIMPOPO,INDIAN_ASIAN,22,18-24,2
931017,Romeo ,Langenfeld,Romeo 374@abcmail.com,@Romeo 37,MALE,GAUTENG,INDIAN_ASIAN,25,25-34,3
931072,Filiberto ,Caves,Filiberto 44@abcmail.com,@Filiberto 4,MALE,KWAZULU NATAL,INDIAN_ASIAN,29,25-34,3
931139,Len ,Sieren,Len 445@mailxyz.com,@Len 44,MALE,GAUTENG,COLOURED,25,25-34,3
931189,Dion ,Curran,Dion 334@abcmail.com,@Dion 33,MALE,GAUTENG,INDIAN_ASIAN,22,18-24,2
931202,Samuel ,Roquemore,Samuel 264@abcmail.com,@Samuel 26,MALE,KWAZULU NATAL,INDIAN_ASIAN,24,18-24,2
931222,Garry ,Marek,Garry 283@mail.com,@Garry 28,MALE,LIMPOPO,INDIAN_ASIAN,26,25-34,3
931228,Charlie ,Hier,Charlie 361@yahoo.com,@Charlie 36,MALE,GAUTENG,WHITE,37,35-44,4
931253,Eli ,Lavoie,Eli 295@mailxyz.com,@Eli 29,MALE,WESTERN CAPE,COLOURED,26,25-34,3
931297,Jacinto ,Pool,Jacinto 251@yahoo.com,@Jacinto 25,MALE,LIMPOPO,INDIAN_ASIAN,27,25-34,3
931322,Kyle ,Nicholls,Kyle 63@mail.com,@Kyle 6,MALE,LIMPOPO,INDIAN_ASIAN,30,25-34,3
931360,Lesli ,Martello,Lesli 382@gmail.com,@Lesli 38,FEMALE,GAUTENG,UNKNOWN,33,25-34,3
931362,Michel ,Langenfeld,Michel 202@gmail.com,@Michel 20,MALE,LIMPOPO,INDIAN_ASIAN,29,25-34,3
931426,Markus ,Fudge,Markus 191@yahoo.com,@Markus 19,MALE,GAUTENG,INDIAN_ASIAN,32,25-34,3
931433,Haywood ,Pascarella,Haywood 91@yahoo.com,@Haywood 9,MALE,WESTERN CAPE,INDIAN_ASIAN,36,35-44,4
931444,Jacinto ,Nicholls,Jacinto 252@gmail.com,@Jacinto 25,MALE,LIMPOPO,INDIAN_ASIAN,31,25-34,3
931460,Stefan ,Mcculloch,Stefan 462@gmail.com,@Stefan 46,MALE,KWAZULU NATAL,INDIAN_ASIAN,34,25-34,3
931483,Randy ,Arrieta,Randy 391@yahoo.com,@Randy 39,MALE,LIMPOPO,INDIAN_ASIAN,34,25-34,3
931546,Loyd ,Shkreli,Loyd 492@gmail.com,@Loyd 49,MALE,NORTH WEST,INDIAN_ASIAN,26,25-34,3
931557,Romeo ,Roquemore,Romeo 372@gmail.com,@Romeo 37,MALE,GAUTENG,BLACK,27,25-34,3
931586,Abel ,Mcculloch,Abel 185@mailxyz.com,@Abel 18,MALE,GAUTENG,INDIAN_ASIAN,33,25-34,3
931632,Lucas ,Arrieta,Lucas 232@gmail.com,@Lucas 23,MALE,GAUTENG,INDIAN_ASIAN,32,25-34,3
931689,Valentine ,Curran,Valentine 473@mail.com,@Valentine 47,MALE,WESTERN CAPE,WHITE,29,25-34,3
931709,Efren ,Langenfeld,Efren 132@gmail.com,@Efren 13,MALE,GAUTENG,WHITE,25,25-34,3
931724,Cody ,Biggers,Cody 123@mail.com,@Cody 12,MALE,LIMPOPO,INDIAN_ASIAN,26,25-34,3
931733,Stefan ,Vital,Stefan 465@mailxyz.com,@Stefan 46,MALE,MPUMALANGA,INDIAN_ASIAN,28,25-34,3
932000,Donald ,Tatham,Donald 221@yahoo.com,@Donald 22,MALE,WESTERN CAPE,COLOURED,46,45-54,5
932007,Loyd ,Martello,Loyd 493@mail.com,@Loyd 49,MALE,FREE STATE,WHITE,43,35-44,4
939566,Bret ,Holt,Bret 314@abcmail.com,@Bret 31,MALE,MPUMALANGA,UNKNOWN,29,25-34,3
939570,Emerson ,Marek,Emerson 244@abcmail.com,@Emerson 24,MALE,GAUTENG,UNKNOWN,22,18-24,2
939575,Samuel ,Sieren,Samuel 261@yahoo.com,@Samuel 26,MALE,GAUTENG,BLACK,25,25-34,3
939592,Brendan ,Mccown,Brendan 455@mailxyz.com,@Brendan 45,MALE,WESTERN CAPE,COLOURED,34,25-34,3
939600,Wilton ,Mccown,Wilton 414@abcmail.com,@Wilton 41,MALE,GAUTENG,BLACK,31,25-34,3
939602,Lane ,Mastrangelo,Lane 112@gmail.com,@Lane 11,MALE,EASTERN CAPE,COLOURED,18,18-24,2
939603,Royal ,Borelli,Royal 175@mailxyz.com,@Royal 17,MALE,LIMPOPO,INDIAN_ASIAN,30,25-34,3
939606,Cory ,Gettys,Cory 105@mailxyz.com,@Cory 10,MALE,WESTERN CAPE,COLOURED,38,35-44,4
939607,Wilburn ,Caves,Wilburn 303@mail.com,@Wilburn 30,MALE,LIMPOPO,INDIAN_ASIAN,29,25-34,3
939619,Carter ,Curran,Carter 32@gmail.com,@Carter 3,MALE,WESTERN CAPE,COLOURED,50,45-54,5
939622,Markus ,Pool,Markus 192@gmail.com,@Markus 19,MALE,MPUMALANGA,WHITE,38,35-44,4
939624,Charlie ,Woolard,Charlie 363@mail.com,@Charlie 36,MALE,GAUTENG,BLACK,19,18-24,2
939659,Art ,Mccollum,Art 404@abcmail.com,@Art 40,MALE,LIMPOPO,BLACK,21,18-24,2
939662,Samuel ,Paradis,Samuel 265@mailxyz.com,@Samuel 26,MALE,MPUMALANGA,BLACK,23,18-24,2
939668,Abel ,Restivo,Abel 181@yahoo.com,@Abel 18,MALE,MPUMALANGA,BLACK,21,18-24,2
939673,Royal ,Borelli,Royal 172@gmail.com,@Royal 17,MALE,WESTERN CAPE,BLACK,29,25-34,3
939679,Lucas ,Lavoie,Lucas 232@gmail.com,@Lucas 23,MALE,WESTERN CAPE,COLOURED,41,35-44,4
939680,Art ,Restivo,Art 402@gmail.com,@Art 40,MALE,GAUTENG,WHITE,19,18-24,2
939694,Cody ,Deblois,Cody 124@abcmail.com,@Cody 12,MALE,GAUTENG,INDIAN_ASIAN,30,25-34,3
939695,Nubia ,Sytsma,Nubia 192@gmail.com,@Nubia 19,FEMALE,GAUTENG,BLACK,31,25-34,3
939699,Samuel ,Sieren,Samuel 264@abcmail.com,@Samuel 26,MALE,WESTERN CAPE,UNKNOWN,36,35-44,4
939702,Cody ,Sytsma,Cody 124@abcmail.com,@Cody 12,MALE,WESTERN CAPE,UNKNOWN,37,35-44,4
939712,Bernardo ,Borelli,Bernardo 322@gmail.com,@Bernardo 32,MALE,WESTERN CAPE,BLACK,42,35-44,4
939713,Carter ,Pool,Carter 34@abcmail.com,@Carter 3,MALE,FREE STATE,COLOURED,26,25-34,3
939717,Donald ,Mina,Donald 221@yahoo.com,@Donald 22,MALE,GAUTENG,INDIAN_ASIAN,27,25-34,3
939719,Eli ,Mccollum,Eli 294@abcmail.com,@Eli 29,MALE,KWAZULU NATAL,WHITE,28,25-34,3
939723,Efren ,Pascarella,Efren 135@mailxyz.com,@Efren 13,MALE,GAUTENG,BLACK,31,25-34,3
939729,Stacy ,Fudge,Stacy 274@abcmail.com,@Stacy 27,MALE,EASTERN CAPE,COLOURED,34,25-34,3
939732,Romeo ,Mastrangelo,Romeo 375@mailxyz.com,@Romeo 37,MALE,GAUTENG,BLACK,33,25-34,3
939753,Michel ,Lavoie,Michel 201@yahoo.com,@Michel 20,MALE,WESTERN CAPE,COLOURED,43,35-44,4
939765,Kip ,Mosser,Kip 141@yahoo.com,@Kip 14,MALE,GAUTENG,BLACK,39,35-44,4
939766,Claud ,Paradis,Claud 345@mailxyz.com,@Claud 34,MALE,GAUTENG,BLACK,22,18-24,2
939769,Dion ,Curran,Dion 335@mailxyz.com,@Dion 33,MALE,WESTERN CAPE,BLACK,27,25-34,3
939774,Filiberto ,Curran,Filiberto 41@yahoo.com,@Filiberto 4,MALE,GAUTENG,INDIAN_ASIAN,13,<18,1
939781,Len ,Gettys,Len 441@yahoo.com,@Len 44,MALE,WESTERN CAPE,COLOURED,28,25-34,3
939786,Lillian ,Borelli,Lillian 35@mailxyz.com,@Lillian 3,FEMALE,EASTERN CAPE,BLACK,24,18-24,2
939792,Shane ,Singer,Shane 24@abcmail.com,@Shane 2,MALE,EASTERN CAPE,INDIAN_ASIAN,23,18-24,2
939802,Romeo ,Vital,Romeo 371@yahoo.com,@Romeo 37,MALE,KWAZULU NATAL,INDIAN_ASIAN,23,18-24,2
939807,Hugh,Caves,Hugh11@yahoo.com,@Hugh1,MALE,WESTERN CAPE,COLOURED,28,25-34,3
939819,Kip ,Pascarella,Kip 145@mailxyz.com,@Kip 14,MALE,KWAZULU NATAL,INDIAN_ASIAN,27,25-34,3
939833,Hugh,Bilyeu,Hugh12@gmail.com,@Hugh1,MALE,GAUTENG,INDIAN_ASIAN,36,35-44,4
939846,Hollis ,Mina,Hollis 381@yahoo.com,@Hollis 38,MALE,KWAZULU NATAL,BLACK,17,<18,1
939866,Luann ,Mina,Luann 71@yahoo.com,@Luann 7,FEMALE,GAUTENG,COLOURED,28,25-34,3
939867,Michel ,Hier,Michel 203@mail.com,@Michel 20,MALE,MPUMALANGA,BLACK,50,45-54,5
939878,Abel ,Reisinger,Abel 182@gmail.com,@Abel 18,MALE,GAUTENG,BLACK,22,18-24,2
939912,Art ,Biggers,Art 404@abcmail.com,@Art 40,MALE,WESTERN CAPE,BLACK,49,45-54,5
939922,Art ,Woolard,Art 401@yahoo.com,@Art 40,MALE,EASTERN CAPE,INDIAN_ASIAN,34,25-34,3
939925,Bernardo ,Nicholls,Bernardo 321@yahoo.com,@Bernardo 32,MALE,GAUTENG,INDIAN_ASIAN,26,25-34,3
939928,Valentine ,Mosser,Valentine 474@abcmail.com,@Valentine 47,MALE,GAUTENG,OTHER,45,45-54,5
939941,Lucas ,Pascarella,Lucas 235@mailxyz.com,@Lucas 23,MALE,LIMPOPO,BLACK,26,25-34,3
939975,Brendan ,Jacox,Brendan 453@mail.com,@Brendan 45,MALE,GAUTENG,BLACK,41,35-44,4
939977,Kyle ,Paradis,Kyle 63@mail.com,@Kyle 6,MALE,MPUMALANGA,BLACK,24,18-24,2
939980,Bret ,Holt,Bret 314@abcmail.com,@Bret 31,MALE,GAUTENG,WHITE,31,25-34,3
939982,Wilton ,Mcculloch,Wilton 411@yahoo.com,@Wilton 41,MALE,KWAZULU NATAL,BLACK,46,45-54,5
939992,Robby ,Lavoie,Robby 165@mailxyz.com,@Robby 16,MALE,GAUTENG,INDIAN_ASIAN,44,35-44,4
940010,Kip ,Caves,Kip 141@yahoo.com,@Kip 14,MALE,GAUTENG,BLACK,27,25-34,3
940027,Irving ,Restivo,Irving 51@yahoo.com,@Irving 5,MALE,LIMPOPO,UNKNOWN,111,55+,6
940030,Markus ,Zweifel,Markus 193@mail.com,@Markus 19,MALE,GAUTENG,BLACK,25,25-34,3
940031,Filiberto ,Borelli,Filiberto 45@mailxyz.com,@Filiberto 4,MALE,EASTERN CAPE,BLACK,42,35-44,4
940064,Dee ,Restivo,Dee 214@abcmail.com,@Dee 21,MALE,WESTERN CAPE,COLOURED,45,45-54,5
940076,Cody ,Nicholls,Cody 125@mailxyz.com,@Cody 12,MALE,EASTERN CAPE,BLACK,51,45-54,5
940093,Kip ,Lavoie,Kip 145@mailxyz.com,@Kip 14,MALE,WESTERN CAPE,COLOURED,45,45-54,5
940108,Donald ,Mastrangelo,Donald 221@yahoo.com,@Donald 22,MALE,MPUMALANGA,BLACK,22,18-24,2
940130,Claud ,Curran,Claud 345@mailxyz.com,@Claud 34,MALE,KWAZULU NATAL,BLACK,39,35-44,4
940149,Lloyd ,Lavoie,Lloyd 73@mail.com,@Lloyd 7,MALE,GAUTENG,BLACK,32,25-34,3
940154,Stacy ,Beville,Stacy 274@abcmail.com,@Stacy 27,MALE,GAUTENG,INDIAN_ASIAN,35,35-44,4
940163,Robby ,Holt,Robby 163@mail.com,@Robby 16,MALE,FREE STATE,BLACK,18,18-24,2
940169,Kyle ,Tancredi,Kyle 64@abcmail.com,@Kyle 6,MALE,GAUTENG,BLACK,45,45-54,5
940170,Markus ,Beville,Markus 195@mailxyz.com,@Markus 19,MALE,KWAZULU NATAL,BLACK,31,25-34,3
940176,Loyd ,Roquemore,Loyd 492@gmail.com,@Loyd 49,MALE,EASTERN CAPE,BLACK,31,25-34,3
940177,Stephen ,Tancredi,Stephen 154@abcmail.com,@Stephen 15,MALE,GAUTENG,INDIAN_ASIAN,39,35-44,4
940183,Cory ,Langenfeld,Cory 103@mail.com,@Cory 10,MALE,LIMPOPO,WHITE,40,35-44,4
940195,Robby ,Woolard,Robby 164@abcmail.com,@Robby 16,MALE,MPUMALANGA,BLACK,20,18-24,2
940201,Art ,Hoadley,Art 402@gmail.com,@Art 40,MALE,GAUTENG,BLACK,34,25-34,3
940208,Filiberto ,Pilot,Filiberto 45@mailxyz.com,@Filiberto 4,MALE,LIMPOPO,BLACK,24,18-24,2
940210,Reagan ,Biggers,Reagan 322@gmail.com,@Reagan 32,FEMALE,MPUMALANGA,BLACK,23,18-24,2
940212,Michel ,Shkreli,Michel 202@gmail.com,@Michel 20,MALE,GAUTENG,INDIAN_ASIAN,22,18-24,2
940243,Loyd ,Singer,Loyd 493@mail.com,@Loyd 49,MALE,GAUTENG,BLACK,43,35-44,4
940244,Stefan ,Hoadley,Stefan 464@abcmail.com,@Stefan 46,MALE,KWAZULU NATAL,BLACK,26,25-34,3
940250,Zetta ,Gettys,Zetta 275@mailxyz.com,@Zetta 27,FEMALE,EASTERN CAPE,INDIAN_ASIAN,46,45-54,5
940266,Trudie ,Restivo,Trudie 262@gmail.com,@Trudie 26,FEMALE,KWAZULU NATAL,BLACK,15,<18,1
940268,Efren ,Mcclaine,Efren 131@yahoo.com,@Efren 13,MALE,GAUTENG,BLACK,33,25-34,3
940271,Yong ,Sieren,Yong 483@mail.com,@Yong 48,MALE,WESTERN CAPE,COLOURED,48,45-54,5
940281,Shane ,Leicht,Shane 23@mail.com,@Shane 2,MALE,GAUTENG,WHITE,35,35-44,4
940286,Bret ,Creager,Bret 315@mailxyz.com,@Bret 31,MALE,GAUTENG,INDIAN_ASIAN,27,25-34,3
940290,Emerson ,Leicht,Emerson 244@abcmail.com,@Emerson 24,MALE,GAUTENG,UNKNOWN,67,55+,6
940303,Irving ,Creager,Irving 52@gmail.com,@Irving 5,MALE,WESTERN CAPE,UNKNOWN,32,25-34,3
940308,Hyman ,Hoadley,Hyman 85@mailxyz.com,@Hyman 8,MALE,GAUTENG,UNKNOWN,32,25-34,3
940320,Charlie ,Lavoie,Charlie 361@yahoo.com,@Charlie 36,MALE,LIMPOPO,UNKNOWN,23,18-24,2
940329,Zetta ,Gettys,Zetta 123@mail.com,@Zetta 12,FEMALE,GAUTENG,WHITE,34,25-34,3
940343,Haywood ,Bilyeu,Haywood 91@yahoo.com,@Haywood 9,MALE,MPUMALANGA,BLACK,39,35-44,4
940353,Brendan ,Mccown,Brendan 453@mail.com,@Brendan 45,MALE,GAUTENG,INDIAN_ASIAN,29,25-34,3
940374,Stefan ,Paradis,Stefan 465@mailxyz.com,@Stefan 46,MALE,WESTERN CAPE,COLOURED,37,35-44,4
940384,Hyman ,Mccown,Hyman 82@gmail.com,@Hyman 8,MALE,GAUTENG,BLACK,20,18-24,2
940392,Krysta ,Mastrangelo,Krysta 285@mailxyz.com,@Krysta 28,FEMALE,GAUTENG,BLACK,29,25-34,3
940422,Stefan ,Mccown,Stefan 461@yahoo.com,@Stefan 46,MALE,NORTH WEST,BLACK,38,35-44,4
940427,Efren ,Hier,Efren 133@mail.com,@Efren 13,MALE,GAUTENG,INDIAN_ASIAN,24,18-24,2
940434,Carter ,Borelli,Carter 31@yahoo.com,@Carter 3,MALE,WESTERN CAPE,COLOURED,21,18-24,2
940436,Lane ,Mccown,Lane 111@yahoo.com,@Lane 11,MALE,FREE STATE,INDIAN_ASIAN,29,25-34,3
940446,Filiberto ,Jacox,Filiberto 44@abcmail.com,@Filiberto 4,MALE,GAUTENG,UNKNOWN,24,18-24,2
940454,Efren ,Holt,Efren 131@yahoo.com,@Efren 13,MALE,GAUTENG,INDIAN_ASIAN,22,18-24,2
940466,Stacy ,Arrieta,Stacy 275@mailxyz.com,@Stacy 27,MALE,LIMPOPO,WHITE,26,25-34,3
940469,Dee ,Mccollum,Dee 215@mailxyz.com,@Dee 21,MALE,GAUTENG,UNKNOWN,42,35-44,4
940476,Brendan ,Mccollum,Brendan 454@abcmail.com,@Brendan 45,MALE,MPUMALANGA,BLACK,40,35-44,4
940485,Randy ,Martello,Randy 393@mail.com,@Randy 39,MALE,KWAZULU NATAL,INDIAN_ASIAN,27,25-34,3
940509,Bernardo ,Shkreli,Bernardo 321@yahoo.com,@Bernardo 32,MALE,WESTERN CAPE,OTHER,26,25-34,3
940516,Hollis ,Holt,Hollis 385@mailxyz.com,@Hollis 38,MALE,KWAZULU NATAL,COLOURED,42,35-44,4
940522,Stephen ,Tancredi,Stephen 155@mailxyz.com,@Stephen 15,MALE,GAUTENG,BLACK,29,25-34,3
940545,Shandra ,Mccollum,Shandra 84@abcmail.com,@Shandra 8,FEMALE,GAUTENG,BLACK,33,25-34,3
940555,Shane ,Styer,Shane 21@yahoo.com,@Shane 2,MALE,LIMPOPO,INDIAN_ASIAN,25,25-34,3
940585,Emerson ,Shkreli,Emerson 245@mailxyz.com,@Emerson 24,MALE,FREE STATE,BLACK,24,18-24,2
940586,Bret ,Mastrangelo,Bret 314@abcmail.com,@Bret 31,MALE,GAUTENG,BLACK,34,25-34,3
940590,Dee ,Mccollum,Dee 211@yahoo.com,@Dee 21,MALE,WESTERN CAPE,COLOURED,27,25-34,3
940595,Royal ,Bilyeu,Royal 172@gmail.com,@Royal 17,MALE,LIMPOPO,BLACK,31,25-34,3
940602,Yong ,Bilyeu,Yong 485@mailxyz.com,@Yong 48,MALE,GAUTENG,INDIAN_ASIAN,32,25-34,3
940611,Lane ,Curran,Lane 111@yahoo.com,@Lane 11,MALE,GAUTENG,BLACK,29,25-34,3
940614,Len ,Paradis,Len 444@abcmail.com,@Len 44,MALE,GAUTENG,INDIAN_ASIAN,32,25-34,3
940616,Stephen ,Sieren,Stephen 155@mailxyz.com,@Stephen 15,MALE,WESTERN CAPE,COLOURED,39,35-44,4
940621,Garry ,Sytsma,Garry 283@mail.com,@Garry 28,MALE,WESTERN CAPE,INDIAN_ASIAN,27,25-34,3
940626,Wilton ,Hier,Wilton 411@yahoo.com,@Wilton 41,MALE,GAUTENG,WHITE,10,<18,1
940631,Krysta ,Mastrangelo,Krysta 85@mailxyz.com,@Krysta 8,FEMALE,KWAZULU NATAL,BLACK,27,25-34,3
940635,Randy ,Hoadley,Randy 394@abcmail.com,@Randy 39,MALE,KWAZULU NATAL,BLACK,49,45-54,5
940640,Lloyd ,Langenfeld,Lloyd 75@mailxyz.com,@Lloyd 7,MALE,GAUTENG,INDIAN_ASIAN,30,25-34,3
940643,Dee ,Hoadley,Dee 211@yahoo.com,@Dee 21,MALE,GAUTENG,COLOURED,28,25-34,3
940648,Charlie ,Vital,Charlie 361@yahoo.com,@Charlie 36,MALE,GAUTENG,BLACK,26,25-34,3
940664,Alecia ,Roquemore,Alecia 343@mail.com,@Alecia 34,FEMALE,NORTHERN CAPE,BLACK,36,35-44,4
940668,Shane ,Woolard,Shane 23@mail.com,@Shane 2,MALE,GAUTENG,BLACK,30,25-34,3
940671,Earl ,Deblois,Earl 425@mailxyz.com,@Earl 42,MALE,KWAZULU NATAL,WHITE,34,25-34,3
940707,Lloyd ,Mastrangelo,Lloyd 74@abcmail.com,@Lloyd 7,MALE,EASTERN CAPE,INDIAN_ASIAN,26,25-34,3
940714,Eli ,Mastrangelo,Eli 294@abcmail.com,@Eli 29,MALE,KWAZULU NATAL,BLACK,40,35-44,4
940736,Efren ,Arrieta,Efren 134@abcmail.com,@Efren 13,MALE,GAUTENG,INDIAN_ASIAN,27,25-34,3
940738,Dee ,Nicholls,Dee 213@mail.com,@Dee 21,MALE,GAUTENG,INDIAN_ASIAN,33,25-34,3
940746,Lloyd ,Woolard,Lloyd 75@mailxyz.com,@Lloyd 7,MALE,GAUTENG,INDIAN_ASIAN,38,35-44,4
940749,Jared ,Beville,Jared 505@mailxyz.com,@Jared 50,MALE,WESTERN CAPE,COLOURED,30,25-34,3
940755,Luann ,Mina,Luann 234@abcmail.com,@Luann 23,FEMALE,GAUTENG,COLOURED,26,25-34,3
940756,Cory ,Hoadley,Cory 101@yahoo.com,@Cory 10,MALE,KWAZULU NATAL,BLACK,42,35-44,4
940769,Claud ,Tancredi,Claud 344@abcmail.com,@Claud 34,MALE,EASTERN CAPE,BLACK,25,25-34,3
940775,Stephen ,Sytsma,Stephen 152@gmail.com,@Stephen 15,MALE,EASTERN CAPE,COLOURED,32,25-34,3
940779,Dee ,Singer,Dee 211@yahoo.com,@Dee 21,MALE,KWAZULU NATAL,INDIAN_ASIAN,33,25-34,3
940794,Loyd ,Tancredi,Loyd 495@mailxyz.com,@Loyd 49,MALE,MPUMALANGA,WHITE,33,25-34,3
940797,Kyle ,Pilot,Kyle 63@mail.com,@Kyle 6,MALE,EASTERN CAPE,COLOURED,44,35-44,4
940801,Dion ,Slane,Dion 335@mailxyz.com,@Dion 33,MALE,WESTERN CAPE,BLACK,30,25-34,3
940811,Robby ,Holt,Robby 162@gmail.com,@Robby 16,MALE,KWAZULU NATAL,COLOURED,47,45-54,5
940827,Earline ,Zweifel,Earline 281@yahoo.com,@Earline 28,FEMALE,GAUTENG,BLACK,27,25-34,3
940881,Garry ,Hier,Garry 283@mail.com,@Garry 28,MALE,LIMPOPO,INDIAN_ASIAN,31,25-34,3
940888,Dion ,Shkreli,Dion 332@gmail.com,@Dion 33,MALE,GAUTENG,UNKNOWN,29,25-34,3
940889,Dia ,Arrieta,Dia 82@gmail.com,@Dia 8,FEMALE,WESTERN CAPE,COLOURED,35,35-44,4
940895,Rebekah ,Paradis,Rebekah 91@yahoo.com,@Rebekah 9,FEMALE,GAUTENG,UNKNOWN,34,25-34,3
940902,Hugh,Martello,Hugh15@mailxyz.com,@Hugh1,MALE,WESTERN CAPE,BLACK,44,35-44,4
940937,Cody ,Mccown,Cody 125@mailxyz.com,@Cody 12,MALE,WESTERN CAPE,WHITE,30,25-34,3
940948,Abel ,Creager,Abel 181@yahoo.com,@Abel 18,MALE,MPUMALANGA,BLACK,27,25-34,3
940967,Carter ,Creager,Carter 32@gmail.com,@Carter 3,MALE,GAUTENG,INDIAN_ASIAN,31,25-34,3
940971,Wilburn ,Condie,Wilburn 304@abcmail.com,@Wilburn 30,MALE,FREE STATE,COLOURED,39,35-44,4
940974,Hollis ,Tatham,Hollis 381@yahoo.com,@Hollis 38,MALE,WESTERN CAPE,BLACK,41,35-44,4
940976,Loris ,Hier,Loris 164@abcmail.com,@Loris 16,FEMALE,KWAZULU NATAL,BLACK,32,25-34,3
940991,Filiberto ,Restivo,Filiberto 45@mailxyz.com,@Filiberto 4,MALE,WESTERN CAPE,COLOURED,25,25-34,3
940992,Donald ,Mina,Donald 225@mailxyz.com,@Donald 22,MALE,WESTERN CAPE,COLOURED,22,18-24,2
941003,Randy ,Vital,Randy 393@mail.com,@Randy 39,MALE,GAUTENG,BLACK,24,18-24,2
941006,Rebecka ,Shkreli,Rebecka 243@mail.com,@Rebecka 24,FEMALE,KWAZULU NATAL,INDIAN_ASIAN,29,25-34,3
941007,Kip ,Mastrangelo,Kip 145@mailxyz.com,@Kip 14,MALE,GAUTENG,BLACK,29,25-34,3
941012,Dee ,Mcclaine,Dee 213@mail.com,@Dee 21,MALE,GAUTENG,INDIAN_ASIAN,25,25-34,3
941028,Carter ,Sytsma,Carter 32@gmail.com,@Carter 3,MALE,GAUTENG,BLACK,30,25-34,3
941041,Stacy ,Condie,Stacy 271@yahoo.com,@Stacy 27,MALE,EASTERN CAPE,INDIAN_ASIAN,38,35-44,4
941046,Chas ,Gettys,Chas 354@abcmail.com,@Chas 35,MALE,LIMPOPO,BLACK,18,18-24,2
941048,Irving ,Mina,Irving 53@mail.com,@Irving 5,MALE,GAUTENG,WHITE,45,45-54,5
941061,Randy ,Marek,Randy 395@mailxyz.com,@Randy 39,MALE,NORTH WEST,UNKNOWN,45,45-54,5
941092,Haywood ,Reisinger,Haywood 91@yahoo.com,@Haywood 9,MALE,KWAZULU NATAL,OTHER,25,25-34,3
941095,Brendan ,Mcclaine,Brendan 453@mail.com,@Brendan 45,MALE,GAUTENG,INDIAN_ASIAN,26,25-34,3
941108,Malika ,Sieren,Malika 413@mail.com,@Malika 41,FEMALE,GAUTENG,UNKNOWN,26,25-34,3
941112,Romeo ,Woolard,Romeo 373@mail.com,@Romeo 37,MALE,MPUMALANGA,BLACK,38,35-44,4
941116,Lloyd ,Condie,Lloyd 72@gmail.com,@Lloyd 7,MALE,MPUMALANGA,INDIAN_ASIAN,31,25-34,3
941137,Yong ,Tatham,Yong 484@abcmail.com,@Yong 48,MALE,GAUTENG,BLACK,27,25-34,3
941143,Art ,Woolard,Art 402@gmail.com,@Art 40,MALE,WESTERN CAPE,COLOURED,24,18-24,2
941168,Gretta ,Mosser,Gretta 274@abcmail.com,@Gretta 27,FEMALE,FREE STATE,UNKNOWN,28,25-34,3
941181,Kyle ,Restivo,Kyle 63@mail.com,@Kyle 6,MALE,GAUTENG,BLACK,22,18-24,2
941186,Stephen ,Mcclaine,Stephen 154@abcmail.com,@Stephen 15,MALE,GAUTENG,INDIAN_ASIAN,36,35-44,4
941208,Dia ,Arrieta,Dia 495@mailxyz.com,@Dia 49,FEMALE,NORTHERN CAPE,BLACK,29,25-34,3
941214,Bernardo ,Mosser,Bernardo 324@abcmail.com,@Bernardo 32,MALE,NORTH WEST,WHITE,53,45-54,5
941220,Valentine ,Deblois,Valentine 475@mailxyz.com,@Valentine 47,MALE,MPUMALANGA,BLACK,37,35-44,4
941227,Lane ,Singer,Lane 112@gmail.com,@Lane 11,MALE,KWAZULU NATAL,BLACK,39,35-44,4
941242,Randy ,Singer,Randy 394@abcmail.com,@Randy 39,MALE,GAUTENG,INDIAN_ASIAN,32,25-34,3
941243,Shane ,Reisinger,Shane 22@gmail.com,@Shane 2,MALE,WESTERN CAPE,COLOURED,55,55+,6
941245,Stephen ,Gettys,Stephen 151@yahoo.com,@Stephen 15,MALE,NORTH WEST,INDIAN_ASIAN,40,35-44,4
941250,Art ,Biggers,Art 401@yahoo.com,@Art 40,MALE,MPUMALANGA,BLACK,32,25-34,3
941253,Claud ,Pascarella,Claud 345@mailxyz.com,@Claud 34,MALE,GAUTENG,UNKNOWN,15,<18,1
941255,Emilie ,Deblois,Emilie 261@yahoo.com,@Emilie 26,FEMALE,MPUMALANGA,BLACK,22,18-24,2
941267,Stephen ,Pilot,Stephen 154@abcmail.com,@Stephen 15,MALE,WESTERN CAPE,BLACK,26,25-34,3
941270,Stacy ,Curran,Stacy 275@mailxyz.com,@Stacy 27,MALE,MPUMALANGA,BLACK,25,25-34,3
941272,Michel ,Fudge,Michel 204@abcmail.com,@Michel 20,MALE,GAUTENG,UNKNOWN,9,<18,1
941274,Carlota ,Tancredi,Carlota 201@yahoo.com,@Carlota 20,FEMALE,KWAZULU NATAL,BLACK,32,25-34,3
941296,Earline ,Zweifel,Earline 221@yahoo.com,@Earline 22,FEMALE,NORTHERN CAPE,COLOURED,56,55+,6
941303,Jared ,Mccown,Jared 503@mail.com,@Jared 50,MALE,EASTERN CAPE,BLACK,36,35-44,4
941312,Romeo ,Roquemore,Romeo 374@abcmail.com,@Romeo 37,MALE,GAUTENG,BLACK,47,45-54,5
941314,Katharina ,Condie,Katharina 252@gmail.com,@Katharina 25,FEMALE,LIMPOPO,BLACK,26,25-34,3
941332,Bernardo ,Pool,Bernardo 321@yahoo.com,@Bernardo 32,MALE,GAUTENG,WHITE,58,55+,6
941348,Teresia ,Beville,Teresia 274@abcmail.com,@Teresia 27,FEMALE,GAUTENG,BLACK,34,25-34,3
941362,Michel ,Woolard,Michel 205@mailxyz.com,@Michel 20,MALE,WESTERN CAPE,UNKNOWN,21,18-24,2
941372,Royal ,Langenfeld,Royal 174@abcmail.com,@Royal 17,MALE,GAUTENG,INDIAN_ASIAN,51,45-54,5
941379,Robby ,Bilyeu,Robby 163@mail.com,@Robby 16,MALE,GAUTENG,INDIAN_ASIAN,57,55+,6
941380,Stacy ,Creager,Stacy 272@gmail.com,@Stacy 27,MALE,GAUTENG,WHITE,45,45-54,5
941390,Raymundo ,Fudge,Raymundo 435@mailxyz.com,@Raymundo 43,MALE,NORTHERN CAPE,BLACK,34,25-34,3
941402,Haywood ,Martello,Haywood 92@gmail.com,@Haywood 9,MALE,EASTERN CAPE,WHITE,58,55+,6
941407,Haywood ,Condie,Haywood 91@yahoo.com,@Haywood 9,MALE,GAUTENG,BLACK,42,35-44,4
941416,Stephen ,Biggers,Stephen 153@mail.com,@Stephen 15,MALE,NORTHERN CAPE,WHITE,66,55+,6
941421,Shane ,Luthy,Shane 21@yahoo.com,@Shane 2,MALE,WESTERN CAPE,COLOURED,38,35-44,4
941427,Shane ,Paradis,Shane 24@abcmail.com,@Shane 2,MALE,GAUTENG,BLACK,44,35-44,4
941428,Cory ,Mosser,Cory 103@mail.com,@Cory 10,MALE,WESTERN CAPE,COLOURED,35,35-44,4
941440,Kip ,Pilot,Kip 145@mailxyz.com,@Kip 14,MALE,GAUTENG,INDIAN_ASIAN,41,35-44,4
941452,Teresia ,Beville,Teresia 71@yahoo.com,@Teresia 7,FEMALE,GAUTENG,BLACK,27,25-34,3
941456,Len ,Caves,Len 443@mail.com,@Len 44,MALE,EASTERN CAPE,COLOURED,20,18-24,2
941484,Kip ,Zweifel,Kip 143@mail.com,@Kip 14,MALE,NORTH WEST,BLACK,41,35-44,4
941488,Samuel ,Deblois,Samuel 262@gmail.com,@Samuel 26,MALE,GAUTENG,INDIAN_ASIAN,39,35-44,4
941493,Reagan ,Biggers,Reagan 371@yahoo.com,@Reagan 37,FEMALE,WESTERN CAPE,COLOURED,50,45-54,5
941502,Cory ,Mastrangelo,Cory 104@abcmail.com,@Cory 10,MALE,MPUMALANGA,UNKNOWN,57,55+,6
941508,Samuel ,Zweifel,Samuel 264@abcmail.com,@Samuel 26,MALE,GAUTENG,INDIAN_ASIAN,45,45-54,5
941513,Markus ,Martello,Markus 191@yahoo.com,@Markus 19,MALE,KWAZULU NATAL,BLACK,36,35-44,4
941514,Stefan ,Sytsma,Stefan 465@mailxyz.com,@Stefan 46,MALE,WESTERN CAPE,COLOURED,33,25-34,3
941524,Irving ,Sytsma,Irving 52@gmail.com,@Irving 5,MALE,NORTHERN CAPE,BLACK,34,25-34,3
941525,Shane ,Pool,Shane 24@abcmail.com,@Shane 2,MALE,GAUTENG,INDIAN_ASIAN,41,35-44,4
941531,Yong ,Roquemore,Yong 485@mailxyz.com,@Yong 48,MALE,GAUTENG,BLACK,44,35-44,4
941543,Bernardo ,Lavoie,Bernardo 323@mail.com,@Bernardo 32,MALE,GAUTENG,BLACK,39,35-44,4
941545,Royal ,Lavoie,Royal 175@mailxyz.com,@Royal 17,MALE,FREE STATE,BLACK,40,35-44,4
941546,Kip ,Tancredi,Kip 141@yahoo.com,@Kip 14,MALE,GAUTENG,WHITE,34,25-34,3
941547,Bret ,Hier,Bret 312@gmail.com,@Bret 31,MALE,EASTERN CAPE,WHITE,20,18-24,2
941558,Royal ,Styer,Royal 174@abcmail.com,@Royal 17,MALE,GAUTENG,WHITE,47,45-54,5
941574,Filiberto ,Gettys,Filiberto 45@mailxyz.com,@Filiberto 4,MALE,GAUTENG,COLOURED,40,35-44,4
941609,Bernardo ,Woolard,Bernardo 324@abcmail.com,@Bernardo 32,MALE,GAUTENG,BLACK,45,45-54,5
941616,Filiberto ,Pool,Filiberto 44@abcmail.com,@Filiberto 4,MALE,KWAZULU NATAL,BLACK,35,35-44,4
941618,Cory ,Paradis,Cory 103@mail.com,@Cory 10,MALE,GAUTENG,COLOURED,22,18-24,2
941621,Cory ,Slane,Cory 105@mailxyz.com,@Cory 10,MALE,GAUTENG,BLACK,34,25-34,3
941622,Epifania ,Crotty,Epifania 125@mailxyz.com,@Epifania 12,FEMALE,GAUTENG,WHITE,38,35-44,4
941623,Stephen ,Leicht,Stephen 154@abcmail.com,@Stephen 15,MALE,FREE STATE,WHITE,31,25-34,3
941629,Royal ,Wigfall,Royal 171@yahoo.com,@Royal 17,MALE,WESTERN CAPE,WHITE,49,45-54,5
941660,Kyle ,Deblois,Kyle 64@abcmail.com,@Kyle 6,MALE,FREE STATE,WHITE,24,18-24,2
941663,Garry ,Mcculloch,Garry 285@mailxyz.com,@Garry 28,MALE,WESTERN CAPE,BLACK,30,25-34,3
941664,Emerson ,Tatham,Emerson 245@mailxyz.com,@Emerson 24,MALE,WESTERN CAPE,COLOURED,35,35-44,4
941667,Raymundo ,Jacox,Raymundo 432@gmail.com,@Raymundo 43,MALE,MPUMALANGA,BLACK,26,25-34,3
941685,Lloyd ,Woolard,Lloyd 75@mailxyz.com,@Lloyd 7,MALE,WESTERN CAPE,COLOURED,43,35-44,4
941723,Kyle ,Arrieta,Kyle 64@abcmail.com,@Kyle 6,MALE,NORTH WEST,BLACK,43,35-44,4
941730,Bernardo ,Styer,Bernardo 322@gmail.com,@Bernardo 32,MALE,KWAZULU NATAL,INDIAN_ASIAN,33,25-34,3
941733,Abel ,Pascarella,Abel 183@mail.com,@Abel 18,MALE,WESTERN CAPE,COLOURED,25,25-34,3
941734,Roxane ,Lavoie,Roxane 384@abcmail.com,@Roxane 38,FEMALE,WESTERN CAPE,UNKNOWN,32,25-34,3
1063776,Abel ,Sytsma,Abel 182@gmail.com,@Abel 18,MALE,GAUTENG,INDIAN_ASIAN,31,25-34,3
1064537,Hugh,Crotty,Hugh13@mail.com,@Hugh1,MALE,GAUTENG,INDIAN_ASIAN,32,25-34,3
1106084,Hyman ,Mosser,Hyman 82@gmail.com,@Hyman 8,MALE,GAUTENG,BLACK,37,35-44,4
1106115,Irmgard ,Bilyeu,Irmgard 413@mail.com,@Irmgard 41,FEMALE,WESTERN CAPE,BLACK,26,25-34,3
1106137,Donald ,Langenfeld,Donald 224@abcmail.com,@Donald 22,MALE,WESTERN CAPE,COLOURED,39,35-44,4
1106156,Michel ,Fudge,Michel 204@abcmail.com,@Michel 20,MALE,MPUMALANGA,WHITE,18,18-24,2
1106301,Donald ,Borelli,Donald 224@abcmail.com,@Donald 22,MALE,GAUTENG,INDIAN_ASIAN,45,45-54,5
1106425,Dee ,Sieren,Dee 212@gmail.com,@Dee 21,MALE,GAUTENG,BLACK,27,25-34,3
1106456,Cordie ,Singer,Cordie 31@yahoo.com,@Cordie 3,FEMALE,GAUTENG,BLACK,24,18-24,2
1106589,Irving ,Hier,Irving 54@abcmail.com,@Irving 5,MALE,WESTERN CAPE,UNKNOWN,39,35-44,4
1106652,Kip ,Curran,Kip 143@mail.com,@Kip 14,MALE,GAUTENG,BLACK,20,18-24,2
1106801,Carter ,Creager,Carter 32@gmail.com,@Carter 3,MALE,KWAZULU NATAL,COLOURED,24,18-24,2
1106847,Markus ,Mastrangelo,Markus 193@mail.com,@Markus 19,MALE,NORTH WEST,BLACK,57,55+,6
1106931,Randy ,Mcclaine,Randy 395@mailxyz.com,@Randy 39,MALE,GAUTENG,BLACK,20,18-24,2
1107044,Rebekah ,Paradis,Rebekah 192@gmail.com,@Rebekah 19,FEMALE,MPUMALANGA,BLACK,32,25-34,3
1107089,Dee ,Creager,Dee 211@yahoo.com,@Dee 21,MALE,WESTERN CAPE,WHITE,33,25-34,3
1107136,Markus ,Mccollum,Markus 194@abcmail.com,@Markus 19,MALE,WESTERN CAPE,COLOURED,29,25-34,3
1107242,Randy ,Mastrangelo,Randy 391@yahoo.com,@Randy 39,MALE,GAUTENG,INDIAN_ASIAN,25,25-34,3
1107332,Romeo ,Borelli,Romeo 375@mailxyz.com,@Romeo 37,MALE,GAUTENG,BLACK,23,18-24,2
1107333,Filiberto ,Pilot,Filiberto 45@mailxyz.com,@Filiberto 4,MALE,LIMPOPO,BLACK,41,35-44,4
1107416,Robby ,Restivo,Robby 165@mailxyz.com,@Robby 16,MALE,EASTERN CAPE,INDIAN_ASIAN,32,25-34,3
1107422,Hugh,Beville,Hugh12@gmail.com,@Hugh1,MALE,WESTERN CAPE,BLACK,30,25-34,3
1107423,Carter ,Styer,Carter 34@abcmail.com,@Carter 3,MALE,MPUMALANGA,WHITE,45,45-54,5
1107440,Cody ,Vital,Cody 122@gmail.com,@Cody 12,MALE,GAUTENG,INDIAN_ASIAN,34,25-34,3
1107441,Irmgard ,Bilyeu,Irmgard 424@abcmail.com,@Irmgard 42,FEMALE,GAUTENG,BLACK,16,<18,1
1107471,Valentine ,Deblois,Valentine 474@abcmail.com,@Valentine 47,MALE,WESTERN CAPE,COLOURED,27,25-34,3
1107565,Stephen ,Mccown,Stephen 151@yahoo.com,@Stephen 15,MALE,MPUMALANGA,INDIAN_ASIAN,28,25-34,3
1107686,Hyman ,Jacox,Hyman 81@yahoo.com,@Hyman 8,MALE,FREE STATE,WHITE,30,25-34,3
1107713,Chas ,Pilot,Chas 352@gmail.com,@Chas 35,MALE,GAUTENG,BLACK,44,35-44,4
1107714,Cody ,Creager,Cody 122@gmail.com,@Cody 12,MALE,NORTH WEST,BLACK,27,25-34,3
1107846,Markus ,Mcclaine,Markus 194@abcmail.com,@Markus 19,MALE,WESTERN CAPE,COLOURED,39,35-44,4
1107857,Stacy ,Hier,Stacy 275@mailxyz.com,@Stacy 27,MALE,GAUTENG,WHITE,18,18-24,2
1107920,Cody ,Condie,Cody 121@yahoo.com,@Cody 12,MALE,GAUTENG,WHITE,38,35-44,4
1107941,Brendan ,Mina,Brendan 452@gmail.com,@Brendan 45,MALE,GAUTENG,WHITE,21,18-24,2
1107963,Stephen ,Marek,Stephen 153@mail.com,@Stephen 15,MALE,MPUMALANGA,COLOURED,22,18-24,2
1107967,Wilburn ,Mina,Wilburn 305@mailxyz.com,@Wilburn 30,MALE,GAUTENG,BLACK,27,25-34,3
1108000,Garry ,Roquemore,Garry 283@mail.com,@Garry 28,MALE,KWAZULU NATAL,BLACK,46,45-54,5
1108051,Cory ,Shkreli,Cory 104@abcmail.com,@Cory 10,MALE,NORTHERN CAPE,WHITE,18,18-24,2
1108083,Wilton ,Woolard,Wilton 413@mail.com,@Wilton 41,MALE,WESTERN CAPE,COLOURED,35,35-44,4
1108125,Len ,Biggers,Len 443@mail.com,@Len 44,MALE,GAUTENG,BLACK,27,25-34,3
1108140,Hugh,Borelli,Hugh13@mail.com,@Hugh1,MALE,KWAZULU NATAL,BLACK,22,18-24,2
1108163,Hyman ,Wigfall,Hyman 83@mail.com,@Hyman 8,MALE,GAUTENG,WHITE,17,<18,1
1108229,Katharina ,Condie,Katharina 502@gmail.com,@Katharina 50,FEMALE,WESTERN CAPE,COLOURED,40,35-44,4
1108345,Carter ,Restivo,Carter 33@mail.com,@Carter 3,MALE,LIMPOPO,INDIAN_ASIAN,31,25-34,3
1108389,Stefan ,Crotty,Stefan 465@mailxyz.com,@Stefan 46,MALE,WESTERN CAPE,COLOURED,24,18-24,2
1108404,Kip ,Mcculloch,Kip 144@abcmail.com,@Kip 14,MALE,GAUTENG,WHITE,30,25-34,3
1108443,Hyman ,Pascarella,Hyman 81@yahoo.com,@Hyman 8,MALE,GAUTENG,BLACK,29,25-34,3
1108535,Jared ,Sytsma,Jared 503@mail.com,@Jared 50,MALE,NORTH WEST,UNKNOWN,34,25-34,3
1108629,Wilburn ,Martello,Wilburn 303@mail.com,@Wilburn 30,MALE,GAUTENG,INDIAN_ASIAN,28,25-34,3
1108688,Loyd ,Pool,Loyd 494@abcmail.com,@Loyd 49,MALE,NORTH WEST,BLACK,21,18-24,2
1108737,Dion ,Vital,Dion 331@yahoo.com,@Dion 33,MALE,GAUTENG,BLACK,21,18-24,2
1108754,Lucas ,Creager,Lucas 231@yahoo.com,@Lucas 23,MALE,FREE STATE,BLACK,20,18-24,2
1108779,Cory ,Woolard,Cory 103@mail.com,@Cory 10,MALE,LIMPOPO,BLACK,28,25-34,3
1108792,Abel ,Styer,Abel 182@gmail.com,@Abel 18,MALE,FREE STATE,BLACK,34,25-34,3
1108872,Jared ,Mcculloch,Jared 503@mail.com,@Jared 50,MALE,LIMPOPO,WHITE,26,25-34,3
1108878,Abel ,Leicht,Abel 183@mail.com,@Abel 18,MALE,GAUTENG,BLACK,44,35-44,4
1108901,Stacy ,Biggers,Stacy 271@yahoo.com,@Stacy 27,MALE,GAUTENG,WHITE,50,45-54,5
1108944,Dee ,Curran,Dee 211@yahoo.com,@Dee 21,MALE,WESTERN CAPE,COLOURED,9,<18,1
1109004,Raymundo ,Martello,Raymundo 435@mailxyz.com,@Raymundo 43,MALE,EASTERN CAPE,COLOURED,43,35-44,4
1109055,Markus ,Vital,Markus 195@mailxyz.com,@Markus 19,MALE,MPUMALANGA,BLACK,39,35-44,4
1109109,Hollis ,Paradis,Hollis 385@mailxyz.com,@Hollis 38,MALE,GAUTENG,BLACK,45,45-54,5
1109161,Raymundo ,Mccown,Raymundo 433@mail.com,@Raymundo 43,MALE,KWAZULU NATAL,INDIAN_ASIAN,34,25-34,3
1109191,Earl ,Shkreli,Earl 425@mailxyz.com,@Earl 42,MALE,EASTERN CAPE,COLOURED,54,45-54,5
1109200,Samuel ,Jacox,Samuel 265@mailxyz.com,@Samuel 26,MALE,WESTERN CAPE,COLOURED,36,35-44,4
1109229,Kip ,Hoadley,Kip 144@abcmail.com,@Kip 14,MALE,WESTERN CAPE,COLOURED,25,25-34,3
1109231,Samuel ,Vital,Samuel 263@mail.com,@Samuel 26,MALE,GAUTENG,INDIAN_ASIAN,32,25-34,3
1109252,Bernardo ,Nicholls,Bernardo 325@mailxyz.com,@Bernardo 32,MALE,GAUTENG,WHITE,30,25-34,3
1109264,Bernardo ,Lavoie,Bernardo 323@mail.com,@Bernardo 32,MALE,GAUTENG,BLACK,42,35-44,4
1109274,Yong ,Luthy,Yong 483@mail.com,@Yong 48,MALE,GAUTENG,UNKNOWN,39,35-44,4
1109289,Claud ,Arrieta,Claud 342@gmail.com,@Claud 34,MALE,GAUTENG,COLOURED,39,35-44,4
1109336,Filiberto ,Roquemore,Filiberto 41@yahoo.com,@Filiberto 4,MALE,GAUTENG,UNKNOWN,33,25-34,3
1109383,Markus ,Gettys,Markus 195@mailxyz.com,@Markus 19,MALE,FREE STATE,BLACK,39,35-44,4
1109481,Stefan ,Condie,Stefan 465@mailxyz.com,@Stefan 46,MALE,GAUTENG,WHITE,51,45-54,5
1109496,Hugh,Hier,Hugh11@yahoo.com,@Hugh1,MALE,WESTERN CAPE,UNKNOWN,35,35-44,4
1109510,Stefan ,Gettys,Stefan 465@mailxyz.com,@Stefan 46,MALE,NORTH WEST,BLACK,25,25-34,3
1109583,Cory ,Tancredi,Cory 104@abcmail.com,@Cory 10,MALE,GAUTENG,COLOURED,45,45-54,5
1122561,Art ,Tancredi,Art 402@gmail.com,@Art 40,MALE,KWAZULU NATAL,WHITE,19,18-24,2
1132955,Randy ,Paradis,Randy 392@gmail.com,@Randy 39,MALE,WESTERN CAPE,WHITE,23,18-24,2
1133250,Wilburn ,Bilyeu,Wilburn 304@abcmail.com,@Wilburn 30,MALE,GAUTENG,INDIAN_ASIAN,36,35-44,4
1281997,Carlota ,Tancredi,Carlota 273@mail.com,@Carlota 27,FEMALE,FREE STATE,COLOURED,14,<18,1
1285950,Jared ,Crotty,Jared 505@mailxyz.com,@Jared 50,MALE,MPUMALANGA,COLOURED,30,25-34,3
1287933,Kip ,Arrieta,Kip 142@gmail.com,@Kip 14,MALE,NORTHERN CAPE,WHITE,26,25-34,3
1293485,Lane ,Wigfall,Lane 113@mail.com,@Lane 11,MALE,GAUTENG,BLACK,21,18-24,2
1299853,Rebecka ,Shkreli,Rebecka 313@mail.com,@Rebecka 31,FEMALE,NORTH WEST,BLACK,22,18-24,2
1310589,Michel ,Langenfeld,Michel 203@mail.com,@Michel 20,MALE,MPUMALANGA,BLACK,33,25-34,3
1318133,Romeo ,Restivo,Romeo 372@gmail.com,@Romeo 37,MALE,KWAZULU NATAL,OTHER,17,<18,1
1320736,Kyle ,Shkreli,Kyle 61@yahoo.com,@Kyle 6,MALE,GAUTENG,WHITE,10,<18,1
1325184,Roxana ,Nicholls,Roxana 293@mail.com,@Roxana 29,FEMALE,LIMPOPO,WHITE,35,35-44,4
1339762,Dee ,Bilyeu,Dee 211@yahoo.com,@Dee 21,MALE,GAUTENG,BLACK,13,<18,1
1340226,Loyd ,Martello,Loyd 494@abcmail.com,@Loyd 49,MALE,GAUTENG,BLACK,20,18-24,2
1344220,Brendan ,Martello,Brendan 455@mailxyz.com,@Brendan 45,MALE,GAUTENG,WHITE,21,18-24,2
1347572,Wilton ,Lavoie,Wilton 415@mailxyz.com,@Wilton 41,MALE,GAUTENG,WHITE,21,18-24,2
1367082,Haywood ,Crotty,Haywood 93@mail.com,@Haywood 9,MALE,LIMPOPO,BLACK,23,18-24,2
1385756,Bess ,Jacox,Bess 203@mail.com,@Bess 20,FEMALE,WESTERN CAPE,BLACK,34,25-34,3
1388999,Kip ,Jacox,Kip 145@mailxyz.com,@Kip 14,MALE,MPUMALANGA,BLACK,36,35-44,4
1394143,Kyle ,Langenfeld,Kyle 64@abcmail.com,@Kyle 6,MALE,LIMPOPO,BLACK,29,25-34,3
1409148,Carter ,Martello,Carter 34@abcmail.com,@Carter 3,MALE,KWAZULU NATAL,BLACK,28,25-34,3
1410090,Hollis ,Sieren,Hollis 381@yahoo.com,@Hollis 38,MALE,WESTERN CAPE,COLOURED,51,45-54,5
1412696,Markus ,Slane,Markus 193@mail.com,@Markus 19,MALE,MPUMALANGA,BLACK,27,25-34,3
1443808,Yong ,Singer,Yong 485@mailxyz.com,@Yong 48,MALE,GAUTENG,BLACK,30,25-34,3
1445897,Haywood ,Mcculloch,Haywood 93@mail.com,@Haywood 9,MALE,MPUMALANGA,BLACK,17,<18,1
1451460,Donald ,Woolard,Donald 222@gmail.com,@Donald 22,MALE,MPUMALANGA,BLACK,60,55+,6
1463542,Eula ,Mccown,Eula 43@mail.com,@Eula 4,FEMALE,FREE STATE,WHITE,16,<18,1
1482604,Claud ,Deblois,Claud 341@yahoo.com,@Claud 34,MALE,EASTERN CAPE,COLOURED,37,35-44,4
1489163,Shane ,Roquemore,Shane 23@mail.com,@Shane 2,MALE,EASTERN CAPE,COLOURED,29,25-34,3
1490982,Dion ,Mcculloch,Dion 335@mailxyz.com,@Dion 33,MALE,GAUTENG,UNKNOWN,28,25-34,3
1495691,Williemae ,Holt,Williemae 465@mailxyz.com,@Williemae 46,FEMALE,KWAZULU NATAL,UNKNOWN,16,<18,1
1502338,Stefan ,Sieren,Stefan 462@gmail.com,@Stefan 46,MALE,GAUTENG,WHITE,30,25-34,3
1512929,Wilton ,Mcclaine,Wilton 412@gmail.com,@Wilton 41,MALE,EASTERN CAPE,INDIAN_ASIAN,14,<18,1
1518180,Bret ,Fudge,Bret 313@mail.com,@Bret 31,MALE,NORTH WEST,WHITE,32,25-34,3
1524448,Shelley ,Reisinger,Shelley 344@abcmail.com,@Shelley 34,FEMALE,WESTERN CAPE,BLACK,30,25-34,3
1529372,Claud ,Reisinger,Claud 343@mail.com,@Claud 34,MALE,WESTERN CAPE,BLACK,29,25-34,3
1546260,Yong ,Langenfeld,Yong 482@gmail.com,@Yong 48,MALE,GAUTENG,WHITE,28,25-34,3
1560174,Earl ,Wigfall,Earl 424@abcmail.com,@Earl 42,MALE,MPUMALANGA,UNKNOWN,0,<18,1
1573644,Art ,Pool,Art 405@mailxyz.com,@Art 40,MALE,KWAZULU NATAL,BLACK,27,25-34,3
1581005,Valentine ,Paradis,Valentine 472@gmail.com,@Valentine 47,MALE,MPUMALANGA,BLACK,26,25-34,3
1584807,Filiberto ,Borelli,Filiberto 45@mailxyz.com,@Filiberto 4,MALE,GAUTENG,WHITE,22,18-24,2
1586633,Efren ,Pool,Efren 132@gmail.com,@Efren 13,MALE,GAUTENG,BLACK,45,45-54,5
1591149,Dee ,Mastrangelo,Dee 214@abcmail.com,@Dee 21,MALE,MPUMALANGA,BLACK,25,25-34,3
1594216,Bernardo ,Vital,Bernardo 324@abcmail.com,@Bernardo 32,MALE,KWAZULU NATAL,WHITE,25,25-34,3
1594936,Romeo ,Bilyeu,Romeo 375@mailxyz.com,@Romeo 37,MALE,LIMPOPO,BLACK,20,18-24,2
1595241,Epifania ,Crotty,Epifania 314@abcmail.com,@Epifania 31,FEMALE,GAUTENG,WHITE,32,25-34,3
1610747,Charlie ,Tancredi,Charlie 362@gmail.com,@Charlie 36,MALE,WESTERN CAPE,COLOURED,23,18-24,2
1619460,Luanna ,Hoadley,Luanna 34@abcmail.com,@Luanna 3,FEMALE,GAUTENG,BLACK,25,25-34,3
1625415,Felipa ,Mcculloch,Felipa 24@abcmail.com,@Felipa 2,FEMALE,KWAZULU NATAL,BLACK,16,<18,1
1633923,Lucas ,Tancredi,Lucas 233@mail.com,@Lucas 23,MALE,GAUTENG,WHITE,28,25-34,3
1635787,Wilburn ,Woolard,Wilburn 304@abcmail.com,@Wilburn 30,MALE,GAUTENG,WHITE,29,25-34,3
1643585,Donald ,Caves,Donald 222@gmail.com,@Donald 22,MALE,LIMPOPO,BLACK,26,25-34,3
1649404,Nubia ,Sytsma,Nubia 201@yahoo.com,@Nubia 20,FEMALE,LIMPOPO,BLACK,36,35-44,4
1650569,Eli ,Mccollum,Eli 294@abcmail.com,@Eli 29,MALE,GAUTENG,INDIAN_ASIAN,29,25-34,3
1652930,Cody ,Mcclaine,Cody 124@abcmail.com,@Cody 12,MALE,KWAZULU NATAL,BLACK,39,35-44,4
1661754,Brendan ,Crotty,Brendan 452@gmail.com,@Brendan 45,MALE,LIMPOPO,BLACK,22,18-24,2
1662674,Randy ,Borelli,Randy 391@yahoo.com,@Randy 39,MALE,GAUTENG,BLACK,27,25-34,3
1664992,Bess ,Jacox,Bess 192@gmail.com,@Bess 19,FEMALE,FREE STATE,COLOURED,26,25-34,3
1674586,Donald ,Arrieta,Donald 222@gmail.com,@Donald 22,MALE,WESTERN CAPE,COLOURED,25,25-34,3
1686746,Winona ,Wigfall,Winona 462@gmail.com,@Winona 46,FEMALE,LIMPOPO,BLACK,26,25-34,3
1700317,Jacinto ,Beville,Jacinto 255@mailxyz.com,@Jacinto 25,MALE,LIMPOPO,BLACK,23,18-24,2
1720564,Haywood ,Singer,Haywood 93@mail.com,@Haywood 9,MALE,GAUTENG,BLACK,44,35-44,4
1732701,Emerson ,Bilyeu,Emerson 241@yahoo.com,@Emerson 24,MALE,GAUTENG,UNKNOWN,37,35-44,4
1753968,Trudie ,Restivo,Trudie 415@mailxyz.com,@Trudie 41,FEMALE,KWAZULU NATAL,OTHER,39,35-44,4
1770122,Loyd ,Pool,Loyd 492@gmail.com,@Loyd 49,MALE,KWAZULU NATAL,BLACK,27,25-34,3
1783630,Shane ,Creager,Shane 21@yahoo.com,@Shane 2,MALE,KWAZULU NATAL,INDIAN_ASIAN,45,45-54,5
1806206,Luann ,Mina,Luann 181@yahoo.com,@Luann 18,FEMALE,GAUTENG,UNKNOWN,35,35-44,4
1818315,Jared ,Mina,Jared 502@gmail.com,@Jared 50,MALE,GAUTENG,WHITE,45,45-54,5
1822572,Kyle ,Biggers,Kyle 61@yahoo.com,@Kyle 6,MALE,GAUTENG,INDIAN_ASIAN,27,25-34,3
1824146,Nakita ,Pool,Nakita 354@abcmail.com,@Nakita 35,FEMALE,GAUTENG,BLACK,22,18-24,2
1966180,Cody ,Shkreli,Cody 123@mail.com,@Cody 12,MALE,GAUTENG,WHITE,42,35-44,4
1998924,Bernardo ,Fudge,Bernardo 322@gmail.com,@Bernardo 32,MALE,MPUMALANGA,COLOURED,38,35-44,4
1999889,Emerson ,Sieren,Emerson 241@yahoo.com,@Emerson 24,MALE,WESTERN CAPE,COLOURED,34,25-34,3
1999958,Irving ,Restivo,Irving 54@abcmail.com,@Irving 5,MALE,MPUMALANGA,INDIAN_ASIAN,24,18-24,2
2000015,Claud ,Gettys,Claud 344@abcmail.com,@Claud 34,MALE,WESTERN CAPE,COLOURED,58,55+,6
2000032,Kip ,Slane,Kip 141@yahoo.com,@Kip 14,MALE,GAUTENG,INDIAN_ASIAN,29,25-34,3
2000056,Jacinto ,Holt,Jacinto 254@abcmail.com,@Jacinto 25,MALE,GAUTENG,INDIAN_ASIAN,97,55+,6
2000160,Cory ,Shkreli,Cory 102@gmail.com,@Cory 10,MALE,NORTH WEST,BLACK,43,35-44,4
2000222,Michel ,Wigfall,Michel 203@mail.com,@Michel 20,MALE,LIMPOPO,BLACK,35,35-44,4
2000262,Cory ,Caves,Cory 104@abcmail.com,@Cory 10,MALE,MPUMALANGA,BLACK,27,25-34,3
2000272,Robby ,Singer,Robby 165@mailxyz.com,@Robby 16,MALE,WESTERN CAPE,COLOURED,37,35-44,4
2000285,Markus ,Slane,Markus 195@mailxyz.com,@Markus 19,MALE,GAUTENG,WHITE,30,25-34,3
2000313,Carter ,Tancredi,Carter 34@abcmail.com,@Carter 3,MALE,NORTH WEST,BLACK,27,25-34,3
2000346,Haywood ,Pool,Haywood 91@yahoo.com,@Haywood 9,MALE,WESTERN CAPE,COLOURED,34,25-34,3
2000382,Loyd ,Bilyeu,Loyd 495@mailxyz.com,@Loyd 49,MALE,LIMPOPO,BLACK,39,35-44,4
2000415,Sharri ,Tatham,Sharri 463@mail.com,@Sharri 46,FEMALE,GAUTENG,BLACK,40,35-44,4
2000422,Kip ,Singer,Kip 144@abcmail.com,@Kip 14,MALE,WESTERN CAPE,BLACK,39,35-44,4
2011067,Cory ,Luthy,Cory 105@mailxyz.com,@Cory 10,MALE,GAUTENG,BLACK,48,45-54,5
2015326,Loyd ,Borelli,Loyd 495@mailxyz.com,@Loyd 49,MALE,KWAZULU NATAL,BLACK,29,25-34,3
2015328,Donald ,Sytsma,Donald 221@yahoo.com,@Donald 22,MALE,KWAZULU NATAL,BLACK,28,25-34,3
2017664,Luann ,Mina,Luann 55@mailxyz.com,@Luann 5,FEMALE,FREE STATE,BLACK,41,35-44,4
2018302,Robby ,Gettys,Robby 163@mail.com,@Robby 16,MALE,WESTERN CAPE,UNKNOWN,29,25-34,3
2018358,Len ,Fudge,Len 444@abcmail.com,@Len 44,MALE,WESTERN CAPE,COLOURED,30,25-34,3
2018374,Earl ,Martello,Earl 421@yahoo.com,@Earl 42,MALE,KWAZULU NATAL,BLACK,47,45-54,5
2018993,Efren ,Crotty,Efren 134@abcmail.com,@Efren 13,MALE,WESTERN CAPE,OTHER,45,45-54,5
2021277,Lloyd ,Deblois,Lloyd 71@yahoo.com,@Lloyd 7,MALE,GAUTENG,BLACK,33,25-34,3
2021324,Cody ,Woolard,Cody 124@abcmail.com,@Cody 12,MALE,GAUTENG,INDIAN_ASIAN,36,35-44,4
2021327,Lane ,Jacox,Lane 112@gmail.com,@Lane 11,MALE,GAUTENG,WHITE,79,55+,6
2021328,Hugh,Leicht,Hugh13@mail.com,@Hugh1,MALE,FREE STATE,INDIAN_ASIAN,26,25-34,3
2021333,Chas ,Reisinger,Chas 355@mailxyz.com,@Chas 35,MALE,GAUTENG,BLACK,37,35-44,4
2021345,Bernardo ,Styer,Bernardo 321@yahoo.com,@Bernardo 32,MALE,WESTERN CAPE,COLOURED,28,25-34,3
2021359,Michel ,Biggers,Michel 202@gmail.com,@Michel 20,MALE,EASTERN CAPE,COLOURED,28,25-34,3
2021360,Efren ,Marek,Efren 132@gmail.com,@Efren 13,MALE,GAUTENG,BLACK,52,45-54,5
2090526,Cody ,Fudge,Cody 121@yahoo.com,@Cody 12,MALE,MPUMALANGA,BLACK,52,45-54,5
2090538,Stephen ,Jacox,Stephen 153@mail.com,@Stephen 15,MALE,GAUTENG,INDIAN_ASIAN,39,35-44,4
2090555,Haywood ,Reisinger,Haywood 95@mailxyz.com,@Haywood 9,MALE,GAUTENG,INDIAN_ASIAN,27,25-34,3
2090685,Yong ,Vital,Yong 483@mail.com,@Yong 48,MALE,WESTERN CAPE,COLOURED,43,35-44,4
2090745,Emerson ,Woolard,Emerson 242@gmail.com,@Emerson 24,MALE,WESTERN CAPE,COLOURED,39,35-44,4
2090790,Len ,Tancredi,Len 441@yahoo.com,@Len 44,MALE,GAUTENG,WHITE,41,35-44,4
2090791,Loris ,Hier,Loris 103@mail.com,@Loris 10,FEMALE,KWAZULU NATAL,INDIAN_ASIAN,13,<18,1
2090806,Raymundo ,Mosser,Raymundo 432@gmail.com,@Raymundo 43,MALE,MPUMALANGA,BLACK,33,25-34,3
2090836,Len ,Borelli,Len 441@yahoo.com,@Len 44,MALE,WESTERN CAPE,COLOURED,30,25-34,3
2090895,Emerson ,Pilot,Emerson 244@abcmail.com,@Emerson 24,MALE,GAUTENG,BLACK,46,45-54,5
2090968,Markus ,Slane,Markus 192@gmail.com,@Markus 19,MALE,GAUTENG,BLACK,37,35-44,4
2091037,Bret ,Paradis,Bret 314@abcmail.com,@Bret 31,MALE,GAUTENG,INDIAN_ASIAN,41,35-44,4
2091055,Charlie ,Creager,Charlie 364@abcmail.com,@Charlie 36,MALE,LIMPOPO,BLACK,36,35-44,4
2091155,Raymundo ,Biggers,Raymundo 433@mail.com,@Raymundo 43,MALE,FREE STATE,BLACK,45,45-54,5
2091234,Raymundo ,Caves,Raymundo 432@gmail.com,@Raymundo 43,MALE,GAUTENG,BLACK,42,35-44,4
2091260,Bernardo ,Mcculloch,Bernardo 325@mailxyz.com,@Bernardo 32,MALE,GAUTENG,BLACK,35,35-44,4
2091280,Jacinto ,Sieren,Jacinto 254@abcmail.com,@Jacinto 25,MALE,GAUTENG,BLACK,22,18-24,2
2091343,Stephen ,Woolard,Stephen 155@mailxyz.com,@Stephen 15,MALE,GAUTENG,BLACK,34,25-34,3
2091371,Dee ,Gettys,Dee 215@mailxyz.com,@Dee 21,MALE,GAUTENG,BLACK,44,35-44,4
2091541,Kip ,Deblois,Kip 142@gmail.com,@Kip 14,MALE,GAUTENG,BLACK,33,25-34,3
2091585,Efren ,Leicht,Efren 134@abcmail.com,@Efren 13,MALE,LIMPOPO,BLACK,16,<18,1
2091609,Art ,Beville,Art 405@mailxyz.com,@Art 40,MALE,GAUTENG,BLACK,28,25-34,3
2091688,Irving ,Paradis,Irving 51@yahoo.com,@Irving 5,MALE,GAUTENG,BLACK,34,25-34,3
2091776,Eli ,Mina,Eli 292@gmail.com,@Eli 29,MALE,WESTERN CAPE,COLOURED,27,25-34,3
2091865,Claud ,Paradis,Claud 344@abcmail.com,@Claud 34,MALE,GAUTENG,WHITE,25,25-34,3
2091882,Randy ,Caves,Randy 392@gmail.com,@Randy 39,MALE,GAUTENG,BLACK,34,25-34,3
2091890,Raymundo ,Reisinger,Raymundo 431@yahoo.com,@Raymundo 43,MALE,WESTERN CAPE,WHITE,28,25-34,3
2091963,Stacy ,Creager,Stacy 275@mailxyz.com,@Stacy 27,MALE,KWAZULU NATAL,BLACK,31,25-34,3
2092002,Samuel ,Pool,Samuel 265@mailxyz.com,@Samuel 26,MALE,WESTERN CAPE,COLOURED,60,55+,6
2092023,Art ,Marek,Art 403@mail.com,@Art 40,MALE,FREE STATE,BLACK,34,25-34,3
2092034,Filiberto ,Beville,Filiberto 41@yahoo.com,@Filiberto 4,MALE,GAUTENG,WHITE,41,35-44,4
2092062,Claud ,Hier,Claud 341@yahoo.com,@Claud 34,MALE,LIMPOPO,BLACK,42,35-44,4
2092115,Cory ,Bilyeu,Cory 104@abcmail.com,@Cory 10,MALE,MPUMALANGA,BLACK,49,45-54,5
2092121,Markus ,Tatham,Markus 195@mailxyz.com,@Markus 19,MALE,WESTERN CAPE,COLOURED,44,35-44,4
2092152,Luann ,Mina,Luann 184@abcmail.com,@Luann 18,FEMALE,GAUTENG,WHITE,23,18-24,2
2092166,Chas ,Shkreli,Chas 353@mail.com,@Chas 35,MALE,WESTERN CAPE,COLOURED,60,55+,6
2092201,Kyle ,Nicholls,Kyle 64@abcmail.com,@Kyle 6,MALE,WESTERN CAPE,BLACK,29,25-34,3
2092216,Randy ,Bilyeu,Randy 394@abcmail.com,@Randy 39,MALE,WESTERN CAPE,WHITE,62,55+,6
2092227,Eula ,Mccown,Eula 475@mailxyz.com,@Eula 47,FEMALE,NORTHERN CAPE,COLOURED,13,<18,1
2092259,Markus ,Leicht,Markus 192@gmail.com,@Markus 19,MALE,MPUMALANGA,BLACK,42,35-44,4
2092266,Carter ,Reisinger,Carter 35@mailxyz.com,@Carter 3,MALE,GAUTENG,WHITE,47,45-54,5
2092273,Efren ,Styer,Efren 133@mail.com,@Efren 13,MALE,LIMPOPO,INDIAN_ASIAN,35,35-44,4
2092315,Efren ,Shkreli,Efren 132@gmail.com,@Efren 13,MALE,KWAZULU NATAL,BLACK,55,55+,6
2092357,Stephen ,Roquemore,Stephen 152@gmail.com,@Stephen 15,MALE,WESTERN CAPE,WHITE,64,55+,6
2165751,Len ,Shkreli,Len 443@mail.com,@Len 44,MALE,MPUMALANGA,BLACK,19,18-24,2
2165841,Dion ,Paradis,Dion 333@mail.com,@Dion 33,MALE,GAUTENG,WHITE,21,18-24,2
2165860,Earl ,Pilot,Earl 424@abcmail.com,@Earl 42,MALE,LIMPOPO,COLOURED,10,<18,1
2165865,Jared ,Mccollum,Jared 501@yahoo.com,@Jared 50,MALE,GAUTENG,INDIAN_ASIAN,30,25-34,3
2190330,Lucas ,Styer,Lucas 235@mailxyz.com,@Lucas 23,MALE,MPUMALANGA,BLACK,23,18-24,2
2203312,Hugh,Leicht,Hugh12@gmail.com,@Hugh1,MALE,WESTERN CAPE,COLOURED,54,45-54,5
2203323,Earl ,Lavoie,Earl 423@mail.com,@Earl 42,MALE,FREE STATE,BLACK,43,35-44,4
2203482,Romeo ,Sieren,Romeo 372@gmail.com,@Romeo 37,MALE,WESTERN CAPE,COLOURED,37,35-44,4
2203487,Emerson ,Deblois,Emerson 244@abcmail.com,@Emerson 24,MALE,MPUMALANGA,BLACK,50,45-54,5
2203490,Shane ,Nicholls,Shane 22@gmail.com,@Shane 2,MALE,WESTERN CAPE,COLOURED,31,25-34,3
2203491,Cory ,Slane,Cory 104@abcmail.com,@Cory 10,MALE,WESTERN CAPE,COLOURED,38,35-44,4
2203512,Valentine ,Hoadley,Valentine 472@gmail.com,@Valentine 47,MALE,MPUMALANGA,INDIAN_ASIAN,33,25-34,3
2203543,Torrie ,Mcclaine,Torrie 82@gmail.com,@Torrie 8,FEMALE,WESTERN CAPE,COLOURED,35,35-44,4
2203546,Garry ,Pilot,Garry 281@yahoo.com,@Garry 28,MALE,WESTERN CAPE,BLACK,33,25-34,3
2203596,Bernardo ,Mosser,Bernardo 324@abcmail.com,@Bernardo 32,MALE,LIMPOPO,BLACK,38,35-44,4
2203599,Len ,Tancredi,Len 441@yahoo.com,@Len 44,MALE,GAUTENG,BLACK,31,25-34,3
2203607,Abel ,Leicht,Abel 182@gmail.com,@Abel 18,MALE,WESTERN CAPE,COLOURED,54,45-54,5
2203620,Bret ,Pool,Bret 313@mail.com,@Bret 31,MALE,GAUTENG,BLACK,40,35-44,4
2203633,Stephen ,Mastrangelo,Stephen 155@mailxyz.com,@Stephen 15,MALE,EASTERN CAPE,WHITE,70,55+,6
2203664,Markus ,Caves,Markus 192@gmail.com,@Markus 19,MALE,KWAZULU NATAL,INDIAN_ASIAN,27,25-34,3
2203670,Samuel ,Luthy,Samuel 263@mail.com,@Samuel 26,MALE,KWAZULU NATAL,BLACK,34,25-34,3
2203672,Lesli ,Martello,Lesli 282@gmail.com,@Lesli 28,FEMALE,GAUTENG,WHITE,33,25-34,3
2203679,Irving ,Shkreli,Irving 53@mail.com,@Irving 5,MALE,WESTERN CAPE,WHITE,31,25-34,3
2203737,Loyd ,Shkreli,Loyd 492@gmail.com,@Loyd 49,MALE,FREE STATE,BLACK,29,25-34,3
2203762,Claud ,Mina,Claud 344@abcmail.com,@Claud 34,MALE,MPUMALANGA,BLACK,31,25-34,3
2203811,Hugh,Hier,Hugh14@abcmail.com,@Hugh1,MALE,GAUTENG,UNKNOWN,36,35-44,4
2203924,Earline ,Zweifel,Earline 22@gmail.com,@Earline 2,FEMALE,GAUTENG,BLACK,58,55+,6
2203929,Hugh,Sieren,Hugh13@mail.com,@Hugh1,MALE,GAUTENG,BLACK,43,35-44,4
2203930,Rebecka ,Shkreli,Rebecka 112@gmail.com,@Rebecka 11,FEMALE,WESTERN CAPE,COLOURED,39,35-44,4
2203948,Irving ,Caves,Irving 51@yahoo.com,@Irving 5,MALE,KWAZULU NATAL,INDIAN_ASIAN,44,35-44,4
2203966,Lane ,Fudge,Lane 114@abcmail.com,@Lane 11,MALE,WESTERN CAPE,COLOURED,32,25-34,3
2204045,Abel ,Creager,Abel 184@abcmail.com,@Abel 18,MALE,NORTH WEST,WHITE,30,25-34,3
2204117,Anette ,Leicht,Anette 421@yahoo.com,@Anette 42,FEMALE,MPUMALANGA,BLACK,35,35-44,4
2204145,Hyman ,Caves,Hyman 82@gmail.com,@Hyman 8,MALE,LIMPOPO,INDIAN_ASIAN,27,25-34,3
2204160,Emerson ,Holt,Emerson 245@mailxyz.com,@Emerson 24,MALE,MPUMALANGA,UNKNOWN,34,25-34,3
2204194,Dee ,Woolard,Dee 215@mailxyz.com,@Dee 21,MALE,MPUMALANGA,BLACK,27,25-34,3
2204195,Samuel ,Slane,Samuel 263@mail.com,@Samuel 26,MALE,NORTH WEST,INDIAN_ASIAN,45,45-54,5
2204240,Claud ,Roquemore,Claud 343@mail.com,@Claud 34,MALE,WESTERN CAPE,COLOURED,34,25-34,3
2204253,Jacinto ,Martello,Jacinto 252@gmail.com,@Jacinto 25,MALE,MPUMALANGA,INDIAN_ASIAN,36,35-44,4
2204331,Hyman ,Marek,Hyman 81@yahoo.com,@Hyman 8,MALE,GAUTENG,BLACK,52,45-54,5
2204356,Eli ,Mcclaine,Eli 291@yahoo.com,@Eli 29,MALE,GAUTENG,BLACK,51,45-54,5
2204358,Cory ,Mcclaine,Cory 104@abcmail.com,@Cory 10,MALE,WESTERN CAPE,COLOURED,52,45-54,5
2204370,Filiberto ,Wigfall,Filiberto 44@abcmail.com,@Filiberto 4,MALE,GAUTENG,BLACK,33,25-34,3
2204385,Stefan ,Beville,Stefan 461@yahoo.com,@Stefan 46,MALE,WESTERN CAPE,COLOURED,31,25-34,3
2204405,Cory ,Pilot,Cory 103@mail.com,@Cory 10,MALE,GAUTENG,INDIAN_ASIAN,31,25-34,3
2204412,Donald ,Slane,Donald 221@yahoo.com,@Donald 22,MALE,KWAZULU NATAL,BLACK,57,55+,6
2204436,Stefan ,Hier,Stefan 461@yahoo.com,@Stefan 46,MALE,NORTHERN CAPE,COLOURED,39,35-44,4
2204439,Romeo ,Sieren,Romeo 371@yahoo.com,@Romeo 37,MALE,WESTERN CAPE,WHITE,61,55+,6
2204462,Efren ,Reisinger,Efren 134@abcmail.com,@Efren 13,MALE,KWAZULU NATAL,INDIAN_ASIAN,34,25-34,3
2204489,Randy ,Creager,Randy 392@gmail.com,@Randy 39,MALE,FREE STATE,BLACK,36,35-44,4
2204550,Kyle ,Nicholls,Kyle 65@mailxyz.com,@Kyle 6,MALE,EASTERN CAPE,UNKNOWN,39,35-44,4
2204563,Kip ,Tatham,Kip 142@gmail.com,@Kip 14,MALE,LIMPOPO,INDIAN_ASIAN,41,35-44,4
2204564,Robby ,Creager,Robby 161@yahoo.com,@Robby 16,MALE,WESTERN CAPE,COLOURED,35,35-44,4
2204601,Lucas ,Mastrangelo,Lucas 231@yahoo.com,@Lucas 23,MALE,EASTERN CAPE,BLACK,45,45-54,5
2204621,Lloyd ,Pilot,Lloyd 75@mailxyz.com,@Lloyd 7,MALE,LIMPOPO,INDIAN_ASIAN,35,35-44,4
2204640,Carlota ,Tancredi,Carlota 494@abcmail.com,@Carlota 49,FEMALE,GAUTENG,UNKNOWN,56,55+,6
2204671,Robby ,Mcclaine,Robby 161@yahoo.com,@Robby 16,MALE,WESTERN CAPE,COLOURED,41,35-44,4
2204684,Art ,Borelli,Art 402@gmail.com,@Art 40,MALE,GAUTENG,INDIAN_ASIAN,27,25-34,3
2204753,Raymundo ,Fudge,Raymundo 433@mail.com,@Raymundo 43,MALE,MPUMALANGA,INDIAN_ASIAN,35,35-44,4
2204775,Shandra ,Mccollum,Shandra 241@yahoo.com,@Shandra 24,FEMALE,NORTHERN CAPE,BLACK,67,55+,6
2204778,Irmgard ,Bilyeu,Irmgard 92@gmail.com,@Irmgard 9,FEMALE,EASTERN CAPE,WHITE,50,45-54,5
2204792,Michel ,Hier,Michel 204@abcmail.com,@Michel 20,MALE,WESTERN CAPE,COLOURED,42,35-44,4
2204800,Carter ,Vital,Carter 32@gmail.com,@Carter 3,MALE,LIMPOPO,INDIAN_ASIAN,28,25-34,3
2204805,Hugh,Paradis,Hugh13@mail.com,@Hugh1,MALE,LIMPOPO,INDIAN_ASIAN,33,25-34,3
2205173,Len ,Deblois,Len 444@abcmail.com,@Len 44,MALE,GAUTENG,UNKNOWN,24,18-24,2
2205372,Dion ,Jacox,Dion 335@mailxyz.com,@Dion 33,MALE,WESTERN CAPE,WHITE,29,25-34,3
2205383,Hyman ,Beville,Hyman 85@mailxyz.com,@Hyman 8,MALE,GAUTENG,BLACK,42,35-44,4
2205425,Markus ,Mccown,Markus 193@mail.com,@Markus 19,MALE,WESTERN CAPE,COLOURED,49,45-54,5
2205429,Eli ,Woolard,Eli 293@mail.com,@Eli 29,MALE,GAUTENG,BLACK,56,55+,6
2205434,Jared ,Zweifel,Jared 501@yahoo.com,@Jared 50,MALE,GAUTENG,BLACK,40,35-44,4
2205447,Markus ,Condie,Markus 191@yahoo.com,@Markus 19,MALE,WESTERN CAPE,COLOURED,47,45-54,5
2205469,Earl ,Crotty,Earl 422@gmail.com,@Earl 42,MALE,EASTERN CAPE,COLOURED,33,25-34,3
2205470,Teresia ,Beville,Teresia 152@gmail.com,@Teresia 15,FEMALE,EASTERN CAPE,BLACK,49,45-54,5
2205474,Kip ,Mcclaine,Kip 141@yahoo.com,@Kip 14,MALE,EASTERN CAPE,BLACK,62,55+,6
2205502,Haywood ,Fudge,Haywood 92@gmail.com,@Haywood 9,MALE,EASTERN CAPE,WHITE,49,45-54,5
2205512,Kip ,Hier,Kip 142@gmail.com,@Kip 14,MALE,WESTERN CAPE,COLOURED,34,25-34,3
2205520,Samuel ,Lavoie,Samuel 264@abcmail.com,@Samuel 26,MALE,GAUTENG,BLACK,41,35-44,4
2205521,Samuel ,Borelli,Samuel 261@yahoo.com,@Samuel 26,MALE,EASTERN CAPE,BLACK,31,25-34,3
2205523,Markus ,Reisinger,Markus 193@mail.com,@Markus 19,MALE,EASTERN CAPE,WHITE,43,35-44,4
2205568,Garry ,Beville,Garry 281@yahoo.com,@Garry 28,MALE,WESTERN CAPE,COLOURED,45,45-54,5
2216003,Bret ,Lavoie,Bret 314@abcmail.com,@Bret 31,MALE,FREE STATE,WHITE,30,25-34,3
2216346,Luann ,Mina,Luann 464@abcmail.com,@Luann 46,FEMALE,WESTERN CAPE,COLOURED,48,45-54,5
2216357,Robby ,Styer,Robby 163@mail.com,@Robby 16,MALE,WESTERN CAPE,BLACK,35,35-44,4
2216415,Claud ,Roquemore,Claud 341@yahoo.com,@Claud 34,MALE,FREE STATE,UNKNOWN,32,25-34,3
2216423,Nubia ,Sytsma,Nubia 344@abcmail.com,@Nubia 34,FEMALE,NORTHERN CAPE,COLOURED,40,35-44,4
2216498,Chas ,Singer,Chas 355@mailxyz.com,@Chas 35,MALE,NORTH WEST,WHITE,59,55+,6
2216512,Lloyd ,Curran,Lloyd 73@mail.com,@Lloyd 7,MALE,WESTERN CAPE,UNKNOWN,50,45-54,5
2216581,Hyman ,Woolard,Hyman 85@mailxyz.com,@Hyman 8,MALE,EASTERN CAPE,BLACK,47,45-54,5
2239503,Wilburn ,Woolard,Wilburn 302@gmail.com,@Wilburn 30,MALE,WESTERN CAPE,UNKNOWN,38,35-44,4
2239638,Bernardo ,Mina,Bernardo 323@mail.com,@Bernardo 32,MALE,LIMPOPO,INDIAN_ASIAN,40,35-44,4
2239795,Jacinto ,Mosser,Jacinto 253@mail.com,@Jacinto 25,MALE,GAUTENG,BLACK,28,25-34,3
2239815,Jacinto ,Holt,Jacinto 254@abcmail.com,@Jacinto 25,MALE,KWAZULU NATAL,BLACK,30,25-34,3
2255459,Michel ,Reisinger,Michel 201@yahoo.com,@Michel 20,MALE,MPUMALANGA,BLACK,22,18-24,2
2255463,Filiberto ,Curran,Filiberto 41@yahoo.com,@Filiberto 4,MALE,GAUTENG,BLACK,43,35-44,4
2255518,Royal ,Caves,Royal 175@mailxyz.com,@Royal 17,MALE,GAUTENG,BLACK,56,55+,6
2255559,Hyman ,Mina,Hyman 83@mail.com,@Hyman 8,MALE,MPUMALANGA,INDIAN_ASIAN,27,25-34,3
2259822,Carter ,Creager,Carter 32@gmail.com,@Carter 3,MALE,FREE STATE,BLACK,21,18-24,2
2259942,Carter ,Bilyeu,Carter 31@yahoo.com,@Carter 3,MALE,MPUMALANGA,BLACK,26,25-34,3
2259956,Randy ,Nicholls,Randy 395@mailxyz.com,@Randy 39,MALE,GAUTENG,BLACK,39,35-44,4
2274999,Eli ,Curran,Eli 291@yahoo.com,@Eli 29,MALE,GAUTENG,WHITE,33,25-34,3
2275001,Lloyd ,Roquemore,Lloyd 73@mail.com,@Lloyd 7,MALE,LIMPOPO,BLACK,43,35-44,4
2275017,Kip ,Hier,Kip 141@yahoo.com,@Kip 14,MALE,GAUTENG,WHITE,34,25-34,3
2275027,Royal ,Lavoie,Royal 174@abcmail.com,@Royal 17,MALE,GAUTENG,BLACK,58,55+,6
2285528,Filiberto ,Crotty,Filiberto 44@abcmail.com,@Filiberto 4,MALE,WESTERN CAPE,UNKNOWN,26,25-34,3
2285609,Robby ,Tatham,Robby 165@mailxyz.com,@Robby 16,MALE,KWAZULU NATAL,INDIAN_ASIAN,28,25-34,3
2285664,Dee ,Crotty,Dee 212@gmail.com,@Dee 21,MALE,MPUMALANGA,INDIAN_ASIAN,28,25-34,3
2285675,Wilton ,Jacox,Wilton 411@yahoo.com,@Wilton 41,MALE,GAUTENG,UNKNOWN,33,25-34,3
2285716,Wilton ,Sieren,Wilton 412@gmail.com,@Wilton 41,MALE,GAUTENG,WHITE,27,25-34,3
2285769,Lucas ,Nicholls,Lucas 235@mailxyz.com,@Lucas 23,MALE,GAUTENG,BLACK,37,35-44,4
2285790,Wilburn ,Wigfall,Wilburn 304@abcmail.com,@Wilburn 30,MALE,MPUMALANGA,UNKNOWN,46,45-54,5
2285914,Jacinto ,Holt,Jacinto 255@mailxyz.com,@Jacinto 25,MALE,LIMPOPO,BLACK,40,35-44,4
2285918,Hollis ,Tatham,Hollis 385@mailxyz.com,@Hollis 38,MALE,NORTHERN CAPE,BLACK,29,25-34,3
2285956,Wilburn ,Mosser,Wilburn 304@abcmail.com,@Wilburn 30,MALE,LIMPOPO,BLACK,40,35-44,4
2285984,Lucas ,Marek,Lucas 234@abcmail.com,@Lucas 23,MALE,EASTERN CAPE,COLOURED,42,35-44,4
2286975,Kyle ,Pascarella,Kyle 63@mail.com,@Kyle 6,MALE,GAUTENG,INDIAN_ASIAN,43,35-44,4
2287006,Hyman ,Zweifel,Hyman 85@mailxyz.com,@Hyman 8,MALE,GAUTENG,BLACK,33,25-34,3
2287109,Hyman ,Mcclaine,Hyman 81@yahoo.com,@Hyman 8,MALE,WESTERN CAPE,BLACK,27,25-34,3
2287122,Stefan ,Curran,Stefan 465@mailxyz.com,@Stefan 46,MALE,WESTERN CAPE,COLOURED,29,25-34,3
2287279,Loyd ,Mina,Loyd 492@gmail.com,@Loyd 49,MALE,GAUTENG,WHITE,27,25-34,3
2287393,Royal ,Slane,Royal 174@abcmail.com,@Royal 17,MALE,KWAZULU NATAL,BLACK,40,35-44,4
2287441,Emerson ,Tancredi,Emerson 244@abcmail.com,@Emerson 24,MALE,KWAZULU NATAL,BLACK,24,18-24,2
2287452,Yong ,Mcclaine,Yong 485@mailxyz.com,@Yong 48,MALE,GAUTENG,BLACK,45,45-54,5
2287495,Luanna ,Hoadley,Luanna 392@gmail.com,@Luanna 39,FEMALE,GAUTENG,UNKNOWN,15,<18,1
2287668,Efren ,Slane,Efren 135@mailxyz.com,@Efren 13,MALE,KWAZULU NATAL,BLACK,33,25-34,3
2287689,Romeo ,Zweifel,Romeo 371@yahoo.com,@Romeo 37,MALE,MPUMALANGA,BLACK,33,25-34,3
2287708,Donald ,Condie,Donald 224@abcmail.com,@Donald 22,MALE,LIMPOPO,INDIAN_ASIAN,29,25-34,3
2287875,Michel ,Creager,Michel 202@gmail.com,@Michel 20,MALE,GAUTENG,BLACK,46,45-54,5
2287916,Lucas ,Roquemore,Lucas 231@yahoo.com,@Lucas 23,MALE,KWAZULU NATAL,BLACK,31,25-34,3
2287969,Samuel ,Sytsma,Samuel 265@mailxyz.com,@Samuel 26,MALE,GAUTENG,WHITE,37,35-44,4
2287983,Eli ,Shkreli,Eli 293@mail.com,@Eli 29,MALE,MPUMALANGA,BLACK,24,18-24,2
2288416,Jared ,Martello,Jared 503@mail.com,@Jared 50,MALE,WESTERN CAPE,COLOURED,37,35-44,4
2288434,Dee ,Woolard,Dee 212@gmail.com,@Dee 21,MALE,GAUTENG,BLACK,37,35-44,4
2288446,Charlie ,Marek,Charlie 365@mailxyz.com,@Charlie 36,MALE,WESTERN CAPE,UNKNOWN,32,25-34,3
2288469,Hollis ,Pool,Hollis 382@gmail.com,@Hollis 38,MALE,LIMPOPO,INDIAN_ASIAN,34,25-34,3
2288585,Lillian ,Borelli,Lillian 33@mail.com,@Lillian 3,FEMALE,GAUTENG,UNKNOWN,37,35-44,4
2288634,Lloyd ,Hier,Lloyd 74@abcmail.com,@Lloyd 7,MALE,WESTERN CAPE,COLOURED,25,25-34,3
2288636,Stacy ,Crotty,Stacy 273@mail.com,@Stacy 27,MALE,LIMPOPO,BLACK,22,18-24,2
2288692,Royal ,Mosser,Royal 175@mailxyz.com,@Royal 17,MALE,LIMPOPO,INDIAN_ASIAN,31,25-34,3
2288719,Cory ,Mccown,Cory 105@mailxyz.com,@Cory 10,MALE,LIMPOPO,BLACK,61,55+,6
2288798,Meghann ,Curran,Meghann 141@yahoo.com,@Meghann 14,FEMALE,EASTERN CAPE,BLACK,41,35-44,4
2288802,Charlie ,Biggers,Charlie 365@mailxyz.com,@Charlie 36,MALE,GAUTENG,BLACK,35,35-44,4
2288807,Cory ,Hier,Cory 103@mail.com,@Cory 10,MALE,EASTERN CAPE,BLACK,60,55+,6
2288809,Lucas ,Pascarella,Lucas 234@abcmail.com,@Lucas 23,MALE,WESTERN CAPE,BLACK,27,25-34,3
2288835,Randy ,Mcculloch,Randy 394@abcmail.com,@Randy 39,MALE,WESTERN CAPE,COLOURED,42,35-44,4
2288883,Romeo ,Jacox,Romeo 375@mailxyz.com,@Romeo 37,MALE,GAUTENG,WHITE,31,25-34,3
2288897,Cory ,Bilyeu,Cory 105@mailxyz.com,@Cory 10,MALE,WESTERN CAPE,BLACK,42,35-44,4
2288904,Markus ,Sytsma,Markus 195@mailxyz.com,@Markus 19,MALE,GAUTENG,BLACK,35,35-44,4
2288944,Hyman ,Condie,Hyman 82@gmail.com,@Hyman 8,MALE,GAUTENG,BLACK,41,35-44,4
2288961,Minerva ,Marek,Minerva 44@abcmail.com,@Minerva 4,FEMALE,EASTERN CAPE,BLACK,13,<18,1
2288980,Cody ,Pilot,Cody 124@abcmail.com,@Cody 12,MALE,GAUTENG,INDIAN_ASIAN,33,25-34,3
2289028,Royal ,Luthy,Royal 173@mail.com,@Royal 17,MALE,WESTERN CAPE,COLOURED,46,45-54,5
2289038,Hyman ,Marek,Hyman 82@gmail.com,@Hyman 8,MALE,GAUTENG,WHITE,71,55+,6
2289102,Wilton ,Pool,Wilton 411@yahoo.com,@Wilton 41,MALE,WESTERN CAPE,COLOURED,47,45-54,5
2289112,Krysta ,Mastrangelo,Krysta 364@abcmail.com,@Krysta 36,FEMALE,LIMPOPO,WHITE,50,45-54,5
2289128,Bret ,Hier,Bret 312@gmail.com,@Bret 31,MALE,FREE STATE,UNKNOWN,31,25-34,3
2289153,Dion ,Mina,Dion 335@mailxyz.com,@Dion 33,MALE,GAUTENG,INDIAN_ASIAN,41,35-44,4
2289159,Gretta ,Mosser,Gretta 414@abcmail.com,@Gretta 41,FEMALE,GAUTENG,BLACK,32,25-34,3
2359724,Wilburn ,Sytsma,Wilburn 305@mailxyz.com,@Wilburn 30,MALE,WESTERN CAPE,COLOURED,36,35-44,4
2359733,Len ,Pascarella,Len 444@abcmail.com,@Len 44,MALE,GAUTENG,BLACK,43,35-44,4
2359771,Stefan ,Pascarella,Stefan 465@mailxyz.com,@Stefan 46,MALE,KWAZULU NATAL,INDIAN_ASIAN,35,35-44,4
2360014,Lloyd ,Zweifel,Lloyd 73@mail.com,@Lloyd 7,MALE,GAUTENG,UNKNOWN,61,55+,6
2360149,Raymundo ,Fudge,Raymundo 432@gmail.com,@Raymundo 43,MALE,EASTERN CAPE,COLOURED,41,35-44,4
2360176,Loyd ,Condie,Loyd 493@mail.com,@Loyd 49,MALE,MPUMALANGA,BLACK,43,35-44,4
2360194,Samuel ,Slane,Samuel 264@abcmail.com,@Samuel 26,MALE,WESTERN CAPE,COLOURED,70,55+,6
2360196,Charlie ,Reisinger,Charlie 362@gmail.com,@Charlie 36,MALE,GAUTENG,BLACK,52,45-54,5
2360203,Stacy ,Zweifel,Stacy 272@gmail.com,@Stacy 27,MALE,EASTERN CAPE,BLACK,42,35-44,4
2360230,Brendan ,Fudge,Brendan 454@abcmail.com,@Brendan 45,MALE,GAUTENG,BLACK,23,18-24,2
2360306,Kip ,Martello,Kip 141@yahoo.com,@Kip 14,MALE,KWAZULU NATAL,BLACK,28,25-34,3
2360308,Lane ,Martello,Lane 112@gmail.com,@Lane 11,MALE,WESTERN CAPE,WHITE,50,45-54,5
2360384,Robby ,Curran,Robby 164@abcmail.com,@Robby 16,MALE,MPUMALANGA,BLACK,37,35-44,4
2360394,Stefan ,Lavoie,Stefan 462@gmail.com,@Stefan 46,MALE,GAUTENG,WHITE,43,35-44,4
2360510,Brendan ,Reisinger,Brendan 451@yahoo.com,@Brendan 45,MALE,GAUTENG,INDIAN_ASIAN,36,35-44,4
2360532,Filiberto ,Sytsma,Filiberto 42@gmail.com,@Filiberto 4,MALE,WESTERN CAPE,COLOURED,55,55+,6
2360543,Haywood ,Styer,Haywood 92@gmail.com,@Haywood 9,MALE,LIMPOPO,INDIAN_ASIAN,31,25-34,3
2360667,Efren ,Mcculloch,Efren 132@gmail.com,@Efren 13,MALE,WESTERN CAPE,COLOURED,11,<18,1
2360696,Haywood ,Sytsma,Haywood 91@yahoo.com,@Haywood 9,MALE,GAUTENG,BLACK,30,25-34,3
2360715,Garry ,Fudge,Garry 285@mailxyz.com,@Garry 28,MALE,WESTERN CAPE,BLACK,24,18-24,2
2360820,Claud ,Slane,Claud 343@mail.com,@Claud 34,MALE,NORTH WEST,BLACK,47,45-54,5
2361049,Jacinto ,Jacox,Jacinto 251@yahoo.com,@Jacinto 25,MALE,GAUTENG,BLACK,48,45-54,5
2361100,Raymundo ,Restivo,Raymundo 432@gmail.com,@Raymundo 43,MALE,FREE STATE,WHITE,26,25-34,3
2361485,Samuel ,Slane,Samuel 262@gmail.com,@Samuel 26,MALE,WESTERN CAPE,COLOURED,30,25-34,3
2361547,Shelley ,Reisinger,Shelley 381@yahoo.com,@Shelley 38,FEMALE,GAUTENG,INDIAN_ASIAN,27,25-34,3
2361585,Michel ,Gettys,Michel 204@abcmail.com,@Michel 20,MALE,FREE STATE,WHITE,31,25-34,3
2361615,Raymundo ,Roquemore,Raymundo 433@mail.com,@Raymundo 43,MALE,MPUMALANGA,UNKNOWN,44,35-44,4
2361624,Hugh,Wigfall,Hugh14@abcmail.com,@Hugh1,MALE,EASTERN CAPE,COLOURED,52,45-54,5
2361635,Bernardo ,Paradis,Bernardo 322@gmail.com,@Bernardo 32,MALE,GAUTENG,COLOURED,47,45-54,5
2361656,Randy ,Hier,Randy 395@mailxyz.com,@Randy 39,MALE,WESTERN CAPE,BLACK,34,25-34,3
2361668,Lloyd ,Mastrangelo,Lloyd 74@abcmail.com,@Lloyd 7,MALE,LIMPOPO,INDIAN_ASIAN,31,25-34,3
2361696,Earl ,Sytsma,Earl 424@abcmail.com,@Earl 42,MALE,WESTERN CAPE,COLOURED,49,45-54,5
2361735,Eli ,Arrieta,Eli 292@gmail.com,@Eli 29,MALE,GAUTENG,OTHER,38,35-44,4
2361780,Dee ,Woolard,Dee 214@abcmail.com,@Dee 21,MALE,KWAZULU NATAL,BLACK,33,25-34,3
2361784,Hollis ,Luthy,Hollis 381@yahoo.com,@Hollis 38,MALE,WESTERN CAPE,COLOURED,26,25-34,3
2361803,Bret ,Hier,Bret 312@gmail.com,@Bret 31,MALE,WESTERN CAPE,UNKNOWN,44,35-44,4
2361806,Kip ,Vital,Kip 144@abcmail.com,@Kip 14,MALE,LIMPOPO,BLACK,25,25-34,3
2361839,Lloyd ,Condie,Lloyd 75@mailxyz.com,@Lloyd 7,MALE,FREE STATE,WHITE,45,45-54,5
2361856,Len ,Holt,Len 444@abcmail.com,@Len 44,MALE,WESTERN CAPE,WHITE,35,35-44,4
2361864,Lloyd ,Fudge,Lloyd 71@yahoo.com,@Lloyd 7,MALE,NORTHERN CAPE,WHITE,36,35-44,4
2361890,Loyd ,Luthy,Loyd 491@yahoo.com,@Loyd 49,MALE,GAUTENG,WHITE,43,35-44,4
2361894,Markus ,Nicholls,Markus 193@mail.com,@Markus 19,MALE,WESTERN CAPE,UNKNOWN,33,25-34,3
2361914,Donald ,Mccown,Donald 223@mail.com,@Donald 22,MALE,WESTERN CAPE,COLOURED,33,25-34,3
2361917,Raymundo ,Gettys,Raymundo 434@abcmail.com,@Raymundo 43,MALE,GAUTENG,WHITE,34,25-34,3
2361961,Brendan ,Singer,Brendan 451@yahoo.com,@Brendan 45,MALE,WESTERN CAPE,COLOURED,38,35-44,4
2361963,Hugh,Pascarella,Hugh15@mailxyz.com,@Hugh1,MALE,GAUTENG,WHITE,45,45-54,5
2361982,Irving ,Paradis,Irving 51@yahoo.com,@Irving 5,MALE,GAUTENG,WHITE,42,35-44,4
2362014,Kyle ,Tatham,Kyle 65@mailxyz.com,@Kyle 6,MALE,GAUTENG,BLACK,59,55+,6
2362108,Emerson ,Fudge,Emerson 241@yahoo.com,@Emerson 24,MALE,MPUMALANGA,BLACK,32,25-34,3
2362117,Hollis ,Lavoie,Hollis 382@gmail.com,@Hollis 38,MALE,GAUTENG,WHITE,21,18-24,2
2362118,Hyman ,Curran,Hyman 84@abcmail.com,@Hyman 8,MALE,GAUTENG,WHITE,45,45-54,5
2362147,Roxane ,Lavoie,Roxane 125@mailxyz.com,@Roxane 12,FEMALE,GAUTENG,WHITE,52,45-54,5
2362165,Chas ,Hoadley,Chas 351@yahoo.com,@Chas 35,MALE,LIMPOPO,BLACK,47,45-54,5
2362181,Samuel ,Tatham,Samuel 261@yahoo.com,@Samuel 26,MALE,MPUMALANGA,WHITE,48,45-54,5
2362188,Wilton ,Mcculloch,Wilton 412@gmail.com,@Wilton 41,MALE,NORTHERN CAPE,COLOURED,40,35-44,4
2362189,Loyd ,Mcclaine,Loyd 492@gmail.com,@Loyd 49,MALE,GAUTENG,WHITE,35,35-44,4
2362204,Carter ,Mosser,Carter 32@gmail.com,@Carter 3,MALE,WESTERN CAPE,UNKNOWN,45,45-54,5
2362214,Irving ,Jacox,Irving 51@yahoo.com,@Irving 5,MALE,GAUTENG,UNKNOWN,43,35-44,4
2362268,Efren ,Gettys,Efren 134@abcmail.com,@Efren 13,MALE,FREE STATE,WHITE,41,35-44,4
2368357,Kip ,Curran,Kip 141@yahoo.com,@Kip 14,MALE,GAUTENG,BLACK,37,35-44,4
2368365,Loyd ,Pascarella,Loyd 494@abcmail.com,@Loyd 49,MALE,LIMPOPO,COLOURED,27,25-34,3
2368371,Markus ,Arrieta,Markus 195@mailxyz.com,@Markus 19,MALE,WESTERN CAPE,COLOURED,44,35-44,4
2368559,Yong ,Marek,Yong 483@mail.com,@Yong 48,MALE,GAUTENG,BLACK,40,35-44,4
2368568,Raymundo ,Condie,Raymundo 435@mailxyz.com,@Raymundo 43,MALE,KWAZULU NATAL,INDIAN_ASIAN,49,45-54,5
2368583,Dion ,Woolard,Dion 331@yahoo.com,@Dion 33,MALE,LIMPOPO,INDIAN_ASIAN,27,25-34,3
2368619,Claud ,Mcculloch,Claud 342@gmail.com,@Claud 34,MALE,NORTH WEST,BLACK,23,18-24,2
2368689,Valentine ,Mina,Valentine 472@gmail.com,@Valentine 47,MALE,GAUTENG,BLACK,32,25-34,3
2368726,Bernardo ,Reisinger,Bernardo 322@gmail.com,@Bernardo 32,MALE,GAUTENG,UNKNOWN,46,45-54,5
2368744,Cory ,Sieren,Cory 101@yahoo.com,@Cory 10,MALE,MPUMALANGA,BLACK,27,25-34,3
2368806,Shane ,Condie,Shane 24@abcmail.com,@Shane 2,MALE,LIMPOPO,INDIAN_ASIAN,27,25-34,3
2368852,Filiberto ,Slane,Filiberto 43@mail.com,@Filiberto 4,MALE,MPUMALANGA,BLACK,35,35-44,4
2368907,Krysta ,Mastrangelo,Krysta 435@mailxyz.com,@Krysta 43,FEMALE,GAUTENG,WHITE,40,35-44,4
2368931,Abel ,Lavoie,Abel 185@mailxyz.com,@Abel 18,MALE,LIMPOPO,INDIAN_ASIAN,38,35-44,4
2368945,Luanna ,Hoadley,Luanna 501@yahoo.com,@Luanna 50,FEMALE,WESTERN CAPE,COLOURED,42,35-44,4
2368953,Filiberto ,Marek,Filiberto 43@mail.com,@Filiberto 4,MALE,GAUTENG,INDIAN_ASIAN,40,35-44,4
2368983,Len ,Mccown,Len 444@abcmail.com,@Len 44,MALE,MPUMALANGA,BLACK,24,18-24,2
2368984,Lucas ,Beville,Lucas 235@mailxyz.com,@Lucas 23,MALE,LIMPOPO,INDIAN_ASIAN,28,25-34,3
2369134,Markus ,Wigfall,Markus 194@abcmail.com,@Markus 19,MALE,GAUTENG,INDIAN_ASIAN,39,35-44,4
2369183,Romeo ,Martello,Romeo 374@abcmail.com,@Romeo 37,MALE,NORTH WEST,INDIAN_ASIAN,25,25-34,3
2369190,Filiberto ,Tancredi,Filiberto 42@gmail.com,@Filiberto 4,MALE,EASTERN CAPE,BLACK,52,45-54,5
2369191,Desirae ,Luthy,Desirae 82@gmail.com,@Desirae 8,FEMALE,WESTERN CAPE,WHITE,35,35-44,4
2369209,Len ,Langenfeld,Len 442@gmail.com,@Len 44,MALE,MPUMALANGA,BLACK,17,<18,1
2369217,Raymundo ,Biggers,Raymundo 434@abcmail.com,@Raymundo 43,MALE,MPUMALANGA,BLACK,52,45-54,5
2369221,Royal ,Styer,Royal 174@abcmail.com,@Royal 17,MALE,NORTH WEST,BLACK,44,35-44,4
2369233,Kip ,Mastrangelo,Kip 141@yahoo.com,@Kip 14,MALE,MPUMALANGA,INDIAN_ASIAN,40,35-44,4
2369252,Hyman ,Restivo,Hyman 83@mail.com,@Hyman 8,MALE,GAUTENG,INDIAN_ASIAN,30,25-34,3
2369305,Lane ,Roquemore,Lane 114@abcmail.com,@Lane 11,MALE,LIMPOPO,INDIAN_ASIAN,10,<18,1
2369332,Samuel ,Pilot,Samuel 265@mailxyz.com,@Samuel 26,MALE,EASTERN CAPE,COLOURED,29,25-34,3
2369354,Jared ,Pilot,Jared 503@mail.com,@Jared 50,MALE,GAUTENG,INDIAN_ASIAN,48,45-54,5
2369463,Cody ,Gettys,Cody 124@abcmail.com,@Cody 12,MALE,GAUTENG,BLACK,41,35-44,4
2369526,Yolonda ,Pascarella,Yolonda 474@abcmail.com,@Yolonda 47,FEMALE,GAUTENG,COLOURED,29,25-34,3
2369557,Art ,Mosser,Art 402@gmail.com,@Art 40,MALE,FREE STATE,INDIAN_ASIAN,39,35-44,4
2369580,Cory ,Gettys,Cory 102@gmail.com,@Cory 10,MALE,GAUTENG,INDIAN_ASIAN,37,35-44,4
2369633,Stefan ,Mcclaine,Stefan 462@gmail.com,@Stefan 46,MALE,KWAZULU NATAL,BLACK,32,25-34,3
2369649,Markus ,Sytsma,Markus 192@gmail.com,@Markus 19,MALE,WESTERN CAPE,COLOURED,39,35-44,4
2369747,Shane ,Beville,Shane 24@abcmail.com,@Shane 2,MALE,WESTERN CAPE,COLOURED,33,25-34,3
2369752,Stacy ,Tatham,Stacy 273@mail.com,@Stacy 27,MALE,GAUTENG,BLACK,43,35-44,4
2369753,Mellie ,Creager,Mellie 94@abcmail.com,@Mellie 9,FEMALE,GAUTENG,INDIAN_ASIAN,30,25-34,3
2369759,Cody ,Pool,Cody 125@mailxyz.com,@Cody 12,MALE,LIMPOPO,INDIAN_ASIAN,30,25-34,3
2369761,Abel ,Lavoie,Abel 183@mail.com,@Abel 18,MALE,GAUTENG,BLACK,39,35-44,4
2369790,Yong ,Curran,Yong 484@abcmail.com,@Yong 48,MALE,MPUMALANGA,INDIAN_ASIAN,26,25-34,3
2369809,Kip ,Creager,Kip 142@gmail.com,@Kip 14,MALE,KWAZULU NATAL,OTHER,28,25-34,3
2369817,Valentine ,Tatham,Valentine 472@gmail.com,@Valentine 47,MALE,LIMPOPO,INDIAN_ASIAN,32,25-34,3
2369849,Roxana ,Nicholls,Roxana 81@yahoo.com,@Roxana 8,FEMALE,NORTHERN CAPE,BLACK,39,35-44,4
2369881,Hugh,Mastrangelo,Hugh12@gmail.com,@Hugh1,MALE,WESTERN CAPE,COLOURED,30,25-34,3
2369889,Jacinto ,Hier,Jacinto 252@gmail.com,@Jacinto 25,MALE,NORTH WEST,BLACK,27,25-34,3
2369920,Donald ,Jacox,Donald 222@gmail.com,@Donald 22,MALE,GAUTENG,INDIAN_ASIAN,22,18-24,2
2369921,Kip ,Creager,Kip 144@abcmail.com,@Kip 14,MALE,EASTERN CAPE,BLACK,67,55+,6
2369934,Torrie ,Mcclaine,Torrie 265@mailxyz.com,@Torrie 26,FEMALE,WESTERN CAPE,COLOURED,30,25-34,3
2369962,Hugh,Sieren,Hugh12@gmail.com,@Hugh1,MALE,GAUTENG,INDIAN_ASIAN,44,35-44,4
2369968,Efren ,Mina,Efren 134@abcmail.com,@Efren 13,MALE,MPUMALANGA,BLACK,26,25-34,3
2369979,Krysta ,Mastrangelo,Krysta 414@abcmail.com,@Krysta 41,FEMALE,NORTH WEST,BLACK,33,25-34,3
2369982,Donald ,Hoadley,Donald 225@mailxyz.com,@Donald 22,MALE,MPUMALANGA,UNKNOWN,39,35-44,4
2370034,Emerson ,Leicht,Emerson 245@mailxyz.com,@Emerson 24,MALE,WESTERN CAPE,COLOURED,30,25-34,3
2370069,Iva ,Styer,Iva 384@abcmail.com,@Iva 38,FEMALE,KWAZULU NATAL,BLACK,34,25-34,3
2370118,Donald ,Luthy,Donald 221@yahoo.com,@Donald 22,MALE,GAUTENG,INDIAN_ASIAN,35,35-44,4
2370155,Lane ,Deblois,Lane 113@mail.com,@Lane 11,MALE,GAUTENG,BLACK,30,25-34,3
2370220,Cody ,Lavoie,Cody 124@abcmail.com,@Cody 12,MALE,EASTERN CAPE,WHITE,27,25-34,3
2370319,Garry ,Restivo,Garry 284@abcmail.com,@Garry 28,MALE,LIMPOPO,UNKNOWN,27,25-34,3
2370403,Lloyd ,Langenfeld,Lloyd 73@mail.com,@Lloyd 7,MALE,GAUTENG,COLOURED,30,25-34,3
2370467,Lucas ,Tatham,Lucas 233@mail.com,@Lucas 23,MALE,GAUTENG,BLACK,30,25-34,3
2370492,Abel ,Holt,Abel 181@yahoo.com,@Abel 18,MALE,MPUMALANGA,UNKNOWN,32,25-34,3
2370560,Lane ,Mccown,Lane 111@yahoo.com,@Lane 11,MALE,EASTERN CAPE,COLOURED,31,25-34,3
2370617,Cody ,Jacox,Cody 122@gmail.com,@Cody 12,MALE,LIMPOPO,INDIAN_ASIAN,35,35-44,4
2370632,Charlie ,Langenfeld,Charlie 361@yahoo.com,@Charlie 36,MALE,LIMPOPO,INDIAN_ASIAN,52,45-54,5
2370645,Hyman ,Hier,Hyman 82@gmail.com,@Hyman 8,MALE,NORTH WEST,BLACK,24,18-24,2
2370685,Lloyd ,Tancredi,Lloyd 74@abcmail.com,@Lloyd 7,MALE,FREE STATE,BLACK,46,45-54,5
2370690,Charlie ,Gettys,Charlie 362@gmail.com,@Charlie 36,MALE,LIMPOPO,INDIAN_ASIAN,26,25-34,3
2370769,Yolonda ,Pascarella,Yolonda 255@mailxyz.com,@Yolonda 25,FEMALE,GAUTENG,BLACK,33,25-34,3
2370806,Romeo ,Creager,Romeo 371@yahoo.com,@Romeo 37,MALE,WESTERN CAPE,COLOURED,38,35-44,4
2370841,Cody ,Langenfeld,Cody 125@mailxyz.com,@Cody 12,MALE,GAUTENG,INDIAN_ASIAN,46,45-54,5
2370842,Dee ,Jacox,Dee 215@mailxyz.com,@Dee 21,MALE,LIMPOPO,INDIAN_ASIAN,36,35-44,4
2370889,Roxana ,Nicholls,Roxana 494@abcmail.com,@Roxana 49,FEMALE,GAUTENG,BLACK,27,25-34,3
2370894,Randy ,Lavoie,Randy 395@mailxyz.com,@Randy 39,MALE,WESTERN CAPE,BLACK,24,18-24,2
2370925,Eli ,Tatham,Eli 292@gmail.com,@Eli 29,MALE,WESTERN CAPE,COLOURED,43,35-44,4
2370940,Romeo ,Luthy,Romeo 373@mail.com,@Romeo 37,MALE,MPUMALANGA,UNKNOWN,31,25-34,3
2370981,Romeo ,Tatham,Romeo 373@mail.com,@Romeo 37,MALE,KWAZULU NATAL,BLACK,41,35-44,4
2370990,Michel ,Luthy,Michel 202@gmail.com,@Michel 20,MALE,WESTERN CAPE,COLOURED,32,25-34,3
2371000,Reagan ,Biggers,Reagan 81@yahoo.com,@Reagan 8,FEMALE,EASTERN CAPE,WHITE,53,45-54,5
2371031,Bernardo ,Pascarella,Bernardo 324@abcmail.com,@Bernardo 32,MALE,WESTERN CAPE,COLOURED,55,55+,6
2371044,Robby ,Pilot,Robby 164@abcmail.com,@Robby 16,MALE,MPUMALANGA,WHITE,37,35-44,4
2371059,Cory ,Gettys,Cory 101@yahoo.com,@Cory 10,MALE,GAUTENG,INDIAN_ASIAN,16,<18,1
2371070,Hyman ,Hoadley,Hyman 82@gmail.com,@Hyman 8,MALE,GAUTENG,UNKNOWN,32,25-34,3
2371074,Donald ,Hoadley,Donald 221@yahoo.com,@Donald 22,MALE,WESTERN CAPE,BLACK,41,35-44,4
2371138,Royal ,Mosser,Royal 171@yahoo.com,@Royal 17,MALE,WESTERN CAPE,COLOURED,26,25-34,3
2371146,Haywood ,Marek,Haywood 93@mail.com,@Haywood 9,MALE,EASTERN CAPE,BLACK,51,45-54,5
2371148,Lucas ,Styer,Lucas 235@mailxyz.com,@Lucas 23,MALE,WESTERN CAPE,COLOURED,25,25-34,3
2371165,Claud ,Sieren,Claud 343@mail.com,@Claud 34,MALE,GAUTENG,BLACK,42,35-44,4
2371179,Claud ,Paradis,Claud 343@mail.com,@Claud 34,MALE,GAUTENG,WHITE,51,45-54,5
2371206,Claud ,Martello,Claud 345@mailxyz.com,@Claud 34,MALE,WESTERN CAPE,COLOURED,35,35-44,4
2371211,Brendan ,Luthy,Brendan 451@yahoo.com,@Brendan 45,MALE,GAUTENG,UNKNOWN,43,35-44,4
2371216,Cory ,Marek,Cory 101@yahoo.com,@Cory 10,MALE,GAUTENG,BLACK,47,45-54,5
2371220,Wilton ,Marek,Wilton 415@mailxyz.com,@Wilton 41,MALE,MPUMALANGA,COLOURED,32,25-34,3
2371221,Randy ,Biggers,Randy 394@abcmail.com,@Randy 39,MALE,WESTERN CAPE,BLACK,35,35-44,4
2371239,Samuel ,Creager,Samuel 265@mailxyz.com,@Samuel 26,MALE,KWAZULU NATAL,BLACK,45,45-54,5
2371243,Markus ,Caves,Markus 193@mail.com,@Markus 19,MALE,GAUTENG,BLACK,44,35-44,4
2371257,Romeo ,Pascarella,Romeo 373@mail.com,@Romeo 37,MALE,LIMPOPO,INDIAN_ASIAN,32,25-34,3
2371316,Hugh,Reisinger,Hugh13@mail.com,@Hugh1,MALE,WESTERN CAPE,WHITE,31,25-34,3
2371321,Jared ,Martello,Jared 502@gmail.com,@Jared 50,MALE,WESTERN CAPE,UNKNOWN,38,35-44,4
2371341,Efren ,Jacox,Efren 134@abcmail.com,@Efren 13,MALE,GAUTENG,INDIAN_ASIAN,46,45-54,5
2371354,Adela ,Vital,Adela 12@gmail.com,@Adela 1,FEMALE,GAUTENG,BLACK,35,35-44,4
2371355,Abel ,Mina,Abel 181@yahoo.com,@Abel 18,MALE,GAUTENG,BLACK,36,35-44,4
2371356,Felipa ,Mcculloch,Felipa 223@mail.com,@Felipa 22,FEMALE,GAUTENG,BLACK,29,25-34,3
2371357,Earline ,Zweifel,Earline 174@abcmail.com,@Earline 17,FEMALE,GAUTENG,BLACK,34,25-34,3
2371360,Michel ,Pascarella,Michel 201@yahoo.com,@Michel 20,MALE,WESTERN CAPE,BLACK,28,25-34,3
2371367,Eli ,Singer,Eli 292@gmail.com,@Eli 29,MALE,GAUTENG,UNKNOWN,56,55+,6
2393200,Hugh,Tatham,Hugh15@mailxyz.com,@Hugh1,MALE,FREE STATE,UNKNOWN,31,25-34,3
2393231,Eli ,Marek,Eli 293@mail.com,@Eli 29,MALE,GAUTENG,BLACK,25,25-34,3
2405263,Filiberto ,Curran,Filiberto 42@gmail.com,@Filiberto 4,MALE,GAUTENG,BLACK,30,25-34,3
2405338,Len ,Pool,Len 444@abcmail.com,@Len 44,MALE,FREE STATE,WHITE,21,18-24,2
2405343,Royal ,Beville,Royal 171@yahoo.com,@Royal 17,MALE,EASTERN CAPE,COLOURED,47,45-54,5
2405348,Stefan ,Fudge,Stefan 462@gmail.com,@Stefan 46,MALE,GAUTENG,BLACK,43,35-44,4
2406478,Raymundo ,Luthy,Raymundo 434@abcmail.com,@Raymundo 43,MALE,EASTERN CAPE,UNKNOWN,39,35-44,4
2406521,Stephen ,Styer,Stephen 151@yahoo.com,@Stephen 15,MALE,KWAZULU NATAL,INDIAN_ASIAN,33,25-34,3
2406529,Raymundo ,Wigfall,Raymundo 432@gmail.com,@Raymundo 43,MALE,NORTHERN CAPE,BLACK,26,25-34,3
2406558,Kyle ,Mccown,Kyle 61@yahoo.com,@Kyle 6,MALE,WESTERN CAPE,COLOURED,50,45-54,5
2406577,Dion ,Tatham,Dion 333@mail.com,@Dion 33,MALE,GAUTENG,BLACK,29,25-34,3
2406686,Carter ,Singer,Carter 31@yahoo.com,@Carter 3,MALE,NORTH WEST,WHITE,41,35-44,4
2407123,Kyle ,Holt,Kyle 64@abcmail.com,@Kyle 6,MALE,MPUMALANGA,BLACK,24,18-24,2
2414971,Hugh,Luthy,Hugh15@mailxyz.com,@Hugh1,MALE,GAUTENG,WHITE,32,25-34,3
2415002,Stefan ,Wigfall,Stefan 464@abcmail.com,@Stefan 46,MALE,GAUTENG,INDIAN_ASIAN,29,25-34,3
2415023,Earl ,Pool,Earl 422@gmail.com,@Earl 42,MALE,FREE STATE,WHITE,35,35-44,4
2415033,Abel ,Leicht,Abel 183@mail.com,@Abel 18,MALE,NORTH WEST,WHITE,69,55+,6
2415044,Markus ,Pilot,Markus 191@yahoo.com,@Markus 19,MALE,NORTHERN CAPE,INDIAN_ASIAN,24,18-24,2
2415057,Carter ,Bilyeu,Carter 32@gmail.com,@Carter 3,MALE,GAUTENG,WHITE,47,45-54,5
2415063,Loyd ,Borelli,Loyd 492@gmail.com,@Loyd 49,MALE,LIMPOPO,INDIAN_ASIAN,22,18-24,2
2415070,Hollis ,Mcculloch,Hollis 384@abcmail.com,@Hollis 38,MALE,WESTERN CAPE,COLOURED,41,35-44,4
2415093,Lucas ,Slane,Lucas 232@gmail.com,@Lucas 23,MALE,WESTERN CAPE,BLACK,34,25-34,3
2415096,Hugh,Luthy,Hugh14@abcmail.com,@Hugh1,MALE,WESTERN CAPE,COLOURED,44,35-44,4
2415121,Lane ,Arrieta,Lane 111@yahoo.com,@Lane 11,MALE,EASTERN CAPE,BLACK,23,18-24,2
2415185,Irving ,Wigfall,Irving 54@abcmail.com,@Irving 5,MALE,KWAZULU NATAL,BLACK,28,25-34,3
2415186,Yong ,Sieren,Yong 483@mail.com,@Yong 48,MALE,WESTERN CAPE,COLOURED,42,35-44,4
2415188,Jared ,Pilot,Jared 502@gmail.com,@Jared 50,MALE,GAUTENG,UNKNOWN,37,35-44,4
2415212,Eli ,Mastrangelo,Eli 291@yahoo.com,@Eli 29,MALE,WESTERN CAPE,COLOURED,31,25-34,3
2415235,Desirae ,Luthy,Desirae 302@gmail.com,@Desirae 30,FEMALE,GAUTENG,WHITE,37,35-44,4
2420497,Kyle ,Beville,Kyle 61@yahoo.com,@Kyle 6,MALE,WESTERN CAPE,COLOURED,22,18-24,2
2420731,Wilburn ,Marek,Wilburn 301@yahoo.com,@Wilburn 30,MALE,GAUTENG,BLACK,43,35-44,4
2420956,Wilburn ,Roquemore,Wilburn 301@yahoo.com,@Wilburn 30,MALE,LIMPOPO,INDIAN_ASIAN,36,35-44,4
2420980,Romeo ,Condie,Romeo 371@yahoo.com,@Romeo 37,MALE,KWAZULU NATAL,BLACK,43,35-44,4
2421104,Eli ,Mccown,Eli 295@mailxyz.com,@Eli 29,MALE,MPUMALANGA,BLACK,27,25-34,3
2421222,Lucas ,Tancredi,Lucas 232@gmail.com,@Lucas 23,MALE,GAUTENG,COLOURED,46,45-54,5
2421326,Emerson ,Marek,Emerson 241@yahoo.com,@Emerson 24,MALE,WESTERN CAPE,UNKNOWN,44,35-44,4
2421404,Dee ,Paradis,Dee 213@mail.com,@Dee 21,MALE,KWAZULU NATAL,INDIAN_ASIAN,36,35-44,4
2421483,Raymundo ,Langenfeld,Raymundo 434@abcmail.com,@Raymundo 43,MALE,WESTERN CAPE,COLOURED,36,35-44,4
2421492,Cody ,Mina,Cody 121@yahoo.com,@Cody 12,MALE,GAUTENG,BLACK,23,18-24,2
2421529,Dee ,Zweifel,Dee 213@mail.com,@Dee 21,MALE,LIMPOPO,INDIAN_ASIAN,30,25-34,3
2421538,Lloyd ,Roquemore,Lloyd 75@mailxyz.com,@Lloyd 7,MALE,MPUMALANGA,INDIAN_ASIAN,30,25-34,3
2421592,Minerva ,Marek,Minerva 235@mailxyz.com,@Minerva 23,FEMALE,GAUTENG,INDIAN_ASIAN,30,25-34,3
2421738,Wilton ,Tatham,Wilton 413@mail.com,@Wilton 41,MALE,GAUTENG,INDIAN_ASIAN,30,25-34,3
2421788,Jacinto ,Slane,Jacinto 252@gmail.com,@Jacinto 25,MALE,GAUTENG,BLACK,46,45-54,5
2421805,Felipa ,Mcculloch,Felipa 14@abcmail.com,@Felipa 1,FEMALE,GAUTENG,BLACK,42,35-44,4
2421855,Loyd ,Deblois,Loyd 494@abcmail.com,@Loyd 49,MALE,LIMPOPO,INDIAN_ASIAN,41,35-44,4
2422135,Earline ,Zweifel,Earline 353@mail.com,@Earline 35,FEMALE,NORTH WEST,INDIAN_ASIAN,26,25-34,3
2422144,Kyle ,Wigfall,Kyle 62@gmail.com,@Kyle 6,MALE,GAUTENG,INDIAN_ASIAN,34,25-34,3
2422252,Abel ,Slane,Abel 183@mail.com,@Abel 18,MALE,GAUTENG,INDIAN_ASIAN,41,35-44,4
2422360,Dion ,Mcculloch,Dion 331@yahoo.com,@Dion 33,MALE,WESTERN CAPE,COLOURED,36,35-44,4
2422435,Earl ,Creager,Earl 422@gmail.com,@Earl 42,MALE,GAUTENG,COLOURED,28,25-34,3
2422534,Bret ,Zweifel,Bret 314@abcmail.com,@Bret 31,MALE,LIMPOPO,INDIAN_ASIAN,32,25-34,3
2422598,Abel ,Creager,Abel 181@yahoo.com,@Abel 18,MALE,GAUTENG,BLACK,31,25-34,3
2422617,Abel ,Martello,Abel 184@abcmail.com,@Abel 18,MALE,KWAZULU NATAL,BLACK,36,35-44,4
2422691,Brendan ,Mcclaine,Brendan 454@abcmail.com,@Brendan 45,MALE,WESTERN CAPE,INDIAN_ASIAN,24,18-24,2
2422749,Lloyd ,Deblois,Lloyd 74@abcmail.com,@Lloyd 7,MALE,GAUTENG,WHITE,57,55+,6
2422776,Irving ,Creager,Irving 52@gmail.com,@Irving 5,MALE,GAUTENG,WHITE,20,18-24,2
2422825,Charlie ,Arrieta,Charlie 364@abcmail.com,@Charlie 36,MALE,FREE STATE,INDIAN_ASIAN,37,35-44,4
2422954,Valentine ,Singer,Valentine 473@mail.com,@Valentine 47,MALE,WESTERN CAPE,COLOURED,36,35-44,4
2422976,Williemae ,Holt,Williemae 405@mailxyz.com,@Williemae 40,FEMALE,GAUTENG,BLACK,10,<18,1
2423049,Efren ,Mosser,Efren 133@mail.com,@Efren 13,MALE,KWAZULU NATAL,INDIAN_ASIAN,37,35-44,4
2423050,Bret ,Curran,Bret 315@mailxyz.com,@Bret 31,MALE,GAUTENG,INDIAN_ASIAN,39,35-44,4
2423095,Eli ,Mccollum,Eli 291@yahoo.com,@Eli 29,MALE,GAUTENG,WHITE,33,25-34,3
2423099,Shelley ,Reisinger,Shelley 52@gmail.com,@Shelley 5,FEMALE,WESTERN CAPE,BLACK,36,35-44,4
2423136,Jacinto ,Crotty,Jacinto 252@gmail.com,@Jacinto 25,MALE,WESTERN CAPE,COLOURED,43,35-44,4
2423144,Garry ,Creager,Garry 285@mailxyz.com,@Garry 28,MALE,GAUTENG,INDIAN_ASIAN,38,35-44,4
2423149,Chas ,Mina,Chas 354@abcmail.com,@Chas 35,MALE,EASTERN CAPE,BLACK,45,45-54,5
2423154,Raymundo ,Nicholls,Raymundo 434@abcmail.com,@Raymundo 43,MALE,WESTERN CAPE,COLOURED,35,35-44,4
2425604,Tiffani ,Pilot,Tiffani 433@mail.com,@Tiffani 43,FEMALE,GAUTENG,WHITE,51,45-54,5
2425739,Michel ,Roquemore,Michel 201@yahoo.com,@Michel 20,MALE,GAUTENG,COLOURED,54,45-54,5
2425806,Bret ,Sytsma,Bret 314@abcmail.com,@Bret 31,MALE,GAUTENG,BLACK,41,35-44,4
2426146,Lillian ,Borelli,Lillian 365@mailxyz.com,@Lillian 36,FEMALE,WESTERN CAPE,COLOURED,35,35-44,4
2426196,Haywood ,Langenfeld,Haywood 95@mailxyz.com,@Haywood 9,MALE,LIMPOPO,INDIAN_ASIAN,34,25-34,3
2426231,Markus ,Caves,Markus 195@mailxyz.com,@Markus 19,MALE,GAUTENG,INDIAN_ASIAN,32,25-34,3
2426271,Samuel ,Pool,Samuel 264@abcmail.com,@Samuel 26,MALE,MPUMALANGA,WHITE,51,45-54,5
2426439,Carter ,Styer,Carter 33@mail.com,@Carter 3,MALE,WESTERN CAPE,COLOURED,35,35-44,4
2426477,Brendan ,Borelli,Brendan 454@abcmail.com,@Brendan 45,MALE,GAUTENG,BLACK,57,55+,6
2426592,Cody ,Nicholls,Cody 122@gmail.com,@Cody 12,MALE,LIMPOPO,INDIAN_ASIAN,32,25-34,3
2426670,Efren ,Langenfeld,Efren 134@abcmail.com,@Efren 13,MALE,EASTERN CAPE,BLACK,50,45-54,5
2426685,Len ,Wigfall,Len 445@mailxyz.com,@Len 44,MALE,LIMPOPO,INDIAN_ASIAN,27,25-34,3
2426726,Alissa ,Woolard,Alissa 43@mail.com,@Alissa 4,FEMALE,MPUMALANGA,INDIAN_ASIAN,25,25-34,3
2426740,Samuel ,Beville,Samuel 264@abcmail.com,@Samuel 26,MALE,WESTERN CAPE,COLOURED,37,35-44,4
2426776,Claud ,Pilot,Claud 345@mailxyz.com,@Claud 34,MALE,WESTERN CAPE,UNKNOWN,10,<18,1
2426866,Claud ,Hoadley,Claud 345@mailxyz.com,@Claud 34,MALE,MPUMALANGA,INDIAN_ASIAN,30,25-34,3
2426887,Wilburn ,Slane,Wilburn 301@yahoo.com,@Wilburn 30,MALE,GAUTENG,INDIAN_ASIAN,40,35-44,4
2426920,Filiberto ,Beville,Filiberto 45@mailxyz.com,@Filiberto 4,MALE,KWAZULU NATAL,BLACK,29,25-34,3
2426928,Lillian ,Borelli,Lillian 231@yahoo.com,@Lillian 23,FEMALE,GAUTENG,WHITE,28,25-34,3
2426946,Bret ,Fudge,Bret 312@gmail.com,@Bret 31,MALE,MPUMALANGA,WHITE,32,25-34,3
2427141,Stacy ,Arrieta,Stacy 274@abcmail.com,@Stacy 27,MALE,EASTERN CAPE,BLACK,33,25-34,3
2427199,Wilburn ,Styer,Wilburn 303@mail.com,@Wilburn 30,MALE,LIMPOPO,INDIAN_ASIAN,26,25-34,3
2427210,Chas ,Arrieta,Chas 351@yahoo.com,@Chas 35,MALE,WESTERN CAPE,INDIAN_ASIAN,30,25-34,3
2427278,Jacinto ,Biggers,Jacinto 251@yahoo.com,@Jacinto 25,MALE,EASTERN CAPE,INDIAN_ASIAN,30,25-34,3
2427309,Stacy ,Vital,Stacy 274@abcmail.com,@Stacy 27,MALE,EASTERN CAPE,COLOURED,34,25-34,3
2427404,Hyman ,Mastrangelo,Hyman 85@mailxyz.com,@Hyman 8,MALE,EASTERN CAPE,COLOURED,24,18-24,2
2427460,Emerson ,Zweifel,Emerson 243@mail.com,@Emerson 24,MALE,LIMPOPO,INDIAN_ASIAN,25,25-34,3
2428091,Stacy ,Pool,Stacy 273@mail.com,@Stacy 27,MALE,WESTERN CAPE,COLOURED,31,25-34,3
2428163,Claud ,Pascarella,Claud 345@mailxyz.com,@Claud 34,MALE,WESTERN CAPE,BLACK,48,45-54,5
2428210,Stefan ,Holt,Stefan 462@gmail.com,@Stefan 46,MALE,KWAZULU NATAL,BLACK,34,25-34,3
2428274,Lucas ,Deblois,Lucas 235@mailxyz.com,@Lucas 23,MALE,KWAZULU NATAL,BLACK,51,45-54,5
2428347,Hyman ,Styer,Hyman 85@mailxyz.com,@Hyman 8,MALE,WESTERN CAPE,WHITE,41,35-44,4
2428407,Randy ,Fudge,Randy 393@mail.com,@Randy 39,MALE,GAUTENG,WHITE,59,55+,6
2428509,Kyle ,Tancredi,Kyle 62@gmail.com,@Kyle 6,MALE,WESTERN CAPE,COLOURED,30,25-34,3
2429528,Randy ,Sieren,Randy 394@abcmail.com,@Randy 39,MALE,GAUTENG,UNKNOWN,30,25-34,3
828799,Romeo ,Mastrangelo,Romeo 375@mailxyz.com,@Romeo 37,MALE,MPUMALANGA,UNKNOWN,38,35-44,4
933014,Bernardo ,Marek,Bernardo 324@abcmail.com,@Bernardo 32,MALE,LIMPOPO,BLACK,19,18-24,2
889840,Stefan ,Paradis,Stefan 463@mail.com,@Stefan 46,MALE,MPUMALANGA,BLACK,31,25-34,3
853642,Dion ,Leicht,Dion 335@mailxyz.com,@Dion 33,MALE,KWAZULU NATAL,COLOURED,24,18-24,2
1293309,Dion ,Mastrangelo,Dion 334@abcmail.com,@Dion 33,MALE,LIMPOPO,INDIAN_ASIAN,30,25-34,3
853655,Earl ,Restivo,Earl 425@mailxyz.com,@Earl 42,MALE,GAUTENG,BLACK,20,18-24,2
777084,Hyman ,Mcculloch,Hyman 82@gmail.com,@Hyman 8,MALE,NORTH WEST,BLACK,28,25-34,3
875048,Lane ,Langenfeld,Lane 114@abcmail.com,@Lane 11,MALE,GAUTENG,INDIAN_ASIAN,25,25-34,3
919222,Dee ,Curran,Dee 212@gmail.com,@Dee 21,MALE,LIMPOPO,BLACK,26,25-34,3
2023963,Hugh,Biggers,Hugh12@gmail.com,@Hugh1,MALE,KWAZULU NATAL,INDIAN_ASIAN,32,25-34,3
805455,Luanna ,Hoadley,Luanna 253@mail.com,@Luanna 25,FEMALE,LIMPOPO,BLACK,28,25-34,3
922283,Michel ,Beville,Michel 201@yahoo.com,@Michel 20,MALE,LIMPOPO,INDIAN_ASIAN,22,18-24,2
1095602,Jared ,Singer,Jared 504@abcmail.com,@Jared 50,MALE,GAUTENG,WHITE,37,35-44,4
930111,Earl ,Sytsma,Earl 423@mail.com,@Earl 42,MALE,GAUTENG,BLACK,29,25-34,3
432894,Lesli ,Martello,Lesli 342@gmail.com,@Lesli 34,FEMALE,MPUMALANGA,BLACK,35,35-44,4
71489,Kip ,Mcculloch,Kip 145@mailxyz.com,@Kip 14,MALE,KWAZULU NATAL,BLACK,25,25-34,3
242356,Stacy ,Singer,Stacy 273@mail.com,@Stacy 27,MALE,GAUTENG,WHITE,30,25-34,3
86703,Len ,Hier,Len 443@mail.com,@Len 44,MALE,GAUTENG,INDIAN_ASIAN,24,18-24,2
997491,Lloyd ,Gettys,Lloyd 75@mailxyz.com,@Lloyd 7,MALE,WESTERN CAPE,BLACK,29,25-34,3
889100,Hyman ,Gettys,Hyman 85@mailxyz.com,@Hyman 8,MALE,GAUTENG,BLACK,39,35-44,4
933291,Shane ,Mosser,Shane 23@mail.com,@Shane 2,MALE,GAUTENG,BLACK,41,35-44,4
939838,Iva ,Styer,Iva 123@mail.com,@Iva 12,FEMALE,GAUTENG,BLACK,32,25-34,3
333816,Carter ,Mina,Carter 33@mail.com,@Carter 3,MALE,LIMPOPO,BLACK,19,18-24,2
2059372,Stefan ,Luthy,Stefan 461@yahoo.com,@Stefan 46,MALE,GAUTENG,BLACK,33,25-34,3
887130,Michel ,Luthy,Michel 205@mailxyz.com,@Michel 20,MALE,NORTH WEST,BLACK,29,25-34,3
921254,Jacinto ,Mccown,Jacinto 254@abcmail.com,@Jacinto 25,MALE,WESTERN CAPE,UNKNOWN,41,35-44,4
898831,Samuel ,Langenfeld,Samuel 262@gmail.com,@Samuel 26,MALE,GAUTENG,WHITE,26,25-34,3
936702,Cody ,Mina,Cody 124@abcmail.com,@Cody 12,MALE,KWAZULU NATAL,BLACK,33,25-34,3
872104,Lucas ,Crotty,Lucas 233@mail.com,@Lucas 23,MALE,WESTERN CAPE,COLOURED,24,18-24,2
841680,Eli ,Sytsma,Eli 291@yahoo.com,@Eli 29,MALE,KWAZULU NATAL,BLACK,60,55+,6
174422,Bernardo ,Gettys,Bernardo 321@yahoo.com,@Bernardo 32,MALE,KWAZULU NATAL,BLACK,37,35-44,4
918442,Emerson ,Singer,Emerson 244@abcmail.com,@Emerson 24,MALE,LIMPOPO,INDIAN_ASIAN,46,45-54,5
1057483,Claud ,Shkreli,Claud 345@mailxyz.com,@Claud 34,MALE,GAUTENG,WHITE,29,25-34,3
257113,Shane ,Woolard,Shane 25@mailxyz.com,@Shane 2,MALE,KWAZULU NATAL,BLACK,27,25-34,3
1391279,Randy ,Paradis,Randy 393@mail.com,@Randy 39,MALE,GAUTENG,INDIAN_ASIAN,31,25-34,3
968315,Bret ,Roquemore,Bret 315@mailxyz.com,@Bret 31,MALE,KWAZULU NATAL,INDIAN_ASIAN,21,18-24,2
848249,Adela ,Vital,Adela 411@yahoo.com,@Adela 41,FEMALE,WESTERN CAPE,COLOURED,42,35-44,4
1398493,Cody ,Mina,Cody 124@abcmail.com,@Cody 12,MALE,MPUMALANGA,COLOURED,47,45-54,5
1873225,Yong ,Roquemore,Yong 482@gmail.com,@Yong 48,MALE,KWAZULU NATAL,BLACK,37,35-44,4
859803,Jacinto ,Pool,Jacinto 254@abcmail.com,@Jacinto 25,MALE,WESTERN CAPE,BLACK,41,35-44,4
880726,Earl ,Jacox,Earl 425@mailxyz.com,@Earl 42,MALE,GAUTENG,INDIAN_ASIAN,38,35-44,4
760863,Stephen ,Crotty,Stephen 153@mail.com,@Stephen 15,MALE,EASTERN CAPE,COLOURED,38,35-44,4
174189,Hugh,Slane,Hugh11@yahoo.com,@Hugh1,MALE,GAUTENG,BLACK,43,35-44,4
120688,Earline ,Zweifel,Earline 94@abcmail.com,@Earline 9,FEMALE,GAUTENG,COLOURED,23,18-24,2
958175,Stephen ,Hier,Stephen 154@abcmail.com,@Stephen 15,MALE,GAUTENG,WHITE,57,55+,6
1447831,Jared ,Leicht,Jared 503@mail.com,@Jared 50,MALE,GAUTENG,BLACK,22,18-24,2
1289864,Eli ,Langenfeld,Eli 292@gmail.com,@Eli 29,MALE,KWAZULU NATAL,INDIAN_ASIAN,26,25-34,3
861773,Desirae ,Luthy,Desirae 452@gmail.com,@Desirae 45,FEMALE,LIMPOPO,BLACK,31,25-34,3
796033,Shane ,Curran,Shane 21@yahoo.com,@Shane 2,MALE,LIMPOPO,BLACK,25,25-34,3
943214,Royal ,Creager,Royal 174@abcmail.com,@Royal 17,MALE,GAUTENG,INDIAN_ASIAN,25,25-34,3
869202,Eula ,Mccown,Eula 111@yahoo.com,@Eula 11,FEMALE,MPUMALANGA,UNKNOWN,36,35-44,4
899033,Samuel ,Pilot,Samuel 262@gmail.com,@Samuel 26,MALE,LIMPOPO,INDIAN_ASIAN,35,35-44,4
905163,Wilton ,Vital,Wilton 414@abcmail.com,@Wilton 41,MALE,WESTERN CAPE,COLOURED,43,35-44,4
822832,Lucas ,Crotty,Lucas 235@mailxyz.com,@Lucas 23,MALE,GAUTENG,BLACK,25,25-34,3
466620,Randy ,Langenfeld,Randy 395@mailxyz.com,@Randy 39,MALE,NORTHERN CAPE,BLACK,27,25-34,3
919772,Garry ,Sieren,Garry 285@mailxyz.com,@Garry 28,MALE,GAUTENG,INDIAN_ASIAN,41,35-44,4
537082,Lloyd ,Arrieta,Lloyd 71@yahoo.com,@Lloyd 7,MALE,KWAZULU NATAL,WHITE,22,18-24,2
764995,Earl ,Fudge,Earl 423@mail.com,@Earl 42,MALE,GAUTENG,BLACK,45,45-54,5
988056,Chas ,Gettys,Chas 351@yahoo.com,@Chas 35,MALE,WESTERN CAPE,COLOURED,37,35-44,4
800825,Stephen ,Wigfall,Stephen 152@gmail.com,@Stephen 15,MALE,KWAZULU NATAL,BLACK,30,25-34,3
764405,Jacinto ,Slane,Jacinto 252@gmail.com,@Jacinto 25,MALE,GAUTENG,BLACK,37,35-44,4
894339,Efren ,Wigfall,Efren 133@mail.com,@Efren 13,MALE,KWAZULU NATAL,INDIAN_ASIAN,35,35-44,4
838360,Haywood ,Gettys,Haywood 95@mailxyz.com,@Haywood 9,MALE,WESTERN CAPE,UNKNOWN,28,25-34,3
904546,Yong ,Holt,Yong 483@mail.com,@Yong 48,MALE,KWAZULU NATAL,WHITE,14,<18,1
608113,Loyd ,Restivo,Loyd 493@mail.com,@Loyd 49,MALE,GAUTENG,BLACK,25,25-34,3
559573,Efren ,Mina,Efren 132@gmail.com,@Efren 13,MALE,FREE STATE,WHITE,25,25-34,3
924949,Wilton ,Leicht,Wilton 411@yahoo.com,@Wilton 41,MALE,GAUTENG,INDIAN_ASIAN,27,25-34,3
636026,Blanca ,Slane,Blanca 331@yahoo.com,@Blanca 33,FEMALE,GAUTENG,WHITE,39,35-44,4
636445,Abel ,Luthy,Abel 185@mailxyz.com,@Abel 18,MALE,GAUTENG,BLACK,32,25-34,3
483,Hyman ,Lavoie,Hyman 83@mail.com,@Hyman 8,MALE,WESTERN CAPE,COLOURED,34,25-34,3
801275,Robby ,Sieren,Robby 161@yahoo.com,@Robby 16,MALE,NORTH WEST,WHITE,24,18-24,2
767592,Carter ,Creager,Carter 32@gmail.com,@Carter 3,MALE,GAUTENG,BLACK,37,35-44,4
1324574,Robby ,Creager,Robby 164@abcmail.com,@Robby 16,MALE,GAUTENG,BLACK,39,35-44,4
806460,Stacy ,Woolard,Stacy 272@gmail.com,@Stacy 27,MALE,KWAZULU NATAL,INDIAN_ASIAN,39,35-44,4
1376155,Krysta ,Mastrangelo,Krysta 181@yahoo.com,@Krysta 18,FEMALE,LIMPOPO,BLACK,26,25-34,3
360908,Loyd ,Martello,Loyd 492@gmail.com,@Loyd 49,MALE,WESTERN CAPE,COLOURED,44,35-44,4
779908,Claud ,Mccown,Claud 342@gmail.com,@Claud 34,MALE,GAUTENG,BLACK,51,45-54,5
582896,Yong ,Caves,Yong 485@mailxyz.com,@Yong 48,MALE,WESTERN CAPE,WHITE,19,18-24,2
887640,Claud ,Zweifel,Claud 343@mail.com,@Claud 34,MALE,KWAZULU NATAL,UNKNOWN,43,35-44,4
441086,Markus ,Luthy,Markus 191@yahoo.com,@Markus 19,MALE,WESTERN CAPE,BLACK,24,18-24,2
673900,Art ,Shkreli,Art 405@mailxyz.com,@Art 40,MALE,NORTHERN CAPE,WHITE,31,25-34,3
777655,Royal ,Pool,Royal 174@abcmail.com,@Royal 17,MALE,MPUMALANGA,BLACK,28,25-34,3
824262,Claud ,Arrieta,Claud 343@mail.com,@Claud 34,MALE,GAUTENG,BLACK,47,45-54,5
510591,Art ,Fudge,Art 405@mailxyz.com,@Art 40,MALE,WESTERN CAPE,BLACK,19,18-24,2
1519602,Art ,Shkreli,Art 401@yahoo.com,@Art 40,MALE,GAUTENG,BLACK,34,25-34,3
614900,Bernardo ,Tatham,Bernardo 324@abcmail.com,@Bernardo 32,MALE,WESTERN CAPE,COLOURED,28,25-34,3
336966,Alissa ,Woolard,Alissa 22@gmail.com,@Alissa 2,FEMALE,WESTERN CAPE,BLACK,31,25-34,3
799085,Kyle ,Sytsma,Kyle 62@gmail.com,@Kyle 6,MALE,GAUTENG,WHITE,22,18-24,2
50671,Romeo ,Restivo,Romeo 373@mail.com,@Romeo 37,MALE,KWAZULU NATAL,INDIAN_ASIAN,51,45-54,5
877297,Brendan ,Paradis,Brendan 451@yahoo.com,@Brendan 45,MALE,GAUTENG,INDIAN_ASIAN,28,25-34,3
962150,Claud ,Mina,Claud 342@gmail.com,@Claud 34,MALE,GAUTENG,INDIAN_ASIAN,31,25-34,3
1542251,Filiberto ,Caves,Filiberto 44@abcmail.com,@Filiberto 4,MALE,MPUMALANGA,BLACK,36,35-44,4
1543966,Garry ,Bilyeu,Garry 281@yahoo.com,@Garry 28,MALE,WESTERN CAPE,COLOURED,49,45-54,5
28363,Lloyd ,Reisinger,Lloyd 71@yahoo.com,@Lloyd 7,MALE,GAUTENG,BLACK,37,35-44,4
484936,Dion ,Deblois,Dion 332@gmail.com,@Dion 33,MALE,EASTERN CAPE,BLACK,37,35-44,4
666034,Kyle ,Hier,Kyle 65@mailxyz.com,@Kyle 6,MALE,LIMPOPO,INDIAN_ASIAN,34,25-34,3
568751,Lillian ,Borelli,Lillian 105@mailxyz.com,@Lillian 10,FEMALE,KWAZULU NATAL,BLACK,23,18-24,2
1150536,Stephen ,Mosser,Stephen 153@mail.com,@Stephen 15,MALE,GAUTENG,INDIAN_ASIAN,31,25-34,3
920091,Stephen ,Mina,Stephen 153@mail.com,@Stephen 15,MALE,GAUTENG,INDIAN_ASIAN,40,35-44,4
848852,Garry ,Jacox,Garry 283@mail.com,@Garry 28,MALE,WESTERN CAPE,WHITE,17,<18,1
828445,Samuel ,Creager,Samuel 265@mailxyz.com,@Samuel 26,MALE,KWAZULU NATAL,BLACK,33,25-34,3
340840,Chas ,Caves,Chas 351@yahoo.com,@Chas 35,MALE,WESTERN CAPE,COLOURED,32,25-34,3
923479,Winona ,Wigfall,Winona 25@mailxyz.com,@Winona 2,FEMALE,LIMPOPO,INDIAN_ASIAN,35,35-44,4
723531,Shelley ,Reisinger,Shelley 412@gmail.com,@Shelley 41,FEMALE,NORTHERN CAPE,BLACK,35,35-44,4
888028,Krysta ,Mastrangelo,Krysta 133@mail.com,@Krysta 13,FEMALE,NORTH WEST,BLACK,32,25-34,3
750418,Charlie ,Mcclaine,Charlie 361@yahoo.com,@Charlie 36,MALE,NORTH WEST,WHITE,37,35-44,4
815235,Brendan ,Luthy,Brendan 452@gmail.com,@Brendan 45,MALE,GAUTENG,BLACK,29,25-34,3
761618,Stefan ,Holt,Stefan 462@gmail.com,@Stefan 46,MALE,GAUTENG,BLACK,26,25-34,3
92798,Cory ,Fudge,Cory 104@abcmail.com,@Cory 10,MALE,GAUTENG,BLACK,29,25-34,3
1476710,Williemae ,Holt,Williemae 335@mailxyz.com,@Williemae 33,FEMALE,GAUTENG,BLACK,19,18-24,2
32180,Lloyd ,Paradis,Lloyd 73@mail.com,@Lloyd 7,MALE,NORTH WEST,BLACK,54,45-54,5
677589,Carter ,Beville,Carter 33@mail.com,@Carter 3,MALE,NORTHERN CAPE,BLACK,30,25-34,3
796527,Stacy ,Marek,Stacy 275@mailxyz.com,@Stacy 27,MALE,GAUTENG,BLACK,32,25-34,3
780047,Jared ,Pilot,Jared 502@gmail.com,@Jared 50,MALE,LIMPOPO,INDIAN_ASIAN,34,25-34,3
2158646,Romeo ,Deblois,Romeo 371@yahoo.com,@Romeo 37,MALE,GAUTENG,BLACK,33,25-34,3
860414,Efren ,Jacox,Efren 134@abcmail.com,@Efren 13,MALE,GAUTENG,COLOURED,25,25-34,3
1566681,Markus ,Zweifel,Markus 191@yahoo.com,@Markus 19,MALE,MPUMALANGA,BLACK,41,35-44,4
640446,Art ,Mosser,Art 402@gmail.com,@Art 40,MALE,EASTERN CAPE,COLOURED,55,55+,6
828496,Raymundo ,Lavoie,Raymundo 435@mailxyz.com,@Raymundo 43,MALE,WESTERN CAPE,COLOURED,30,25-34,3
755243,Winona ,Wigfall,Winona 324@abcmail.com,@Winona 32,FEMALE,GAUTENG,BLACK,35,35-44,4
763930,Emerson ,Deblois,Emerson 242@gmail.com,@Emerson 24,MALE,WESTERN CAPE,COLOURED,43,35-44,4
923646,Randy ,Creager,Randy 392@gmail.com,@Randy 39,MALE,MPUMALANGA,BLACK,21,18-24,2
821732,Bret ,Fudge,Bret 314@abcmail.com,@Bret 31,MALE,WESTERN CAPE,COLOURED,49,45-54,5
900013,Bret ,Vital,Bret 312@gmail.com,@Bret 31,MALE,LIMPOPO,INDIAN_ASIAN,33,25-34,3
906690,Hyman ,Roquemore,Hyman 83@mail.com,@Hyman 8,MALE,KWAZULU NATAL,INDIAN_ASIAN,26,25-34,3
775591,Charlie ,Curran,Charlie 363@mail.com,@Charlie 36,MALE,GAUTENG,BLACK,27,25-34,3
667568,Wilton ,Zweifel,Wilton 413@mail.com,@Wilton 41,MALE,GAUTENG,WHITE,34,25-34,3
846154,Hollis ,Beville,Hollis 381@yahoo.com,@Hollis 38,MALE,WESTERN CAPE,COLOURED,32,25-34,3
543090,Efren ,Creager,Efren 134@abcmail.com,@Efren 13,MALE,KWAZULU NATAL,OTHER,32,25-34,3
839494,Haywood ,Gettys,Haywood 92@gmail.com,@Haywood 9,MALE,GAUTENG,BLACK,39,35-44,4
878832,Irmgard ,Bilyeu,Irmgard 205@mailxyz.com,@Irmgard 20,FEMALE,WESTERN CAPE,WHITE,34,25-34,3
928080,Royal ,Shkreli,Royal 175@mailxyz.com,@Royal 17,MALE,LIMPOPO,INDIAN_ASIAN,26,25-34,3
849265,Kip ,Mcculloch,Kip 141@yahoo.com,@Kip 14,MALE,GAUTENG,UNKNOWN,22,18-24,2
888374,Cory ,Mina,Cory 102@gmail.com,@Cory 10,MALE,GAUTENG,BLACK,34,25-34,3
796995,Adela ,Vital,Adela 101@yahoo.com,@Adela 10,FEMALE,KWAZULU NATAL,BLACK,22,18-24,2
989729,Stephen ,Borelli,Stephen 153@mail.com,@Stephen 15,MALE,GAUTENG,INDIAN_ASIAN,29,25-34,3
1061893,Dee ,Beville,Dee 211@yahoo.com,@Dee 21,MALE,EASTERN CAPE,INDIAN_ASIAN,23,18-24,2
1020107,Yolonda ,Pascarella,Yolonda 425@mailxyz.com,@Yolonda 42,FEMALE,GAUTENG,BLACK,28,25-34,3
889619,Hugh,Caves,Hugh12@gmail.com,@Hugh1,MALE,FREE STATE,INDIAN_ASIAN,32,25-34,3
873453,Carter ,Lavoie,Carter 31@yahoo.com,@Carter 3,MALE,MPUMALANGA,BLACK,48,45-54,5
755065,Robby ,Restivo,Robby 162@gmail.com,@Robby 16,MALE,GAUTENG,BLACK,39,35-44,4
623435,Filiberto ,Borelli,Filiberto 43@mail.com,@Filiberto 4,MALE,KWAZULU NATAL,WHITE,46,45-54,5
389478,Wilton ,Sytsma,Wilton 413@mail.com,@Wilton 41,MALE,WESTERN CAPE,COLOURED,39,35-44,4
1691012,Charlie ,Sieren,Charlie 361@yahoo.com,@Charlie 36,MALE,GAUTENG,INDIAN_ASIAN,23,18-24,2
98717,Earl ,Zweifel,Earl 422@gmail.com,@Earl 42,MALE,FREE STATE,BLACK,24,18-24,2
830310,Earl ,Shkreli,Earl 424@abcmail.com,@Earl 42,MALE,WESTERN CAPE,COLOURED,32,25-34,3
966404,Art ,Nicholls,Art 404@abcmail.com,@Art 40,MALE,MPUMALANGA,BLACK,29,25-34,3
773180,Jacinto ,Mastrangelo,Jacinto 253@mail.com,@Jacinto 25,MALE,GAUTENG,COLOURED,29,25-34,3
378360,Loyd ,Mina,Loyd 495@mailxyz.com,@Loyd 49,MALE,WESTERN CAPE,COLOURED,47,45-54,5
920698,Yong ,Hier,Yong 483@mail.com,@Yong 48,MALE,MPUMALANGA,WHITE,34,25-34,3
1151139,Bernardo ,Mcculloch,Bernardo 323@mail.com,@Bernardo 32,MALE,GAUTENG,WHITE,33,25-34,3
301198,Claud ,Mcculloch,Claud 341@yahoo.com,@Claud 34,MALE,GAUTENG,BLACK,41,35-44,4
814835,Jacinto ,Mcculloch,Jacinto 255@mailxyz.com,@Jacinto 25,MALE,GAUTENG,WHITE,31,25-34,3
840760,Earl ,Bilyeu,Earl 423@mail.com,@Earl 42,MALE,GAUTENG,BLACK,29,25-34,3
1072207,Samuel ,Tatham,Samuel 263@mail.com,@Samuel 26,MALE,NORTHERN CAPE,WHITE,65,55+,6
770384,Donald ,Holt,Donald 224@abcmail.com,@Donald 22,MALE,GAUTENG,BLACK,23,18-24,2
785792,Dia ,Arrieta,Dia 12@gmail.com,@Dia 1,FEMALE,NORTH WEST,BLACK,34,25-34,3
955342,Donald ,Tancredi,Donald 224@abcmail.com,@Donald 22,MALE,GAUTENG,INDIAN_ASIAN,31,25-34,3
447632,Cody ,Lavoie,Cody 122@gmail.com,@Cody 12,MALE,GAUTENG,WHITE,36,35-44,4
1684152,Wilburn ,Biggers,Wilburn 303@mail.com,@Wilburn 30,MALE,EASTERN CAPE,UNKNOWN,53,45-54,5
1686981,Claud ,Zweifel,Claud 343@mail.com,@Claud 34,MALE,GAUTENG,WHITE,35,35-44,4
955565,Shane ,Lavoie,Shane 25@mailxyz.com,@Shane 2,MALE,EASTERN CAPE,COLOURED,27,25-34,3
815728,Valentine ,Marek,Valentine 472@gmail.com,@Valentine 47,MALE,KWAZULU NATAL,BLACK,35,35-44,4
839814,Lucas ,Bilyeu,Lucas 232@gmail.com,@Lucas 23,MALE,EASTERN CAPE,BLACK,32,25-34,3
385740,Efren ,Zweifel,Efren 135@mailxyz.com,@Efren 13,MALE,NORTHERN CAPE,BLACK,39,35-44,4
462169,Lane ,Creager,Lane 114@abcmail.com,@Lane 11,MALE,GAUTENG,WHITE,45,45-54,5
1726104,Dee ,Bilyeu,Dee 214@abcmail.com,@Dee 21,MALE,FREE STATE,INDIAN_ASIAN,36,35-44,4
115025,Raymundo ,Mccown,Raymundo 431@yahoo.com,@Raymundo 43,MALE,GAUTENG,UNKNOWN,47,45-54,5
836784,Carlota ,Tancredi,Carlota 103@mail.com,@Carlota 10,FEMALE,LIMPOPO,UNKNOWN,37,35-44,4
611044,Filiberto ,Hier,Filiberto 44@abcmail.com,@Filiberto 4,MALE,GAUTENG,INDIAN_ASIAN,34,25-34,3
891436,Lloyd ,Caves,Lloyd 71@yahoo.com,@Lloyd 7,MALE,WESTERN CAPE,COLOURED,30,25-34,3
1120547,Seema ,Fudge,Seema 205@mailxyz.com,@Seema 20,FEMALE,WESTERN CAPE,COLOURED,23,18-24,2
909975,Charlie ,Vital,Charlie 365@mailxyz.com,@Charlie 36,MALE,GAUTENG,WHITE,51,45-54,5
787449,Abel ,Curran,Abel 184@abcmail.com,@Abel 18,MALE,MPUMALANGA,BLACK,34,25-34,3
736338,Raymundo ,Slane,Raymundo 434@abcmail.com,@Raymundo 43,MALE,GAUTENG,BLACK,44,35-44,4
813903,Claud ,Nicholls,Claud 345@mailxyz.com,@Claud 34,MALE,NORTH WEST,UNKNOWN,61,55+,6
934989,Efren ,Biggers,Efren 135@mailxyz.com,@Efren 13,MALE,GAUTENG,BLACK,30,25-34,3
736297,Bernardo ,Borelli,Bernardo 321@yahoo.com,@Bernardo 32,MALE,EASTERN CAPE,BLACK,46,45-54,5
760598,Gretta ,Mosser,Gretta 311@yahoo.com,@Gretta 31,FEMALE,MPUMALANGA,BLACK,45,45-54,5
620753,Efren ,Mina,Efren 134@abcmail.com,@Efren 13,MALE,EASTERN CAPE,COLOURED,40,35-44,4
213644,Hyman ,Mcculloch,Hyman 82@gmail.com,@Hyman 8,MALE,GAUTENG,WHITE,45,45-54,5
488378,Wilburn ,Holt,Wilburn 304@abcmail.com,@Wilburn 30,MALE,LIMPOPO,UNKNOWN,39,35-44,4
951970,Seema ,Fudge,Seema 163@mail.com,@Seema 16,FEMALE,EASTERN CAPE,BLACK,31,25-34,3
1794145,Hollis ,Tancredi,Hollis 381@yahoo.com,@Hollis 38,MALE,KWAZULU NATAL,UNKNOWN,34,25-34,3
802228,Kip ,Singer,Kip 141@yahoo.com,@Kip 14,MALE,FREE STATE,WHITE,21,18-24,2
898365,Wilburn ,Shkreli,Wilburn 302@gmail.com,@Wilburn 30,MALE,GAUTENG,BLACK,36,35-44,4
607197,Kip ,Zweifel,Kip 144@abcmail.com,@Kip 14,MALE,GAUTENG,BLACK,43,35-44,4
935120,Jared ,Styer,Jared 501@yahoo.com,@Jared 50,MALE,GAUTENG,BLACK,42,35-44,4
533093,Cory ,Nicholls,Cory 102@gmail.com,@Cory 10,MALE,NORTH WEST,WHITE,47,45-54,5
382733,Chas ,Martello,Chas 355@mailxyz.com,@Chas 35,MALE,NORTHERN CAPE,BLACK,31,25-34,3
819123,Hugh,Mosser,Hugh14@abcmail.com,@Hugh1,MALE,EASTERN CAPE,UNKNOWN,51,45-54,5
153218,Abel ,Leicht,Abel 184@abcmail.com,@Abel 18,MALE,KWAZULU NATAL,INDIAN_ASIAN,47,45-54,5
861532,Kyle ,Wigfall,Kyle 65@mailxyz.com,@Kyle 6,MALE,GAUTENG,UNKNOWN,48,45-54,5
1008867,Eli ,Borelli,Eli 292@gmail.com,@Eli 29,MALE,GAUTENG,WHITE,38,35-44,4
131579,Michel ,Luthy,Michel 205@mailxyz.com,@Michel 20,MALE,GAUTENG,BLACK,54,45-54,5
901044,Cory ,Hoadley,Cory 103@mail.com,@Cory 10,MALE,GAUTENG,BLACK,37,35-44,4
263937,Sharri ,Tatham,Sharri 245@mailxyz.com,@Sharri 24,FEMALE,FREE STATE,BLACK,43,35-44,4
107098,Dee ,Langenfeld,Dee 211@yahoo.com,@Dee 21,MALE,GAUTENG,BLACK,42,35-44,4
847050,Valentine ,Curran,Valentine 471@yahoo.com,@Valentine 47,MALE,EASTERN CAPE,WHITE,33,25-34,3
918216,Roxane ,Lavoie,Roxane 471@yahoo.com,@Roxane 47,FEMALE,EASTERN CAPE,BLACK,29,25-34,3
914943,Hyman ,Singer,Hyman 85@mailxyz.com,@Hyman 8,MALE,NORTH WEST,WHITE,49,45-54,5
877370,Samuel ,Nicholls,Samuel 263@mail.com,@Samuel 26,MALE,WESTERN CAPE,OTHER,29,25-34,3
927853,Michel ,Styer,Michel 201@yahoo.com,@Michel 20,MALE,NORTH WEST,BLACK,43,35-44,4
142804,Carlota ,Tancredi,Carlota 445@mailxyz.com,@Carlota 44,FEMALE,KWAZULU NATAL,UNKNOWN,40,35-44,4
878744,Michel ,Sytsma,Michel 205@mailxyz.com,@Michel 20,MALE,EASTERN CAPE,WHITE,23,18-24,2
896664,Stacy ,Condie,Stacy 275@mailxyz.com,@Stacy 27,MALE,GAUTENG,INDIAN_ASIAN,23,18-24,2
915669,Emerson ,Tatham,Emerson 242@gmail.com,@Emerson 24,MALE,EASTERN CAPE,BLACK,33,25-34,3
843200,Nubia ,Sytsma,Nubia 33@mail.com,@Nubia 3,FEMALE,GAUTENG,WHITE,40,35-44,4
864804,Chas ,Singer,Chas 352@gmail.com,@Chas 35,MALE,GAUTENG,WHITE,34,25-34,3
891517,Emerson ,Slane,Emerson 245@mailxyz.com,@Emerson 24,MALE,KWAZULU NATAL,BLACK,25,25-34,3
1888752,Yong ,Mccollum,Yong 482@gmail.com,@Yong 48,MALE,KWAZULU NATAL,WHITE,45,45-54,5
948343,Nakita ,Pool,Nakita 393@mail.com,@Nakita 39,FEMALE,GAUTENG,BLACK,34,25-34,3
928855,Yong ,Pool,Yong 483@mail.com,@Yong 48,MALE,KWAZULU NATAL,INDIAN_ASIAN,43,35-44,4
2324585,Chas ,Zweifel,Chas 355@mailxyz.com,@Chas 35,MALE,LIMPOPO,BLACK,38,35-44,4
103076,Randy ,Singer,Randy 393@mail.com,@Randy 39,MALE,FREE STATE,BLACK,31,25-34,3
886210,Jared ,Martello,Jared 503@mail.com,@Jared 50,MALE,GAUTENG,BLACK,58,55+,6
705439,Stefan ,Styer,Stefan 461@yahoo.com,@Stefan 46,MALE,LIMPOPO,BLACK,19,18-24,2
759157,Stacy ,Sieren,Stacy 272@gmail.com,@Stacy 27,MALE,LIMPOPO,BLACK,26,25-34,3
920073,Bernardo ,Mastrangelo,Bernardo 323@mail.com,@Bernardo 32,MALE,GAUTENG,INDIAN_ASIAN,38,35-44,4
1575314,Jacinto ,Luthy,Jacinto 253@mail.com,@Jacinto 25,MALE,LIMPOPO,INDIAN_ASIAN,35,35-44,4
774118,Hugh,Curran,Hugh11@yahoo.com,@Hugh1,MALE,EASTERN CAPE,BLACK,29,25-34,3
1616710,Hugh,Paradis,Hugh14@abcmail.com,@Hugh1,MALE,LIMPOPO,INDIAN_ASIAN,43,35-44,4
597646,Irving ,Jacox,Irving 51@yahoo.com,@Irving 5,MALE,KWAZULU NATAL,INDIAN_ASIAN,20,18-24,2
597444,Wilburn ,Mccown,Wilburn 303@mail.com,@Wilburn 30,MALE,LIMPOPO,BLACK,25,25-34,3
729539,Lucas ,Caves,Lucas 234@abcmail.com,@Lucas 23,MALE,WESTERN CAPE,WHITE,39,35-44,4
733873,Hollis ,Luthy,Hollis 385@mailxyz.com,@Hollis 38,MALE,NORTH WEST,WHITE,25,25-34,3
765577,Earl ,Caves,Earl 421@yahoo.com,@Earl 42,MALE,EASTERN CAPE,BLACK,29,25-34,3
1431969,Romeo ,Crotty,Romeo 372@gmail.com,@Romeo 37,MALE,LIMPOPO,BLACK,23,18-24,2
818280,Len ,Singer,Len 444@abcmail.com,@Len 44,MALE,KWAZULU NATAL,INDIAN_ASIAN,23,18-24,2
586066,Royal ,Vital,Royal 173@mail.com,@Royal 17,MALE,MPUMALANGA,WHITE,29,25-34,3
604369,Bernardo ,Arrieta,Bernardo 324@abcmail.com,@Bernardo 32,MALE,KWAZULU NATAL,BLACK,29,25-34,3
1297586,Robby ,Nicholls,Robby 162@gmail.com,@Robby 16,MALE,KWAZULU NATAL,INDIAN_ASIAN,53,45-54,5
1457213,Jared ,Condie,Jared 505@mailxyz.com,@Jared 50,MALE,GAUTENG,BLACK,39,35-44,4
927827,Yong ,Martello,Yong 484@abcmail.com,@Yong 48,MALE,GAUTENG,INDIAN_ASIAN,28,25-34,3
1703706,Alissa ,Woolard,Alissa 164@abcmail.com,@Alissa 16,FEMALE,EASTERN CAPE,UNKNOWN,39,35-44,4
925838,Dee ,Pascarella,Dee 213@mail.com,@Dee 21,MALE,GAUTENG,INDIAN_ASIAN,36,35-44,4
917357,Stephen ,Reisinger,Stephen 152@gmail.com,@Stephen 15,MALE,GAUTENG,UNKNOWN,37,35-44,4
1681611,Felipa ,Mcculloch,Felipa 435@mailxyz.com,@Felipa 43,FEMALE,WESTERN CAPE,OTHER,28,25-34,3
928271,Eli ,Paradis,Eli 294@abcmail.com,@Eli 29,MALE,NORTH WEST,INDIAN_ASIAN,16,<18,1
1771036,Stephen ,Woolard,Stephen 154@abcmail.com,@Stephen 15,MALE,LIMPOPO,BLACK,37,35-44,4
1814657,Jared ,Wigfall,Jared 501@yahoo.com,@Jared 50,MALE,KWAZULU NATAL,UNKNOWN,34,25-34,3
1488599,Cody ,Zweifel,Cody 124@abcmail.com,@Cody 12,MALE,GAUTENG,WHITE,46,45-54,5
897976,Carter ,Martello,Carter 35@mailxyz.com,@Carter 3,MALE,LIMPOPO,INDIAN_ASIAN,34,25-34,3
795629,Stefan ,Arrieta,Stefan 465@mailxyz.com,@Stefan 46,MALE,NORTH WEST,BLACK,32,25-34,3
928622,Garry ,Zweifel,Garry 285@mailxyz.com,@Garry 28,MALE,GAUTENG,INDIAN_ASIAN,41,35-44,4
1024878,Yong ,Borelli,Yong 481@yahoo.com,@Yong 48,MALE,GAUTENG,BLACK,29,25-34,3
941625,Felipa ,Mcculloch,Felipa 233@mail.com,@Felipa 23,FEMALE,FREE STATE,UNKNOWN,38,35-44,4
1645816,Kyle ,Biggers,Kyle 64@abcmail.com,@Kyle 6,MALE,LIMPOPO,WHITE,28,25-34,3
925862,Bret ,Tancredi,Bret 314@abcmail.com,@Bret 31,MALE,LIMPOPO,INDIAN_ASIAN,40,35-44,4
2384970,Hyman ,Nicholls,Hyman 82@gmail.com,@Hyman 8,MALE,KWAZULU NATAL,COLOURED,39,35-44,4
